-- MySQL dump 10.13  Distrib 8.0.27, for Win64 (x86_64)
--
-- Host: localhost    Database: quanlithucan
-- ------------------------------------------------------
-- Server version	8.0.27

/*!40101 SET @OLD_CHARACTER_SET_CLIENT=@@CHARACTER_SET_CLIENT */;
/*!40101 SET @OLD_CHARACTER_SET_RESULTS=@@CHARACTER_SET_RESULTS */;
/*!40101 SET @OLD_COLLATION_CONNECTION=@@COLLATION_CONNECTION */;
/*!50503 SET NAMES utf8 */;
/*!40103 SET @OLD_TIME_ZONE=@@TIME_ZONE */;
/*!40103 SET TIME_ZONE='+00:00' */;
/*!40014 SET @OLD_UNIQUE_CHECKS=@@UNIQUE_CHECKS, UNIQUE_CHECKS=0 */;
/*!40014 SET @OLD_FOREIGN_KEY_CHECKS=@@FOREIGN_KEY_CHECKS, FOREIGN_KEY_CHECKS=0 */;
/*!40101 SET @OLD_SQL_MODE=@@SQL_MODE, SQL_MODE='NO_AUTO_VALUE_ON_ZERO' */;
/*!40111 SET @OLD_SQL_NOTES=@@SQL_NOTES, SQL_NOTES=0 */;

--
-- Table structure for table `auth_group`
--

DROP TABLE IF EXISTS `auth_group`;
/*!40101 SET @saved_cs_client     = @@character_set_client */;
/*!50503 SET character_set_client = utf8mb4 */;
CREATE TABLE `auth_group` (
  `id` int NOT NULL AUTO_INCREMENT,
  `name` varchar(150) COLLATE utf8mb4_unicode_520_ci NOT NULL,
  PRIMARY KEY (`id`),
  UNIQUE KEY `name` (`name`)
) ENGINE=InnoDB DEFAULT CHARSET=utf8mb4 COLLATE=utf8mb4_unicode_520_ci;
/*!40101 SET character_set_client = @saved_cs_client */;

--
-- Dumping data for table `auth_group`
--

LOCK TABLES `auth_group` WRITE;
/*!40000 ALTER TABLE `auth_group` DISABLE KEYS */;
/*!40000 ALTER TABLE `auth_group` ENABLE KEYS */;
UNLOCK TABLES;

--
-- Table structure for table `auth_group_permissions`
--

DROP TABLE IF EXISTS `auth_group_permissions`;
/*!40101 SET @saved_cs_client     = @@character_set_client */;
/*!50503 SET character_set_client = utf8mb4 */;
CREATE TABLE `auth_group_permissions` (
  `id` bigint NOT NULL AUTO_INCREMENT,
  `group_id` int NOT NULL,
  `permission_id` int NOT NULL,
  PRIMARY KEY (`id`),
  UNIQUE KEY `auth_group_permissions_group_id_permission_id_0cd325b0_uniq` (`group_id`,`permission_id`),
  KEY `auth_group_permissio_permission_id_84c5c92e_fk_auth_perm` (`permission_id`),
  CONSTRAINT `auth_group_permissio_permission_id_84c5c92e_fk_auth_perm` FOREIGN KEY (`permission_id`) REFERENCES `auth_permission` (`id`),
  CONSTRAINT `auth_group_permissions_group_id_b120cbf9_fk_auth_group_id` FOREIGN KEY (`group_id`) REFERENCES `auth_group` (`id`)
) ENGINE=InnoDB DEFAULT CHARSET=utf8mb4 COLLATE=utf8mb4_unicode_520_ci;
/*!40101 SET character_set_client = @saved_cs_client */;

--
-- Dumping data for table `auth_group_permissions`
--

LOCK TABLES `auth_group_permissions` WRITE;
/*!40000 ALTER TABLE `auth_group_permissions` DISABLE KEYS */;
/*!40000 ALTER TABLE `auth_group_permissions` ENABLE KEYS */;
UNLOCK TABLES;

--
-- Table structure for table `auth_permission`
--

DROP TABLE IF EXISTS `auth_permission`;
/*!40101 SET @saved_cs_client     = @@character_set_client */;
/*!50503 SET character_set_client = utf8mb4 */;
CREATE TABLE `auth_permission` (
  `id` int NOT NULL AUTO_INCREMENT,
  `name` varchar(255) COLLATE utf8mb4_unicode_520_ci NOT NULL,
  `content_type_id` int NOT NULL,
  `codename` varchar(100) COLLATE utf8mb4_unicode_520_ci NOT NULL,
  PRIMARY KEY (`id`),
  UNIQUE KEY `auth_permission_content_type_id_codename_01ab375a_uniq` (`content_type_id`,`codename`),
  CONSTRAINT `auth_permission_content_type_id_2f476e4b_fk_django_co` FOREIGN KEY (`content_type_id`) REFERENCES `django_content_type` (`id`)
) ENGINE=InnoDB AUTO_INCREMENT=129 DEFAULT CHARSET=utf8mb4 COLLATE=utf8mb4_unicode_520_ci;
/*!40101 SET character_set_client = @saved_cs_client */;

--
-- Dumping data for table `auth_permission`
--

LOCK TABLES `auth_permission` WRITE;
/*!40000 ALTER TABLE `auth_permission` DISABLE KEYS */;
INSERT INTO `auth_permission` VALUES (1,'Can add log entry',1,'add_logentry'),(2,'Can change log entry',1,'change_logentry'),(3,'Can delete log entry',1,'delete_logentry'),(4,'Can view log entry',1,'view_logentry'),(5,'Can add permission',2,'add_permission'),(6,'Can change permission',2,'change_permission'),(7,'Can delete permission',2,'delete_permission'),(8,'Can view permission',2,'view_permission'),(9,'Can add group',3,'add_group'),(10,'Can change group',3,'change_group'),(11,'Can delete group',3,'delete_group'),(12,'Can view group',3,'view_group'),(13,'Can add content type',4,'add_contenttype'),(14,'Can change content type',4,'change_contenttype'),(15,'Can delete content type',4,'delete_contenttype'),(16,'Can view content type',4,'view_contenttype'),(17,'Can add session',5,'add_session'),(18,'Can change session',5,'change_session'),(19,'Can delete session',5,'delete_session'),(20,'Can view session',5,'view_session'),(21,'Can add loai tai khoan',6,'add_loaitaikhoan'),(22,'Can change loai tai khoan',6,'change_loaitaikhoan'),(23,'Can delete loai tai khoan',6,'delete_loaitaikhoan'),(24,'Can view loai tai khoan',6,'view_loaitaikhoan'),(25,'Can add user',7,'add_user'),(26,'Can change user',7,'change_user'),(27,'Can delete user',7,'delete_user'),(28,'Can view user',7,'view_user'),(29,'Can add tai khoan',8,'add_taikhoan'),(30,'Can change tai khoan',8,'change_taikhoan'),(31,'Can delete tai khoan',8,'delete_taikhoan'),(32,'Can view tai khoan',8,'view_taikhoan'),(33,'Can add kiem duyet',9,'add_kiemduyet'),(34,'Can change kiem duyet',9,'change_kiemduyet'),(35,'Can delete kiem duyet',9,'delete_kiemduyet'),(36,'Can view kiem duyet',9,'view_kiemduyet'),(37,'Can add gio hang',10,'add_giohang'),(38,'Can change gio hang',10,'change_giohang'),(39,'Can delete gio hang',10,'delete_giohang'),(40,'Can view gio hang',10,'view_giohang'),(41,'Can add loai dia chi',11,'add_loaidiachi'),(42,'Can change loai dia chi',11,'change_loaidiachi'),(43,'Can delete loai dia chi',11,'delete_loaidiachi'),(44,'Can view loai dia chi',11,'view_loaidiachi'),(45,'Can add thong tin giao hang',12,'add_thongtingiaohang'),(46,'Can change thong tin giao hang',12,'change_thongtingiaohang'),(47,'Can delete thong tin giao hang',12,'delete_thongtingiaohang'),(48,'Can view thong tin giao hang',12,'view_thongtingiaohang'),(49,'Can add tim kiem',13,'add_timkiem'),(50,'Can change tim kiem',13,'change_timkiem'),(51,'Can delete tim kiem',13,'delete_timkiem'),(52,'Can view tim kiem',13,'view_timkiem'),(53,'Can add binh luan',14,'add_binhluan'),(54,'Can change binh luan',14,'change_binhluan'),(55,'Can delete binh luan',14,'delete_binhluan'),(56,'Can view binh luan',14,'view_binhluan'),(57,'Can add menu',15,'add_menu'),(58,'Can change menu',15,'change_menu'),(59,'Can delete menu',15,'delete_menu'),(60,'Can view menu',15,'view_menu'),(61,'Can add chi tiet hoa don',16,'add_chitiethoadon'),(62,'Can change chi tiet hoa don',16,'change_chitiethoadon'),(63,'Can delete chi tiet hoa don',16,'delete_chitiethoadon'),(64,'Can view chi tiet hoa don',16,'view_chitiethoadon'),(65,'Can add mon an',17,'add_monan'),(66,'Can change mon an',17,'change_monan'),(67,'Can delete mon an',17,'delete_monan'),(68,'Can view mon an',17,'view_monan'),(69,'Can add hoa don',18,'add_hoadon'),(70,'Can change hoa don',18,'change_hoadon'),(71,'Can delete hoa don',18,'delete_hoadon'),(72,'Can view hoa don',18,'view_hoadon'),(73,'Can add thoi gian ban',19,'add_thoigianban'),(74,'Can change thoi gian ban',19,'change_thoigianban'),(75,'Can delete thoi gian ban',19,'delete_thoigianban'),(76,'Can view thoi gian ban',19,'view_thoigianban'),(77,'Can add chi tiet menu',20,'add_chitietmenu'),(78,'Can change chi tiet menu',20,'change_chitietmenu'),(79,'Can delete chi tiet menu',20,'delete_chitietmenu'),(80,'Can view chi tiet menu',20,'view_chitietmenu'),(81,'Can add loai thuc an',21,'add_loaithucan'),(82,'Can change loai thuc an',21,'change_loaithucan'),(83,'Can delete loai thuc an',21,'delete_loaithucan'),(84,'Can view loai thuc an',21,'view_loaithucan'),(85,'Can add thoi diem',22,'add_thoidiem'),(86,'Can change thoi diem',22,'change_thoidiem'),(87,'Can delete thoi diem',22,'delete_thoidiem'),(88,'Can view thoi diem',22,'view_thoidiem'),(89,'Can add follow',23,'add_follow'),(90,'Can change follow',23,'change_follow'),(91,'Can delete follow',23,'delete_follow'),(92,'Can view follow',23,'view_follow'),(93,'Can add danh gia',24,'add_danhgia'),(94,'Can change danh gia',24,'change_danhgia'),(95,'Can delete danh gia',24,'delete_danhgia'),(96,'Can view danh gia',24,'view_danhgia'),(97,'Can add application',25,'add_application'),(98,'Can change application',25,'change_application'),(99,'Can delete application',25,'delete_application'),(100,'Can view application',25,'view_application'),(101,'Can add access token',26,'add_accesstoken'),(102,'Can change access token',26,'change_accesstoken'),(103,'Can delete access token',26,'delete_accesstoken'),(104,'Can view access token',26,'view_accesstoken'),(105,'Can add grant',27,'add_grant'),(106,'Can change grant',27,'change_grant'),(107,'Can delete grant',27,'delete_grant'),(108,'Can view grant',27,'view_grant'),(109,'Can add refresh token',28,'add_refreshtoken'),(110,'Can change refresh token',28,'change_refreshtoken'),(111,'Can delete refresh token',28,'delete_refreshtoken'),(112,'Can view refresh token',28,'view_refreshtoken'),(113,'Can add id token',29,'add_idtoken'),(114,'Can change id token',29,'change_idtoken'),(115,'Can delete id token',29,'delete_idtoken'),(116,'Can view id token',29,'view_idtoken'),(117,'Can add voucher',30,'add_voucher'),(118,'Can change voucher',30,'change_voucher'),(119,'Can delete voucher',30,'delete_voucher'),(120,'Can view voucher',30,'view_voucher'),(121,'Can add payment_vn pay',31,'add_payment_vnpay'),(122,'Can change payment_vn pay',31,'change_payment_vnpay'),(123,'Can delete payment_vn pay',31,'delete_payment_vnpay'),(124,'Can view payment_vn pay',31,'view_payment_vnpay'),(125,'Can add chi tiet hoa don vn pay',32,'add_chitiethoadonvnpay'),(126,'Can change chi tiet hoa don vn pay',32,'change_chitiethoadonvnpay'),(127,'Can delete chi tiet hoa don vn pay',32,'delete_chitiethoadonvnpay'),(128,'Can view chi tiet hoa don vn pay',32,'view_chitiethoadonvnpay');
/*!40000 ALTER TABLE `auth_permission` ENABLE KEYS */;
UNLOCK TABLES;

--
-- Table structure for table `django_admin_log`
--

DROP TABLE IF EXISTS `django_admin_log`;
/*!40101 SET @saved_cs_client     = @@character_set_client */;
/*!50503 SET character_set_client = utf8mb4 */;
CREATE TABLE `django_admin_log` (
  `id` int NOT NULL AUTO_INCREMENT,
  `action_time` datetime(6) NOT NULL,
  `object_id` longtext COLLATE utf8mb4_unicode_520_ci,
  `object_repr` varchar(200) COLLATE utf8mb4_unicode_520_ci NOT NULL,
  `action_flag` smallint unsigned NOT NULL,
  `change_message` longtext COLLATE utf8mb4_unicode_520_ci NOT NULL,
  `content_type_id` int DEFAULT NULL,
  `user_id` bigint NOT NULL,
  PRIMARY KEY (`id`),
  KEY `django_admin_log_content_type_id_c4bce8eb_fk_django_co` (`content_type_id`),
  KEY `taikhoan_idx` (`user_id`),
  CONSTRAINT `django_admin_log_content_type_id_c4bce8eb_fk_django_co` FOREIGN KEY (`content_type_id`) REFERENCES `django_content_type` (`id`),
  CONSTRAINT `taikhoan` FOREIGN KEY (`user_id`) REFERENCES `mealmaster_taikhoan` (`id`),
  CONSTRAINT `django_admin_log_chk_1` CHECK ((`action_flag` >= 0))
) ENGINE=InnoDB AUTO_INCREMENT=47 DEFAULT CHARSET=utf8mb4 COLLATE=utf8mb4_unicode_520_ci;
/*!40101 SET character_set_client = @saved_cs_client */;

--
-- Dumping data for table `django_admin_log`
--

LOCK TABLES `django_admin_log` WRITE;
/*!40000 ALTER TABLE `django_admin_log` DISABLE KEYS */;
INSERT INTO `django_admin_log` VALUES (1,'2023-12-13 08:51:10.060391','1','KhachHang',1,'[{\"added\": {}}]',6,1),(2,'2023-12-13 08:51:24.851014','2','CuaHang',1,'[{\"added\": {}}]',6,1),(3,'2023-12-13 08:51:28.442891','3','Admin',1,'[{\"added\": {}}]',6,1),(4,'2023-12-13 08:51:35.018804','1','DangCho',1,'[{\"added\": {}}]',9,1),(5,'2023-12-13 08:51:38.299227','2','DuocDuyet',1,'[{\"added\": {}}]',9,1),(6,'2023-12-13 08:51:41.682010','3','TuChoi',1,'[{\"added\": {}}]',9,1),(7,'2023-12-13 08:52:28.598163','1','Cơm',1,'[{\"added\": {}}]',21,1),(8,'2023-12-13 08:52:32.786801','1','Cơm',2,'[]',21,1),(9,'2023-12-13 08:52:44.255505','2','Bún',1,'[{\"added\": {}}]',21,1),(10,'2023-12-13 08:52:48.780079','3','Nước',1,'[{\"added\": {}}]',21,1),(11,'2023-12-13 08:52:52.513350','4','Cháo',1,'[{\"added\": {}}]',21,1),(12,'2023-12-13 08:52:59.544101','5','Ăn vặt',1,'[{\"added\": {}}]',21,1),(13,'2023-12-13 08:57:35.832117','3','GioHang object (3)',1,'[{\"added\": {}}]',10,1),(14,'2023-12-13 08:58:19.526104','1','Thai Tan Phat',1,'[{\"added\": {}}]',8,1),(15,'2023-12-13 08:58:57.354572','2','Nguyen Thanh Thuyen',1,'[{\"added\": {}}]',8,1),(16,'2023-12-14 03:05:54.781399','1','Cơm Tấm',1,'[{\"added\": {}}]',17,1),(17,'2023-12-14 03:06:07.863372','1','Mon ngon',1,'[{\"added\": {}}]',15,1),(18,'2023-12-14 03:10:00.476669','3','ChiTietMenu object (3)',1,'[{\"added\": {}}]',20,1),(19,'2023-12-14 03:10:41.002972','2','Trà Thái Xanh',1,'[{\"added\": {}}]',17,1),(20,'2023-12-14 03:11:10.001489','4','ChiTietMenu object (4)',1,'[{\"added\": {}}]',20,1),(21,'2023-12-14 03:20:48.330612','2','Đặc biệt',1,'[{\"added\": {}}]',15,1),(22,'2023-12-14 03:21:21.201429','3','Mì ốc hến',1,'[{\"added\": {}}]',17,1),(23,'2023-12-14 03:21:48.371481','4','Bún bò',1,'[{\"added\": {}}]',17,1),(24,'2023-12-14 03:22:13.958471','5','ChiTietMenu object (5)',1,'[{\"added\": {}}]',20,1),(25,'2023-12-14 03:22:23.988571','6','ChiTietMenu object (6)',1,'[{\"added\": {}}]',20,1),(26,'2023-12-14 03:26:49.656050','7','ChiTietMenu object (7)',1,'[{\"added\": {}}]',20,1),(32,'2023-12-27 03:30:06.077000','16','hg',1,'[{\"added\": {}}]',8,9),(33,'2023-12-29 07:39:34.927564','1','Buổi Sáng',1,'[{\"added\": {}}]',22,9),(34,'2023-12-29 07:40:04.325895','2','Buổi Trưa',1,'[{\"added\": {}}]',22,9),(35,'2023-12-29 07:41:25.687215','3','Buổi Tối',1,'[{\"added\": {}}]',22,9),(36,'2023-12-29 07:50:03.703034','1','Nhà ở',1,'[{\"added\": {}}]',11,9),(37,'2023-12-29 07:50:10.585065','2','Chung cư',1,'[{\"added\": {}}]',11,9),(38,'2023-12-29 07:50:16.445427','3','Văn Phòng',1,'[{\"added\": {}}]',11,9),(39,'2023-12-29 07:50:20.443849','2','Chung Cu',2,'[{\"changed\": {\"fields\": [\"Ten loai dia chi\"]}}]',11,9),(40,'2023-12-29 07:50:26.442182','2','Chung cư',2,'[{\"changed\": {\"fields\": [\"Ten loai dia chi\"]}}]',11,9),(41,'2023-12-29 07:50:30.664519','3','Văn phòng',2,'[{\"changed\": {\"fields\": [\"Ten loai dia chi\"]}}]',11,9),(42,'2024-01-16 06:48:47.336689','1','Buổi Sáng',2,'[]',22,23),(43,'2024-01-24 04:59:57.220796','1','TanPhat',2,'[{\"changed\": {\"fields\": [\"Dia chi\"]}}]',8,23),(44,'2024-01-24 05:00:15.724742','10','ThiThanh',2,'[{\"changed\": {\"fields\": [\"Dia chi\"]}}]',8,23),(45,'2024-01-24 05:00:58.232216','9','ngocyen',2,'[{\"changed\": {\"fields\": [\"First name\", \"Last name\", \"Email\", \"Dia chi\", \"Sdt\"]}}]',8,23),(46,'2024-02-28 20:19:05.614398','48','hg',1,'[{\"added\": {}}]',8,23);
/*!40000 ALTER TABLE `django_admin_log` ENABLE KEYS */;
UNLOCK TABLES;

--
-- Table structure for table `django_content_type`
--

DROP TABLE IF EXISTS `django_content_type`;
/*!40101 SET @saved_cs_client     = @@character_set_client */;
/*!50503 SET character_set_client = utf8mb4 */;
CREATE TABLE `django_content_type` (
  `id` int NOT NULL AUTO_INCREMENT,
  `app_label` varchar(100) COLLATE utf8mb4_unicode_520_ci NOT NULL,
  `model` varchar(100) COLLATE utf8mb4_unicode_520_ci NOT NULL,
  PRIMARY KEY (`id`),
  UNIQUE KEY `django_content_type_app_label_model_76bd3d3b_uniq` (`app_label`,`model`)
) ENGINE=InnoDB AUTO_INCREMENT=33 DEFAULT CHARSET=utf8mb4 COLLATE=utf8mb4_unicode_520_ci;
/*!40101 SET character_set_client = @saved_cs_client */;

--
-- Dumping data for table `django_content_type`
--

LOCK TABLES `django_content_type` WRITE;
/*!40000 ALTER TABLE `django_content_type` DISABLE KEYS */;
INSERT INTO `django_content_type` VALUES (1,'admin','logentry'),(3,'auth','group'),(2,'auth','permission'),(4,'contenttypes','contenttype'),(14,'mealmaster','binhluan'),(16,'mealmaster','chitiethoadon'),(32,'mealmaster','chitiethoadonvnpay'),(20,'mealmaster','chitietmenu'),(24,'mealmaster','danhgia'),(23,'mealmaster','follow'),(10,'mealmaster','giohang'),(18,'mealmaster','hoadon'),(9,'mealmaster','kiemduyet'),(11,'mealmaster','loaidiachi'),(6,'mealmaster','loaitaikhoan'),(21,'mealmaster','loaithucan'),(15,'mealmaster','menu'),(17,'mealmaster','monan'),(31,'mealmaster','payment_vnpay'),(8,'mealmaster','taikhoan'),(22,'mealmaster','thoidiem'),(19,'mealmaster','thoigianban'),(12,'mealmaster','thongtingiaohang'),(13,'mealmaster','timkiem'),(7,'mealmaster','user'),(30,'mealmaster','voucher'),(26,'oauth2_provider','accesstoken'),(25,'oauth2_provider','application'),(27,'oauth2_provider','grant'),(29,'oauth2_provider','idtoken'),(28,'oauth2_provider','refreshtoken'),(5,'sessions','session');
/*!40000 ALTER TABLE `django_content_type` ENABLE KEYS */;
UNLOCK TABLES;

--
-- Table structure for table `django_migrations`
--

DROP TABLE IF EXISTS `django_migrations`;
/*!40101 SET @saved_cs_client     = @@character_set_client */;
/*!50503 SET character_set_client = utf8mb4 */;
CREATE TABLE `django_migrations` (
  `id` bigint NOT NULL AUTO_INCREMENT,
  `app` varchar(255) COLLATE utf8mb4_unicode_520_ci NOT NULL,
  `name` varchar(255) COLLATE utf8mb4_unicode_520_ci NOT NULL,
  `applied` datetime(6) NOT NULL,
  PRIMARY KEY (`id`)
) ENGINE=InnoDB AUTO_INCREMENT=71 DEFAULT CHARSET=utf8mb4 COLLATE=utf8mb4_unicode_520_ci;
/*!40101 SET character_set_client = @saved_cs_client */;

--
-- Dumping data for table `django_migrations`
--

LOCK TABLES `django_migrations` WRITE;
/*!40000 ALTER TABLE `django_migrations` DISABLE KEYS */;
INSERT INTO `django_migrations` VALUES (1,'contenttypes','0001_initial','2023-12-13 07:05:52.646433'),(2,'contenttypes','0002_remove_content_type_name','2023-12-13 07:05:52.767727'),(3,'auth','0001_initial','2023-12-13 07:05:53.068331'),(4,'auth','0002_alter_permission_name_max_length','2023-12-13 07:05:53.145809'),(5,'auth','0003_alter_user_email_max_length','2023-12-13 07:05:53.151309'),(6,'auth','0004_alter_user_username_opts','2023-12-13 07:05:53.157536'),(7,'auth','0005_alter_user_last_login_null','2023-12-13 07:05:53.162597'),(8,'auth','0006_require_contenttypes_0002','2023-12-13 07:05:53.165594'),(9,'auth','0007_alter_validators_add_error_messages','2023-12-13 07:05:53.171619'),(10,'auth','0008_alter_user_username_max_length','2023-12-13 07:05:53.177767'),(11,'auth','0009_alter_user_last_name_max_length','2023-12-13 07:05:53.185501'),(12,'auth','0010_alter_group_name_max_length','2023-12-13 07:05:53.212576'),(13,'auth','0011_update_proxy_permissions','2023-12-13 07:05:53.230521'),(14,'auth','0012_alter_user_first_name_max_length','2023-12-13 07:05:53.236402'),(15,'mealmaster','0001_initial','2023-12-13 07:05:53.848289'),(16,'admin','0001_initial','2023-12-13 07:05:54.019029'),(17,'admin','0002_logentry_remove_auto_add','2023-12-13 07:05:54.026546'),(18,'admin','0003_logentry_add_action_flag_choices','2023-12-13 07:05:54.034546'),(19,'sessions','0001_initial','2023-12-13 07:05:54.074734'),(20,'mealmaster','0002_giohang_kiemduyet_taikhoan','2023-12-13 07:17:56.274133'),(21,'mealmaster','0003_loaidiachi_thongtingiaohang_timkiem','2023-12-13 07:23:18.692399'),(22,'mealmaster','0004_binhluan','2023-12-13 07:30:34.987305'),(23,'mealmaster','0005_menu','2023-12-13 07:32:40.246996'),(24,'mealmaster','0006_loaithucan_thoidiem_hoadon_chitiethoadon_monan_and_more','2023-12-13 08:05:16.562687'),(25,'mealmaster','0007_follow','2023-12-13 08:10:02.753698'),(26,'mealmaster','0008_danhgia','2023-12-13 08:21:24.969653'),(27,'mealmaster','0009_chitietmenu_so_luong','2023-12-14 03:08:45.798851'),(28,'mealmaster','0010_menu_trang_thai','2023-12-14 07:51:32.043537'),(29,'mealmaster','0011_taikhoan_trang_thai','2023-12-14 08:25:20.275663'),(30,'mealmaster','0012_taikhoan_thoi_gian_dong_cua_and_more','2023-12-15 07:40:32.341922'),(31,'mealmaster','0013_alter_taikhoan_password','2023-12-15 07:57:58.111603'),(32,'mealmaster','0014_alter_taikhoan_kinh_do_alter_taikhoan_vi_do','2023-12-15 08:01:40.986049'),(33,'mealmaster','0015_alter_taikhoan_gio_hang','2023-12-15 08:07:51.238668'),(34,'oauth2_provider','0001_initial','2023-12-15 09:37:21.053949'),(35,'oauth2_provider','0002_auto_20190406_1805','2023-12-15 09:37:21.199815'),(36,'oauth2_provider','0003_auto_20201211_1314','2023-12-15 09:37:21.320164'),(37,'oauth2_provider','0004_auto_20200902_2022','2023-12-15 09:37:22.035475'),(38,'oauth2_provider','0005_auto_20211222_2352','2023-12-15 09:37:22.109692'),(39,'oauth2_provider','0006_alter_application_client_secret','2023-12-15 09:37:22.210520'),(41,'mealmaster','0002_remove_taikhoan_trang_thai','2023-12-25 07:25:08.080493'),(42,'mealmaster','0003_alter_taikhoan_ngay_sinh','2023-12-25 07:28:19.635693'),(43,'mealmaster','0004_alter_taikhoan_avatar_alter_taikhoan_email_and_more','2023-12-25 07:29:31.169943'),(44,'oauth2_provider','0007_application_post_logout_redirect_uris','2023-12-27 09:13:22.161019'),(45,'mealmaster','0002_loaithucan_noi_dung','2023-12-28 04:20:07.474609'),(46,'mealmaster','0002_loaithucan_noi_dung_menu_nguoi_dung','2023-12-29 03:28:47.851107'),(47,'mealmaster','0002_remove_binhluan_hinh_anh_binhluan_img_and_more','2023-12-29 03:34:26.190356'),(48,'mealmaster','0002_voucher','2024-01-16 03:17:41.832845'),(49,'mealmaster','0003_binhluan_mon_an_binh_luan','2024-01-16 03:21:04.049913'),(50,'mealmaster','0004_alter_thoidiem_thoi_gian_bat_dau_and_more','2024-01-16 06:47:53.285853'),(51,'mealmaster','0005_thoigianban_menu','2024-01-16 07:01:20.253625'),(52,'mealmaster','0006_alter_thoigianban_menu','2024-01-16 07:02:04.186444'),(53,'mealmaster','0007_alter_thoigianban_mon_an','2024-01-16 07:03:51.971159'),(54,'mealmaster','0008_alter_monan_gia_mon_an_alter_monan_hinh_anh_and_more','2024-01-16 08:42:09.603916'),(55,'mealmaster','0009_alter_taikhoan_avatar','2024-01-17 08:27:57.447140'),(56,'mealmaster','0010_alter_monan_hinh_anh','2024-01-17 09:57:35.576408'),(57,'mealmaster','0011_menu_hinh_anh','2024-01-23 08:58:29.626287'),(58,'mealmaster','0012_alter_menu_trang_thai','2024-01-23 09:38:18.576319'),(59,'mealmaster','0013_taikhoan_dia_chi','2024-01-24 04:56:02.322182'),(60,'mealmaster','0014_loaithucan_hinh_anh','2024-01-26 20:17:04.563929'),(61,'mealmaster','0015_chitiethoadon_so_luong','2024-01-30 13:11:36.126313'),(62,'mealmaster','0016_payment_vnpay','2024-02-22 14:23:01.691098'),(63,'mealmaster','0017_alter_payment_vnpay_order_id','2024-02-22 14:40:27.724759'),(64,'mealmaster','0018_payment_vnpay_khach_hang_payment_vnpay_mon_an','2024-02-23 08:56:42.395324'),(65,'mealmaster','0019_payment_vnpay_cartitemids','2024-02-26 16:53:51.892201'),(66,'mealmaster','0020_remove_payment_vnpay_mon_an','2024-02-26 17:21:13.635243'),(67,'mealmaster','0021_chitiethoadonvnpay_payment_vnpay_mon_an','2024-02-26 17:25:21.950884'),(68,'mealmaster','0022_payment_vnpay_ngay_thanh_toan','2024-02-28 15:45:27.427251'),(69,'mealmaster','0023_remove_payment_vnpay_ngay_thanh_toan','2024-02-28 16:47:41.816460'),(70,'mealmaster','0024_chitiethoadonvnpay_menu_payment_vnpay_menu_and_more','2024-02-28 17:11:14.541521');
/*!40000 ALTER TABLE `django_migrations` ENABLE KEYS */;
UNLOCK TABLES;

--
-- Table structure for table `django_session`
--

DROP TABLE IF EXISTS `django_session`;
/*!40101 SET @saved_cs_client     = @@character_set_client */;
/*!50503 SET character_set_client = utf8mb4 */;
CREATE TABLE `django_session` (
  `session_key` varchar(40) COLLATE utf8mb4_unicode_520_ci NOT NULL,
  `session_data` longtext COLLATE utf8mb4_unicode_520_ci NOT NULL,
  `expire_date` datetime(6) NOT NULL,
  PRIMARY KEY (`session_key`),
  KEY `django_session_expire_date_a5c62663` (`expire_date`)
) ENGINE=InnoDB DEFAULT CHARSET=utf8mb4 COLLATE=utf8mb4_unicode_520_ci;
/*!40101 SET character_set_client = @saved_cs_client */;

--
-- Dumping data for table `django_session`
--

LOCK TABLES `django_session` WRITE;
/*!40000 ALTER TABLE `django_session` DISABLE KEYS */;
INSERT INTO `django_session` VALUES ('b58q9j2ogn7o79fag7mpjnrtrb4s8706','.eJxVjDkOwjAUBe_iGlnCW2xKes5gff8FB5AjxUkVcXeIlALaNzNvUxnWpea185xHUhdlrDr9jgXwyW0n9IB2nzRObZnHondFH7Tr20T8uh7u30GFXr91Ghw58lwE2PpoxJmzcBxcSom8oYRoJZAEYCgYvbCTEAMGjiQASb0_KqM5iw:1rfPCY:-hcBz9GBBWTffTKy82qj90rtEs1DiQOttmB6QsmKzLg','2024-03-13 19:02:46.138750'),('gda27ld22kbkbcusj67qv99leiykk18o','eyJ1c2VySWQiOjgsImNhcnRJdGVtSWRzIjoiMzAifQ:1rfN9n:BIP2yc4cL4wpFANGffHCFvXVQmdDOc1yIqUiCq99T-I','2024-03-13 16:51:47.930829'),('hpwy2bxuqdytm5xcptife9x9tl4kwbpw','.eJxVjDkOwjAUBe_iGlnCW2xKes5gff8FB5AjxUkVcXeIlALaNzNvUxnWpea185xHUhdlrDr9jgXwyW0n9IB2nzRObZnHondFH7Tr20T8uh7u30GFXr91Ghw58lwE2PpoxJmzcBxcSom8oYRoJZAEYCgYvbCTEAMGjiQASb0_KqM5iw:1rSVLx:y3QqfdOb-4FZ9mKMDjni5wwyxh5gf1593DPjaoo-b9o','2024-02-07 04:59:09.472807'),('p0bfb47xql9p46nxar2a32mg4c55jxv7','eyJ1c2VySWQiOjh9:1reBOA:MDDL4h68eqUuts4l_t3HOxnVCtGu6BPXuDQWHGTuZPk','2024-03-10 10:05:42.033243'),('pajz2eab8w7l8wff8bf0y4n41xdi8ajf','.eJxVjDkOwjAUBe_iGlnCW2xKes5gff8FB5AjxUkVcXeIlALaNzNvUxnWpea185xHUhdlrDr9jgXwyW0n9IB2nzRObZnHondFH7Tr20T8uh7u30GFXr91Ghw58lwE2PpoxJmzcBxcSom8oYRoJZAEYCgYvbCTEAMGjiQASb0_KqM5iw:1rMkSD:0hv3RltvVxeNdsE0RQCm5LAeQxO0mQN3TZjy1z5Kwzg','2024-01-22 07:53:49.772687'),('ud6ipyozlczqtu9icmvkyj40iqo7o1ni','eyJ1c2VySWQiOjgsImNhcnRJdGVtSWRzIjoiMzAsMiJ9:1rfNhV:5INH0sMY2UHBQcpnBlaMyAIuthph9U6riT3DYX4LIbQ','2024-03-13 17:26:37.260944');
/*!40000 ALTER TABLE `django_session` ENABLE KEYS */;
UNLOCK TABLES;

--
-- Table structure for table `mealmaster_binhluan`
--

DROP TABLE IF EXISTS `mealmaster_binhluan`;
/*!40101 SET @saved_cs_client     = @@character_set_client */;
/*!50503 SET character_set_client = utf8mb4 */;
CREATE TABLE `mealmaster_binhluan` (
  `id` bigint NOT NULL AUTO_INCREMENT,
  `noi_dung` varchar(50) COLLATE utf8mb4_unicode_520_ci NOT NULL,
  `binh_luan_cha_id` bigint DEFAULT NULL,
  `nguoi_dung_id` bigint NOT NULL,
  `Img` varchar(100) COLLATE utf8mb4_unicode_520_ci DEFAULT NULL,
  `mon_an_binh_luan_id` bigint DEFAULT NULL,
  PRIMARY KEY (`id`),
  KEY `mealmaster_binhluan_binh_luan_cha_id_e2cb4f84_fk_mealmaste` (`binh_luan_cha_id`),
  KEY `mealmaster_binhluan_nguoi_dung_id_12b84146_fk_mealmaste` (`nguoi_dung_id`),
  KEY `mealmaster_binhluan_mon_an_binh_luan_id_f2534e92_fk_mealmaste` (`mon_an_binh_luan_id`),
  CONSTRAINT `mealmaster_binhluan_binh_luan_cha_id_e2cb4f84_fk_mealmaste` FOREIGN KEY (`binh_luan_cha_id`) REFERENCES `mealmaster_binhluan` (`id`),
  CONSTRAINT `mealmaster_binhluan_mon_an_binh_luan_id_f2534e92_fk_mealmaste` FOREIGN KEY (`mon_an_binh_luan_id`) REFERENCES `mealmaster_monan` (`id`),
  CONSTRAINT `mealmaster_binhluan_nguoi_dung_id_12b84146_fk_mealmaste` FOREIGN KEY (`nguoi_dung_id`) REFERENCES `mealmaster_taikhoan` (`id`)
) ENGINE=InnoDB AUTO_INCREMENT=19 DEFAULT CHARSET=utf8mb4 COLLATE=utf8mb4_unicode_520_ci;
/*!40101 SET character_set_client = @saved_cs_client */;

--
-- Dumping data for table `mealmaster_binhluan`
--

LOCK TABLES `mealmaster_binhluan` WRITE;
/*!40000 ALTER TABLE `mealmaster_binhluan` DISABLE KEYS */;
INSERT INTO `mealmaster_binhluan` VALUES (4,'Xuất sắc',NULL,8,'',2),(5,'Good',NULL,8,'',2),(6,'Tuyệt vời',NULL,8,'',2),(7,'ngonnnnn',NULL,8,'',2),(18,'Hơi ngọt',NULL,8,'',2);
/*!40000 ALTER TABLE `mealmaster_binhluan` ENABLE KEYS */;
UNLOCK TABLES;

--
-- Table structure for table `mealmaster_chitiethoadon`
--

DROP TABLE IF EXISTS `mealmaster_chitiethoadon`;
/*!40101 SET @saved_cs_client     = @@character_set_client */;
/*!50503 SET character_set_client = utf8mb4 */;
CREATE TABLE `mealmaster_chitiethoadon` (
  `id` bigint NOT NULL AUTO_INCREMENT,
  `hoa_don_id` bigint NOT NULL,
  `mon_an_id` bigint NOT NULL,
  `so_luong` int DEFAULT NULL,
  PRIMARY KEY (`id`),
  KEY `mealmaster_chitietho_mon_an_id_46c1a042_fk_mealmaste` (`mon_an_id`),
  KEY `mealmaster_chitietho_hoa_don_id_3a206c21_fk_mealmaste` (`hoa_don_id`),
  CONSTRAINT `mealmaster_chitietho_hoa_don_id_3a206c21_fk_mealmaste` FOREIGN KEY (`hoa_don_id`) REFERENCES `mealmaster_hoadon` (`id`),
  CONSTRAINT `mealmaster_chitietho_mon_an_id_46c1a042_fk_mealmaste` FOREIGN KEY (`mon_an_id`) REFERENCES `mealmaster_monan` (`id`)
) ENGINE=InnoDB DEFAULT CHARSET=utf8mb4 COLLATE=utf8mb4_unicode_520_ci;
/*!40101 SET character_set_client = @saved_cs_client */;

--
-- Dumping data for table `mealmaster_chitiethoadon`
--

LOCK TABLES `mealmaster_chitiethoadon` WRITE;
/*!40000 ALTER TABLE `mealmaster_chitiethoadon` DISABLE KEYS */;
/*!40000 ALTER TABLE `mealmaster_chitiethoadon` ENABLE KEYS */;
UNLOCK TABLES;

--
-- Table structure for table `mealmaster_chitiethoadonvnpay`
--

DROP TABLE IF EXISTS `mealmaster_chitiethoadonvnpay`;
/*!40101 SET @saved_cs_client     = @@character_set_client */;
/*!50503 SET character_set_client = utf8mb4 */;
CREATE TABLE `mealmaster_chitiethoadonvnpay` (
  `id` bigint NOT NULL AUTO_INCREMENT,
  `hoa_don_id` bigint NOT NULL,
  `mon_an_id` bigint DEFAULT NULL,
  `menu_id` bigint DEFAULT NULL,
  PRIMARY KEY (`id`),
  KEY `mealmaster_chitietho_hoa_don_id_2b7e14be_fk_mealmaste` (`hoa_don_id`),
  KEY `mealmaster_chitietho_menu_id_bfd44738_fk_mealmaste` (`menu_id`),
  KEY `mealmaster_chitietho_mon_an_id_a3761979_fk_mealmaste` (`mon_an_id`),
  CONSTRAINT `mealmaster_chitietho_hoa_don_id_2b7e14be_fk_mealmaste` FOREIGN KEY (`hoa_don_id`) REFERENCES `mealmaster_payment_vnpay` (`id`),
  CONSTRAINT `mealmaster_chitietho_menu_id_bfd44738_fk_mealmaste` FOREIGN KEY (`menu_id`) REFERENCES `mealmaster_menu` (`id`),
  CONSTRAINT `mealmaster_chitietho_mon_an_id_a3761979_fk_mealmaste` FOREIGN KEY (`mon_an_id`) REFERENCES `mealmaster_monan` (`id`)
) ENGINE=InnoDB AUTO_INCREMENT=9 DEFAULT CHARSET=utf8mb4 COLLATE=utf8mb4_unicode_520_ci;
/*!40101 SET character_set_client = @saved_cs_client */;

--
-- Dumping data for table `mealmaster_chitiethoadonvnpay`
--

LOCK TABLES `mealmaster_chitiethoadonvnpay` WRITE;
/*!40000 ALTER TABLE `mealmaster_chitiethoadonvnpay` DISABLE KEYS */;
/*!40000 ALTER TABLE `mealmaster_chitiethoadonvnpay` ENABLE KEYS */;
UNLOCK TABLES;

--
-- Table structure for table `mealmaster_chitietmenu`
--

DROP TABLE IF EXISTS `mealmaster_chitietmenu`;
/*!40101 SET @saved_cs_client     = @@character_set_client */;
/*!50503 SET character_set_client = utf8mb4 */;
CREATE TABLE `mealmaster_chitietmenu` (
  `id` bigint NOT NULL AUTO_INCREMENT,
  `menu_id` bigint NOT NULL,
  `mon_an_id` bigint NOT NULL,
  `so_luong` int NOT NULL,
  PRIMARY KEY (`id`),
  KEY `mealmaster_chitietmenu_menu_id_bdab87a8_fk_mealmaster_menu_id` (`menu_id`),
  KEY `mealmaster_chitietmenu_mon_an_id_15d25c2f_fk_mealmaster_monan_id` (`mon_an_id`),
  CONSTRAINT `mealmaster_chitietmenu_menu_id_bdab87a8_fk_mealmaster_menu_id` FOREIGN KEY (`menu_id`) REFERENCES `mealmaster_menu` (`id`),
  CONSTRAINT `mealmaster_chitietmenu_mon_an_id_15d25c2f_fk_mealmaster_monan_id` FOREIGN KEY (`mon_an_id`) REFERENCES `mealmaster_monan` (`id`)
) ENGINE=InnoDB AUTO_INCREMENT=43 DEFAULT CHARSET=utf8mb4 COLLATE=utf8mb4_unicode_520_ci;
/*!40101 SET character_set_client = @saved_cs_client */;

--
-- Dumping data for table `mealmaster_chitietmenu`
--

LOCK TABLES `mealmaster_chitietmenu` WRITE;
/*!40000 ALTER TABLE `mealmaster_chitietmenu` DISABLE KEYS */;
INSERT INTO `mealmaster_chitietmenu` VALUES (41,40,14,5),(42,40,12,10);
/*!40000 ALTER TABLE `mealmaster_chitietmenu` ENABLE KEYS */;
UNLOCK TABLES;

--
-- Table structure for table `mealmaster_danhgia`
--

DROP TABLE IF EXISTS `mealmaster_danhgia`;
/*!40101 SET @saved_cs_client     = @@character_set_client */;
/*!50503 SET character_set_client = utf8mb4 */;
CREATE TABLE `mealmaster_danhgia` (
  `id` bigint NOT NULL AUTO_INCREMENT,
  `diem_so` int NOT NULL,
  `cua_hang_id` bigint DEFAULT NULL,
  `mon_an_id` bigint DEFAULT NULL,
  `nguoi_dung_id` bigint NOT NULL,
  PRIMARY KEY (`id`),
  KEY `mealmaster_danhgia_cua_hang_id_b3d17c93_fk_mealmaste` (`cua_hang_id`),
  KEY `mealmaster_danhgia_mon_an_id_f289b8b4_fk_mealmaster_monan_id` (`mon_an_id`),
  KEY `mealmaster_danhgia_nguoi_dung_id_a8d81251_fk_mealmaste` (`nguoi_dung_id`),
  CONSTRAINT `mealmaster_danhgia_cua_hang_id_b3d17c93_fk_mealmaste` FOREIGN KEY (`cua_hang_id`) REFERENCES `mealmaster_taikhoan` (`id`),
  CONSTRAINT `mealmaster_danhgia_mon_an_id_f289b8b4_fk_mealmaster_monan_id` FOREIGN KEY (`mon_an_id`) REFERENCES `mealmaster_monan` (`id`),
  CONSTRAINT `mealmaster_danhgia_nguoi_dung_id_a8d81251_fk_mealmaste` FOREIGN KEY (`nguoi_dung_id`) REFERENCES `mealmaster_taikhoan` (`id`)
) ENGINE=InnoDB AUTO_INCREMENT=2 DEFAULT CHARSET=utf8mb4 COLLATE=utf8mb4_unicode_520_ci;
/*!40101 SET character_set_client = @saved_cs_client */;

--
-- Dumping data for table `mealmaster_danhgia`
--

LOCK TABLES `mealmaster_danhgia` WRITE;
/*!40000 ALTER TABLE `mealmaster_danhgia` DISABLE KEYS */;
INSERT INTO `mealmaster_danhgia` VALUES (1,5,1,NULL,8);
/*!40000 ALTER TABLE `mealmaster_danhgia` ENABLE KEYS */;
UNLOCK TABLES;

--
-- Table structure for table `mealmaster_follow`
--

DROP TABLE IF EXISTS `mealmaster_follow`;
/*!40101 SET @saved_cs_client     = @@character_set_client */;
/*!50503 SET character_set_client = utf8mb4 */;
CREATE TABLE `mealmaster_follow` (
  `id` bigint NOT NULL AUTO_INCREMENT,
  `cua_hang_id` bigint NOT NULL,
  `nguoi_dung_id` bigint NOT NULL,
  PRIMARY KEY (`id`),
  KEY `mealmaster_follow_cua_hang_id_47f74b13_fk_mealmaster_taikhoan_id` (`cua_hang_id`),
  KEY `mealmaster_follow_nguoi_dung_id_03fd9792_fk_mealmaste` (`nguoi_dung_id`),
  CONSTRAINT `mealmaster_follow_cua_hang_id_47f74b13_fk_mealmaster_taikhoan_id` FOREIGN KEY (`cua_hang_id`) REFERENCES `mealmaster_taikhoan` (`id`),
  CONSTRAINT `mealmaster_follow_nguoi_dung_id_03fd9792_fk_mealmaste` FOREIGN KEY (`nguoi_dung_id`) REFERENCES `mealmaster_taikhoan` (`id`)
) ENGINE=InnoDB AUTO_INCREMENT=73 DEFAULT CHARSET=utf8mb4 COLLATE=utf8mb4_unicode_520_ci;
/*!40101 SET character_set_client = @saved_cs_client */;

--
-- Dumping data for table `mealmaster_follow`
--

LOCK TABLES `mealmaster_follow` WRITE;
/*!40000 ALTER TABLE `mealmaster_follow` DISABLE KEYS */;
INSERT INTO `mealmaster_follow` VALUES (1,3,3),(58,6,2),(67,6,3),(69,37,8),(72,6,8);
/*!40000 ALTER TABLE `mealmaster_follow` ENABLE KEYS */;
UNLOCK TABLES;

--
-- Table structure for table `mealmaster_giohang`
--

DROP TABLE IF EXISTS `mealmaster_giohang`;
/*!40101 SET @saved_cs_client     = @@character_set_client */;
/*!50503 SET character_set_client = utf8mb4 */;
CREATE TABLE `mealmaster_giohang` (
  `id` bigint NOT NULL AUTO_INCREMENT,
  `so_luong` int NOT NULL,
  PRIMARY KEY (`id`)
) ENGINE=InnoDB AUTO_INCREMENT=12 DEFAULT CHARSET=utf8mb4 COLLATE=utf8mb4_unicode_520_ci;
/*!40101 SET character_set_client = @saved_cs_client */;

--
-- Dumping data for table `mealmaster_giohang`
--

LOCK TABLES `mealmaster_giohang` WRITE;
/*!40000 ALTER TABLE `mealmaster_giohang` DISABLE KEYS */;
/*!40000 ALTER TABLE `mealmaster_giohang` ENABLE KEYS */;
UNLOCK TABLES;

--
-- Table structure for table `mealmaster_hoadon`
--

DROP TABLE IF EXISTS `mealmaster_hoadon`;
/*!40101 SET @saved_cs_client     = @@character_set_client */;
/*!50503 SET character_set_client = utf8mb4 */;
CREATE TABLE `mealmaster_hoadon` (
  `id` bigint NOT NULL AUTO_INCREMENT,
  `ngay_tao` datetime(6) NOT NULL,
  `nguoi_dung_id` bigint NOT NULL,
  PRIMARY KEY (`id`),
  KEY `mealmaster_hoadon_nguoi_dung_id_f73da222_fk_mealmaste` (`nguoi_dung_id`),
  CONSTRAINT `mealmaster_hoadon_nguoi_dung_id_f73da222_fk_mealmaste` FOREIGN KEY (`nguoi_dung_id`) REFERENCES `mealmaster_taikhoan` (`id`)
) ENGINE=InnoDB AUTO_INCREMENT=2 DEFAULT CHARSET=utf8mb4 COLLATE=utf8mb4_unicode_520_ci;
/*!40101 SET character_set_client = @saved_cs_client */;

--
-- Dumping data for table `mealmaster_hoadon`
--

LOCK TABLES `mealmaster_hoadon` WRITE;
/*!40000 ALTER TABLE `mealmaster_hoadon` DISABLE KEYS */;
/*!40000 ALTER TABLE `mealmaster_hoadon` ENABLE KEYS */;
UNLOCK TABLES;

--
-- Table structure for table `mealmaster_kiemduyet`
--

DROP TABLE IF EXISTS `mealmaster_kiemduyet`;
/*!40101 SET @saved_cs_client     = @@character_set_client */;
/*!50503 SET character_set_client = utf8mb4 */;
CREATE TABLE `mealmaster_kiemduyet` (
  `id` bigint NOT NULL AUTO_INCREMENT,
  `ten_loai_kiem_duyet` varchar(50) COLLATE utf8mb4_unicode_520_ci NOT NULL,
  PRIMARY KEY (`id`)
) ENGINE=InnoDB AUTO_INCREMENT=4 DEFAULT CHARSET=utf8mb4 COLLATE=utf8mb4_unicode_520_ci;
/*!40101 SET character_set_client = @saved_cs_client */;

--
-- Dumping data for table `mealmaster_kiemduyet`
--

LOCK TABLES `mealmaster_kiemduyet` WRITE;
/*!40000 ALTER TABLE `mealmaster_kiemduyet` DISABLE KEYS */;
INSERT INTO `mealmaster_kiemduyet` VALUES (1,'DangCho'),(2,'DuocDuyet'),(3,'TuChoi');
/*!40000 ALTER TABLE `mealmaster_kiemduyet` ENABLE KEYS */;
UNLOCK TABLES;

--
-- Table structure for table `mealmaster_loaidiachi`
--

DROP TABLE IF EXISTS `mealmaster_loaidiachi`;
/*!40101 SET @saved_cs_client     = @@character_set_client */;
/*!50503 SET character_set_client = utf8mb4 */;
CREATE TABLE `mealmaster_loaidiachi` (
  `id` bigint NOT NULL AUTO_INCREMENT,
  `ten_loai_dia_chi` varchar(50) COLLATE utf8mb4_unicode_520_ci NOT NULL,
  PRIMARY KEY (`id`)
) ENGINE=InnoDB AUTO_INCREMENT=4 DEFAULT CHARSET=utf8mb4 COLLATE=utf8mb4_unicode_520_ci;
/*!40101 SET character_set_client = @saved_cs_client */;

--
-- Dumping data for table `mealmaster_loaidiachi`
--

LOCK TABLES `mealmaster_loaidiachi` WRITE;
/*!40000 ALTER TABLE `mealmaster_loaidiachi` DISABLE KEYS */;
INSERT INTO `mealmaster_loaidiachi` VALUES (1,'Nhà ở'),(2,'Chung cư'),(3,'Văn phòng');
/*!40000 ALTER TABLE `mealmaster_loaidiachi` ENABLE KEYS */;
UNLOCK TABLES;

--
-- Table structure for table `mealmaster_loaitaikhoan`
--

DROP TABLE IF EXISTS `mealmaster_loaitaikhoan`;
/*!40101 SET @saved_cs_client     = @@character_set_client */;
/*!50503 SET character_set_client = utf8mb4 */;
CREATE TABLE `mealmaster_loaitaikhoan` (
  `id` bigint NOT NULL AUTO_INCREMENT,
  `ten_loai_tai_khoan` varchar(50) COLLATE utf8mb4_unicode_520_ci NOT NULL,
  PRIMARY KEY (`id`)
) ENGINE=InnoDB AUTO_INCREMENT=4 DEFAULT CHARSET=utf8mb4 COLLATE=utf8mb4_unicode_520_ci;
/*!40101 SET character_set_client = @saved_cs_client */;

--
-- Dumping data for table `mealmaster_loaitaikhoan`
--

LOCK TABLES `mealmaster_loaitaikhoan` WRITE;
/*!40000 ALTER TABLE `mealmaster_loaitaikhoan` DISABLE KEYS */;
INSERT INTO `mealmaster_loaitaikhoan` VALUES (1,'KhachHang'),(2,'CuaHang'),(3,'Admin');
/*!40000 ALTER TABLE `mealmaster_loaitaikhoan` ENABLE KEYS */;
UNLOCK TABLES;

--
-- Table structure for table `mealmaster_loaithucan`
--

DROP TABLE IF EXISTS `mealmaster_loaithucan`;
/*!40101 SET @saved_cs_client     = @@character_set_client */;
/*!50503 SET character_set_client = utf8mb4 */;
CREATE TABLE `mealmaster_loaithucan` (
  `id` bigint NOT NULL AUTO_INCREMENT,
  `ten_loai_thuc_an` varchar(50) COLLATE utf8mb4_unicode_520_ci NOT NULL,
  `noi_dung` varchar(50) COLLATE utf8mb4_unicode_520_ci DEFAULT NULL,
  `hinh_anh` varchar(255) COLLATE utf8mb4_unicode_520_ci DEFAULT NULL,
  PRIMARY KEY (`id`)
) ENGINE=InnoDB AUTO_INCREMENT=6 DEFAULT CHARSET=utf8mb4 COLLATE=utf8mb4_unicode_520_ci;
/*!40101 SET character_set_client = @saved_cs_client */;

--
-- Dumping data for table `mealmaster_loaithucan`
--

LOCK TABLES `mealmaster_loaithucan` WRITE;
/*!40000 ALTER TABLE `mealmaster_loaithucan` DISABLE KEYS */;
INSERT INTO `mealmaster_loaithucan` VALUES (1,'Cơm',NULL,'image/upload/v1706300411/com_erx46j.jpg'),(2,'Bún',NULL,'image/upload/v1706300412/bun1_umkrkq.jpg'),(3,'Nước',NULL,'image/upload/v1706300412/da_xay_ut4ung.png'),(4,'Cháo',NULL,'image/upload/v1706300411/chao_yijycr.jpg'),(5,'Ăn vặt',NULL,'image/upload/v1706300411/ca_vien_qaeemt.jpg');
/*!40000 ALTER TABLE `mealmaster_loaithucan` ENABLE KEYS */;
UNLOCK TABLES;

--
-- Table structure for table `mealmaster_menu`
--

DROP TABLE IF EXISTS `mealmaster_menu`;
/*!40101 SET @saved_cs_client     = @@character_set_client */;
/*!50503 SET character_set_client = utf8mb4 */;
CREATE TABLE `mealmaster_menu` (
  `id` bigint NOT NULL AUTO_INCREMENT,
  `ngay_tao` datetime(6) NOT NULL,
  `tieu_de` varchar(50) COLLATE utf8mb4_unicode_520_ci DEFAULT NULL,
  `trang_thai` tinyint(1) NOT NULL,
  `nguoi_dung_id` bigint DEFAULT NULL,
  `hinh_anh` varchar(255) COLLATE utf8mb4_unicode_520_ci DEFAULT NULL,
  PRIMARY KEY (`id`),
  KEY `mealmaster_menu_nguoi_dung_id_3717dfff_fk_mealmaster_taikhoan_id` (`nguoi_dung_id`),
  CONSTRAINT `mealmaster_menu_nguoi_dung_id_3717dfff_fk_mealmaster_taikhoan_id` FOREIGN KEY (`nguoi_dung_id`) REFERENCES `mealmaster_taikhoan` (`id`)
) ENGINE=InnoDB AUTO_INCREMENT=42 DEFAULT CHARSET=utf8mb4 COLLATE=utf8mb4_unicode_520_ci;
/*!40101 SET character_set_client = @saved_cs_client */;

--
-- Dumping data for table `mealmaster_menu`
--

LOCK TABLES `mealmaster_menu` WRITE;
/*!40000 ALTER TABLE `mealmaster_menu` DISABLE KEYS */;
INSERT INTO `mealmaster_menu` VALUES (40,'2024-02-28 21:33:53.083318','BST Trai cay',0,9,'image/upload/v1709156690/bst_lvvswe.jpg'),(41,'2024-02-28 21:34:27.775916','BST Trai cay',0,9,'image/upload/v1709156690/bst_lvvswe.jpg');
/*!40000 ALTER TABLE `mealmaster_menu` ENABLE KEYS */;
UNLOCK TABLES;

--
-- Table structure for table `mealmaster_monan`
--

DROP TABLE IF EXISTS `mealmaster_monan`;
/*!40101 SET @saved_cs_client     = @@character_set_client */;
/*!50503 SET character_set_client = utf8mb4 */;
CREATE TABLE `mealmaster_monan` (
  `id` bigint NOT NULL AUTO_INCREMENT,
  `ten_mon_an` varchar(50) COLLATE utf8mb4_unicode_520_ci DEFAULT NULL,
  `gia_mon_an` int DEFAULT NULL,
  `mo_ta` varchar(50) COLLATE utf8mb4_unicode_520_ci DEFAULT NULL,
  `trang_thai` tinyint(1) NOT NULL,
  `hinh_anh` varchar(255) COLLATE utf8mb4_unicode_520_ci DEFAULT NULL,
  `so_luong` int DEFAULT NULL,
  `loai_thuc_an_id` bigint DEFAULT NULL,
  `nguoi_dung_id` bigint DEFAULT NULL,
  PRIMARY KEY (`id`),
  KEY `mealmaster_monan_loai_thuc_an_id_76309274_fk_mealmaste` (`loai_thuc_an_id`),
  KEY `mealmaster_monan_nguoi_dung_id_3bea5727_fk_mealmaste` (`nguoi_dung_id`),
  CONSTRAINT `mealmaster_monan_loai_thuc_an_id_76309274_fk_mealmaste` FOREIGN KEY (`loai_thuc_an_id`) REFERENCES `mealmaster_loaithucan` (`id`),
  CONSTRAINT `mealmaster_monan_nguoi_dung_id_3bea5727_fk_mealmaste` FOREIGN KEY (`nguoi_dung_id`) REFERENCES `mealmaster_taikhoan` (`id`)
) ENGINE=InnoDB AUTO_INCREMENT=42 DEFAULT CHARSET=utf8mb4 COLLATE=utf8mb4_unicode_520_ci;
/*!40101 SET character_set_client = @saved_cs_client */;

--
-- Dumping data for table `mealmaster_monan`
--

LOCK TABLES `mealmaster_monan` WRITE;
/*!40000 ALTER TABLE `mealmaster_monan` DISABLE KEYS */;
INSERT INTO `mealmaster_monan` VALUES (2,'Starbucks Capuchino',70000,'Món mới',1,'image/upload/v1706001817/m1_wthmz7.jpg',100,3,1),(3,'KFC sốt rượu vang',40000,'Món mới',1,'image/upload/v1706001817/m2_yalg1t.jpg',100,3,2),(4,'KFC sốt tỏi',50000,'Món mới',1,'image/upload/v1706001817/m2_yalg1t.jpg',100,2,2),(5,'KFC truyền thống',45000,'Món bán chạy',1,'image/upload/v1706001817/m2_yalg1t.jpg',100,2,2),(6,'Gà KFC sốt ớt',45000,'Món mới',1,'image/upload/v1706001817/m2_yalg1t.jpg',100,1,2),(7,'Trà sữa Phúc Long',45000,'Món bán chạy',1,'image/upload/v1706001817/m6_rua8im.png',100,1,9),(8,'Trà sữa Ô Long',45000,'Món được yêu thích nhất',1,'image/upload/v1706001817/m6_rua8im.png',100,2,9),(9,'KFC cay giòn',70000,'Món được yêu thích nhất',1,'image/upload/v1709154384/m8_mdbmis.jpg',100,5,2),(10,'Hadilao lẩu nhỏ',40000,'Món mới',1,'image/upload/v1706001817/m5_zm1iho.png',100,5,6),(11,'Trà Ô long quế',70000,'Món bán chạy',1,'image/upload/v1706001817/m7_gw6rdb.png',100,5,9),(12,'Trà mảng cầu',45000,'Món được yêu thích nhất',1,'image/upload/v1706001817/m7_gw6rdb.png',100,5,9),(13,'Trà bấ tước',45000,'Món bán chạy',1,'image/upload/v1706001817/m6_rua8im.png',100,5,9),(14,'Trà lài đác thơm',50000,'Món được yêu thích nhất',1,'image/upload/v1706001817/m7_gw6rdb.png',100,3,9),(15,'Trà vải lài',45000,'Món bán chạy',1,'image/upload/v1706001817/m6_rua8im.png',100,3,9),(16,'Hadilao lẩu vừa',45000,'Món bán chạy',1,'image/upload/v1706001817/m5_zm1iho.png',100,3,6),(17,'Trà Sen Vàng',75000,'Món được yêu thích nhất',1,'image/upload/v1706001817/m1_wthmz7.jpg',100,3,1),(18,'Starbucks Signature',80000,'Món bán chạy',1,'image/upload/v1706001817/m1_wthmz7.jpg',100,3,1),(19,'Hadilao lẩu lớn',70000,'Món được yêu thích nhất',1,'image/upload/v1706001817/m5_zm1iho.png',100,5,6),(41,'Sua chua da xay',70000,'Món được yêu thích nhất',1,'image/upload/v1709156185/jfc1wwm6cwjsv9qsdrfw.png',100,3,9);
/*!40000 ALTER TABLE `mealmaster_monan` ENABLE KEYS */;
UNLOCK TABLES;

--
-- Table structure for table `mealmaster_payment_vnpay`
--

DROP TABLE IF EXISTS `mealmaster_payment_vnpay`;
/*!40101 SET @saved_cs_client     = @@character_set_client */;
/*!50503 SET character_set_client = utf8mb4 */;
CREATE TABLE `mealmaster_payment_vnpay` (
  `id` bigint NOT NULL AUTO_INCREMENT,
  `order_id` bigint DEFAULT NULL,
  `amount` double DEFAULT NULL,
  `order_desc` varchar(200) COLLATE utf8mb4_unicode_520_ci DEFAULT NULL,
  `vnp_TransactionNo` varchar(200) COLLATE utf8mb4_unicode_520_ci DEFAULT NULL,
  `vnp_ResponseCode` varchar(200) COLLATE utf8mb4_unicode_520_ci DEFAULT NULL,
  `khach_hang_id` bigint DEFAULT NULL,
  `cartItemIds` varchar(200) COLLATE utf8mb4_unicode_520_ci DEFAULT NULL,
  `ngay_thanh_toan` datetime(6) DEFAULT NULL,
  PRIMARY KEY (`id`),
  KEY `mealmaster_payment_v_khach_hang_id_f5acc72a_fk_mealmaste` (`khach_hang_id`),
  CONSTRAINT `mealmaster_payment_v_khach_hang_id_f5acc72a_fk_mealmaste` FOREIGN KEY (`khach_hang_id`) REFERENCES `mealmaster_taikhoan` (`id`)
) ENGINE=InnoDB AUTO_INCREMENT=59 DEFAULT CHARSET=utf8mb4 COLLATE=utf8mb4_unicode_520_ci;
/*!40101 SET character_set_client = @saved_cs_client */;

--
-- Dumping data for table `mealmaster_payment_vnpay`
--

LOCK TABLES `mealmaster_payment_vnpay` WRITE;
/*!40000 ALTER TABLE `mealmaster_payment_vnpay` DISABLE KEYS */;
INSERT INTO `mealmaster_payment_vnpay` VALUES (53,20240227003255,700000,'Thanh toan don hang thoi gian: 2024-05-27 00:32:55','14306727','00',8,NULL,'2024-02-28 17:27:29.513998'),(57,20240229002257,470024,'Thanh toan don hang thoi gian: 2024-02-29 00:22:57','14308812','00',8,NULL,'2024-01-28 17:24:18.054107'),(58,20240229002632,520024,'Thanh toan don hang thoi gian: 2024-02-29 00:26:32','14308817','00',8,NULL,'2024-03-28 17:27:29.513998');
/*!40000 ALTER TABLE `mealmaster_payment_vnpay` ENABLE KEYS */;
UNLOCK TABLES;

--
-- Table structure for table `mealmaster_taikhoan`
--

DROP TABLE IF EXISTS `mealmaster_taikhoan`;
/*!40101 SET @saved_cs_client     = @@character_set_client */;
/*!50503 SET character_set_client = utf8mb4 */;
CREATE TABLE `mealmaster_taikhoan` (
  `id` bigint NOT NULL AUTO_INCREMENT,
  `ten_nguoi_dung` varchar(50) COLLATE utf8mb4_unicode_520_ci DEFAULT NULL,
  `username` varchar(50) COLLATE utf8mb4_unicode_520_ci NOT NULL,
  `password` varchar(200) COLLATE utf8mb4_unicode_520_ci NOT NULL,
  `ngay_sinh` date DEFAULT NULL,
  `email` varchar(254) COLLATE utf8mb4_unicode_520_ci DEFAULT NULL,
  `sdt` varchar(50) COLLATE utf8mb4_unicode_520_ci DEFAULT NULL,
  `avatar` varchar(255) COLLATE utf8mb4_unicode_520_ci DEFAULT NULL,
  `kinh_do` double DEFAULT NULL,
  `vi_do` double DEFAULT NULL,
  `gioi_tinh` tinyint(1) NOT NULL,
  `gio_hang_id` bigint DEFAULT NULL,
  `kiem_duyet_id` bigint DEFAULT NULL,
  `loai_tai_khoan_id` bigint DEFAULT NULL,
  `thoi_gian_dong_cua` datetime(6) DEFAULT NULL,
  `thoi_gian_mo_cua` datetime(6) DEFAULT NULL,
  `date_joined` datetime(6) NOT NULL,
  `first_name` varchar(150) COLLATE utf8mb4_unicode_520_ci NOT NULL,
  `is_active` tinyint(1) NOT NULL,
  `is_staff` tinyint(1) NOT NULL,
  `is_superuser` tinyint(1) NOT NULL,
  `last_login` datetime(6) DEFAULT NULL,
  `last_name` varchar(150) COLLATE utf8mb4_unicode_520_ci NOT NULL,
  `dia_chi` varchar(50) COLLATE utf8mb4_unicode_520_ci DEFAULT NULL,
  PRIMARY KEY (`id`),
  UNIQUE KEY `mealmaster_taikhoan_username_aeecc5ed_uniq` (`username`),
  KEY `mealmaster_taikhoan_gio_hang_id_67b82c16_fk_mealmaste` (`gio_hang_id`),
  KEY `mealmaster_taikhoan_kiem_duyet_id_d11b4558_fk_mealmaste` (`kiem_duyet_id`),
  KEY `mealmaster_taikhoan_loai_tai_khoan_id_c8f047be_fk_mealmaste` (`loai_tai_khoan_id`),
  CONSTRAINT `mealmaster_taikhoan_gio_hang_id_67b82c16_fk_mealmaste` FOREIGN KEY (`gio_hang_id`) REFERENCES `mealmaster_giohang` (`id`),
  CONSTRAINT `mealmaster_taikhoan_kiem_duyet_id_d11b4558_fk_mealmaste` FOREIGN KEY (`kiem_duyet_id`) REFERENCES `mealmaster_kiemduyet` (`id`),
  CONSTRAINT `mealmaster_taikhoan_loai_tai_khoan_id_c8f047be_fk_mealmaste` FOREIGN KEY (`loai_tai_khoan_id`) REFERENCES `mealmaster_loaitaikhoan` (`id`)
) ENGINE=InnoDB AUTO_INCREMENT=49 DEFAULT CHARSET=utf8mb4 COLLATE=utf8mb4_unicode_520_ci;
/*!40101 SET character_set_client = @saved_cs_client */;

--
-- Dumping data for table `mealmaster_taikhoan`
--

LOCK TABLES `mealmaster_taikhoan` WRITE;
/*!40000 ALTER TABLE `mealmaster_taikhoan` DISABLE KEYS */;
INSERT INTO `mealmaster_taikhoan` VALUES (1,'StarBucks','starbucks','123','2002-02-10','2051050343phat@ou.edu.vn','0965667795','image/upload/v1709151822/ch2_j5hari.png',106.6787751,10.8133342,1,NULL,1,2,NULL,NULL,'2023-12-25 07:15:11.000000','',1,1,1,NULL,'','Trường Sơn, Phường 2, Tân Bình, Thành phố Hồ Chí M'),(2,'KFC','kfc','123','2002-05-22','thuyenhuy1234@gmail.com','09083453411','image/upload/v1709151822/ch3_j6kkzh.png',106.6787751,11,1,NULL,2,2,NULL,NULL,'2023-12-25 07:15:11.664354','',1,0,0,NULL,'',NULL),(3,'Nguyen Thanh Huy','ThanhHuy','123','2023-12-16','2051050488thuyen@ou.edu.vn','09083453411','image/upload/v1705480114/zqkzz8vd8nelb32plzq2.png',106.6787751,12,1,NULL,1,1,NULL,NULL,'2023-12-25 07:15:11.664354','',1,0,0,NULL,'',NULL),(6,'Hadilao','hadilao','pbkdf2_sha256$720000$zL9h5J1d0MuP3BsmxwrRrP$KZAK5q9/zxcfamYnvSVzAyi+iIRyaqtjyKPJTGBM5tM=','2023-12-30','thuyenhuy1234@gmail.com','09083453411','image/upload/v1709151821/ch5_zag7ro.png',106.6787251,10.8122342,1,NULL,1,2,NULL,NULL,'2023-12-25 07:15:11.664354','',1,0,0,NULL,'',NULL),(8,'ThanhThuyen','ThanhThuyen22','pbkdf2_sha256$720000$xgEl97D4j2QtJNqZghxSU4$TQnKkxoLNGTpc7xP+6sHz807PhGOZtM+KyyLi7P8Bzw=','2002-02-10','thuyen@ou.edu.vn','0962539434','image/upload/v1705480114/zqkzz8vd8nelb32plzq2.png',106.7009,10.7769,0,NULL,1,1,NULL,NULL,'2023-12-25 07:15:11.664354','',1,0,0,NULL,'',NULL),(9,'Phúc Long','phuclong','pbkdf2_sha256$720000$FgEleJLwYdzaBSk01rCJuI$hMVhunHZq4VvpO4dHGYs6jJdri+4Vg+qGM0NMhfc35U=',NULL,'2051050488thuyen@ou.edu.vn','0908345341100','image/upload/v1709152684/ch8_qeunbf.jpg',106.6787751,10.8133342,0,NULL,NULL,2,NULL,NULL,'2023-12-25 07:32:14.000000','Nguyễn',1,1,1,'2024-01-08 07:48:50.000000','Thuyền','Căn hộ CBD Premium, Tầng 3 Tòa nhà, 125 Đồng Văn C'),(10,'GoGi House','gogi','pbkdf2_sha256$720000$4rCKGzIRAKkYFGg0ATsBvf$hiPZ9RoFI8u3+tOiy9s0pDsyx4t2I/Ls4Qyyim9oVNI=','2023-12-23','2051050488thuyen@ou.edu.vn','09083453411','image/upload///v1709151821/ch4_ttum60.png',106.6787751,1,1,NULL,1,2,NULL,NULL,'2023-12-25 07:45:32.000000','',1,0,0,NULL,'','Phường Bến Thành, Quận 1, Thành phố Hồ Chí Minh, V'),(14,'Nguyễn Toàn Mỹ','ToanMy','pbkdf2_sha256$720000$2ortXezVE9UxDA7ZKAdrB9$nU5nTkIw070ZoWZV8Lo1hoVzxnkvAg/1ugcGoBKSlAc=',NULL,NULL,NULL,'image/upload/v1705480114/zqkzz8vd8nelb32plzq2.png',106.6787751,0,1,NULL,1,1,NULL,NULL,'2023-12-27 02:42:14.964410','',1,0,0,NULL,'',NULL),(23,'Buffet','buffet','pbkdf2_sha256$720000$vRe4jxrBFqL5n2wWJsnsyO$9lKunFqt2Gvvj61CznSSCnPpjT2NW2iWSK1SGTi7sRM=','2016-07-19','thuyen@ou.edu.vn','097633234','image/upload/v1709155068/m15_dcd9tm.jpg',107.7009,10.7769,0,NULL,1,2,NULL,NULL,'2023-12-27 08:53:22.416678','',1,1,1,'2024-02-28 19:02:46.119034','',NULL),(26,'thuyen','thds','pbkdf2_sha256$720000$MNwE2XkVo6102yU1XjPeIp$vXNae1JA0mhPJft4aHUcK9W6XvzsT1e8JUDUgX97uVM=','2023-01-17','th@gmail.com','09644','image/upload/v1705480114/zqkzz8vd8nelb32plzq2.png',106.6787751,0,1,NULL,1,1,NULL,NULL,'2024-01-17 08:39:07.996927','',1,0,0,NULL,'',NULL),(29,'NTT','NT1','pbkdf2_sha256$720000$iforzz34dJfOmjkZcReEtO$3IYiqAaO5o5tpIGnjGWksTWLdjY3iR5BU8Pdzx0M8yg=','2022-01-17','thuyen@ou.edu.vn','0962539434','image/upload/v1705483628/nlrvbq0te8xjujkjwluo.png',0,0,1,NULL,1,1,NULL,NULL,'2024-01-17 09:27:04.159823','',1,0,0,NULL,'',NULL),(30,'','user1','pbkdf2_sha256$720000$r2MxCy1AMKJ1awZEOZgwTG$+n1HmKPhVArYVbd35ADw7Bv/8i2BPGJqHB0pctQGGy4=',NULL,'','','image/upload/v1705480114/zqkzz8vd8nelb32plzq2.png',2,2,0,NULL,1,1,NULL,NULL,'2024-01-18 09:07:30.936917','',1,0,0,NULL,'',NULL),(31,'Burger','burger','pbkdf2_sha256$720000$QUp3zH2TA9IIJkOPGuJpj7$7AZd67dQuTvnsTVLZbpRx7YL5pUbhC5OhcnrHtH9kDg=','2024-01-18','thuyen@ou.edu.vn','0766','image/upload/v1709152321/ch6_yzr7to.png',106.7009,9,1,NULL,1,2,NULL,NULL,'2024-01-18 09:09:06.035258','',1,0,0,NULL,'',NULL),(32,'Thuyen','user10','pbkdf2_sha256$720000$GVW6vQ7ridFgqCrSEX3F7l$fQczjEQEn7OPmsPks9pT8GFdVljAsbxjZdm4dNzt2FY=','2022-01-24','2051050488thuyen@ou.edu.vn','0962539434','image/upload/v1706081904/ollqtldg9ohb8eg02ftf.png',NULL,NULL,1,NULL,1,1,NULL,NULL,'2024-01-24 07:38:21.699754','',1,0,0,NULL,'','soc'),(33,'Thuyen','user11','pbkdf2_sha256$720000$waqYl93BsGcm30UBT2SDIM$xXB9To341ASHsVIKw4M6X9/AJ8KVQ9M2SGffWCf0gwI=','2023-01-24','Thuyen@ou.edu.vn','22','image/upload/v1706082671/hiet7s22oiudjafw7mkf.png',-122.0849872,37.4226711,1,NULL,1,1,NULL,NULL,'2024-01-24 07:51:08.858341','',1,0,0,NULL,'','2'),(34,'thuyen','user12','pbkdf2_sha256$720000$kCrtwvpYWymh1IoyautJv0$tEYi+zG1RSLvn4graZHvDqCzpti7xqGUqXxhYvD1NLU=','2022-01-24','thuyen@ou.edu.vn','2','image/upload/v1706082952/mnmztx0iluctfuzt2wih.png',106.7009,10.7769,1,NULL,1,1,NULL,NULL,'2024-01-24 07:55:52.680561','',1,0,0,NULL,'','12'),(36,'th','user14','pbkdf2_sha256$720000$yg849yANKj85qxgvZUlCLg$KcItaaC07PiYhI0AHNFlaIPhgr1UMQOSWaevspmHiOg=','2023-01-27','thuyen@ou.edu.vn','443','image/upload/v1706292415/cok5sw94ym3cki5cguzo.png',-122.0849872,37.4226711,1,NULL,1,1,NULL,NULL,'2024-01-26 18:06:51.263768','',1,0,0,NULL,'','22'),(37,'SeaFood','seafood','pbkdf2_sha256$720000$k6YekeSaErKNlfWac1OSDC$fGIJJDqlNbr/EkjrLtYrXIr1e5bff7p2j58I/c3AJPk=','2023-01-27','thuyen@ou.edu.vn','2334','image/upload/v1709152321/ch6_yzr7to.png',106.6787751,10.8153342,1,NULL,1,2,NULL,NULL,'2024-01-26 18:33:58.510574','',1,0,0,NULL,'','209 Nguyen Kiem, Go Vap'),(47,'Vo Chi Hieu','ChiHieu','pbkdf2_sha256$720000$WQkxOEQIWpFP99UlcLGbSM$ZsR2S+9bNEsbYRx7xVnC3D+PFVmp91gQCeHMThAR4M0=','2020-02-21','VoHieu902@gmail.com','0962539434','image/upload/v1708449226/ichkt81qfsobzoztkgj1.png',-122.083922,37.4220936,1,NULL,1,1,NULL,NULL,'2024-02-20 17:13:42.908764','',1,0,0,NULL,'','Soc Trang'),(48,NULL,'hg','123',NULL,'2051050488thuyen@ou.edu.vn','09083453411','image/upload/v1709151544/r6ai72my9tt25o7xjabk.jpg',0,0,0,NULL,1,1,NULL,NULL,'2024-02-28 20:18:26.000000','Nguyễn',1,0,0,NULL,'Thuyền','An Giang');
/*!40000 ALTER TABLE `mealmaster_taikhoan` ENABLE KEYS */;
UNLOCK TABLES;

--
-- Table structure for table `mealmaster_taikhoan_groups`
--

DROP TABLE IF EXISTS `mealmaster_taikhoan_groups`;
/*!40101 SET @saved_cs_client     = @@character_set_client */;
/*!50503 SET character_set_client = utf8mb4 */;
CREATE TABLE `mealmaster_taikhoan_groups` (
  `id` bigint NOT NULL AUTO_INCREMENT,
  `taikhoan_id` bigint NOT NULL,
  `group_id` int NOT NULL,
  PRIMARY KEY (`id`)
) ENGINE=InnoDB DEFAULT CHARSET=utf8mb4 COLLATE=utf8mb4_unicode_520_ci;
/*!40101 SET character_set_client = @saved_cs_client */;

--
-- Dumping data for table `mealmaster_taikhoan_groups`
--

LOCK TABLES `mealmaster_taikhoan_groups` WRITE;
/*!40000 ALTER TABLE `mealmaster_taikhoan_groups` DISABLE KEYS */;
/*!40000 ALTER TABLE `mealmaster_taikhoan_groups` ENABLE KEYS */;
UNLOCK TABLES;

--
-- Table structure for table `mealmaster_taikhoan_user_permissions`
--

DROP TABLE IF EXISTS `mealmaster_taikhoan_user_permissions`;
/*!40101 SET @saved_cs_client     = @@character_set_client */;
/*!50503 SET character_set_client = utf8mb4 */;
CREATE TABLE `mealmaster_taikhoan_user_permissions` (
  `id` bigint NOT NULL AUTO_INCREMENT,
  `taikhoan_id` bigint NOT NULL,
  `permission_id` int NOT NULL,
  PRIMARY KEY (`id`)
) ENGINE=InnoDB AUTO_INCREMENT=2 DEFAULT CHARSET=utf8mb4 COLLATE=utf8mb4_unicode_520_ci;
/*!40101 SET character_set_client = @saved_cs_client */;

--
-- Dumping data for table `mealmaster_taikhoan_user_permissions`
--

LOCK TABLES `mealmaster_taikhoan_user_permissions` WRITE;
/*!40000 ALTER TABLE `mealmaster_taikhoan_user_permissions` DISABLE KEYS */;
/*!40000 ALTER TABLE `mealmaster_taikhoan_user_permissions` ENABLE KEYS */;
UNLOCK TABLES;

--
-- Table structure for table `mealmaster_thoidiem`
--

DROP TABLE IF EXISTS `mealmaster_thoidiem`;
/*!40101 SET @saved_cs_client     = @@character_set_client */;
/*!50503 SET character_set_client = utf8mb4 */;
CREATE TABLE `mealmaster_thoidiem` (
  `id` bigint NOT NULL AUTO_INCREMENT,
  `ten_buoi` varchar(50) COLLATE utf8mb4_unicode_520_ci DEFAULT NULL,
  `thoi_gian_bat_dau` time(6) NOT NULL,
  `thoi_gian_ket_thuc` time(6) NOT NULL,
  PRIMARY KEY (`id`)
) ENGINE=InnoDB AUTO_INCREMENT=4 DEFAULT CHARSET=utf8mb4 COLLATE=utf8mb4_unicode_520_ci;
/*!40101 SET character_set_client = @saved_cs_client */;

--
-- Dumping data for table `mealmaster_thoidiem`
--

LOCK TABLES `mealmaster_thoidiem` WRITE;
/*!40000 ALTER TABLE `mealmaster_thoidiem` DISABLE KEYS */;
INSERT INTO `mealmaster_thoidiem` VALUES (1,'Buổi Sáng','06:00:00.000000','12:00:00.000000'),(2,'Buổi Trưa','12:00:00.000000','18:00:00.000000'),(3,'Buổi Tối','00:00:00.000000','06:00:00.000000');
/*!40000 ALTER TABLE `mealmaster_thoidiem` ENABLE KEYS */;
UNLOCK TABLES;

--
-- Table structure for table `mealmaster_thoigianban`
--

DROP TABLE IF EXISTS `mealmaster_thoigianban`;
/*!40101 SET @saved_cs_client     = @@character_set_client */;
/*!50503 SET character_set_client = utf8mb4 */;
CREATE TABLE `mealmaster_thoigianban` (
  `id` bigint NOT NULL AUTO_INCREMENT,
  `mon_an_id` bigint DEFAULT NULL,
  `thoi_diem_id` bigint NOT NULL,
  `menu_id` bigint DEFAULT NULL,
  PRIMARY KEY (`id`),
  KEY `mealmaster_thoigianb_thoi_diem_id_fcfbc608_fk_mealmaste` (`thoi_diem_id`),
  KEY `mealmaster_thoigianban_menu_id_dcc80a4d_fk_mealmaster_menu_id` (`menu_id`),
  KEY `mealmaster_thoigianban_mon_an_id_c9d4878b_fk_mealmaster_monan_id` (`mon_an_id`),
  CONSTRAINT `mealmaster_thoigianb_thoi_diem_id_fcfbc608_fk_mealmaste` FOREIGN KEY (`thoi_diem_id`) REFERENCES `mealmaster_thoidiem` (`id`),
  CONSTRAINT `mealmaster_thoigianban_menu_id_dcc80a4d_fk_mealmaster_menu_id` FOREIGN KEY (`menu_id`) REFERENCES `mealmaster_menu` (`id`),
  CONSTRAINT `mealmaster_thoigianban_mon_an_id_c9d4878b_fk_mealmaster_monan_id` FOREIGN KEY (`mon_an_id`) REFERENCES `mealmaster_monan` (`id`)
) ENGINE=InnoDB AUTO_INCREMENT=70 DEFAULT CHARSET=utf8mb4 COLLATE=utf8mb4_unicode_520_ci;
/*!40101 SET character_set_client = @saved_cs_client */;

--
-- Dumping data for table `mealmaster_thoigianban`
--

LOCK TABLES `mealmaster_thoigianban` WRITE;
/*!40000 ALTER TABLE `mealmaster_thoigianban` DISABLE KEYS */;
INSERT INTO `mealmaster_thoigianban` VALUES (51,2,1,40),(52,3,1,41),(53,4,2,NULL),(54,5,3,NULL),(55,6,3,NULL),(56,7,3,NULL),(57,8,3,NULL),(58,9,1,NULL),(59,10,2,NULL),(60,11,1,NULL),(61,12,1,NULL),(62,13,3,NULL),(63,14,2,NULL),(64,15,1,NULL),(65,16,2,NULL),(66,17,1,NULL),(67,18,2,NULL),(68,19,3,NULL),(69,41,2,NULL);
/*!40000 ALTER TABLE `mealmaster_thoigianban` ENABLE KEYS */;
UNLOCK TABLES;

--
-- Table structure for table `mealmaster_thongtingiaohang`
--

DROP TABLE IF EXISTS `mealmaster_thongtingiaohang`;
/*!40101 SET @saved_cs_client     = @@character_set_client */;
/*!50503 SET character_set_client = utf8mb4 */;
CREATE TABLE `mealmaster_thongtingiaohang` (
  `id` bigint NOT NULL AUTO_INCREMENT,
  `dia_chi` varchar(50) COLLATE utf8mb4_unicode_520_ci NOT NULL,
  `ten_nguoi_nhan` varchar(50) COLLATE utf8mb4_unicode_520_ci NOT NULL,
  `loai_dia_chi_id` bigint NOT NULL,
  `nguoi_dung_id` bigint NOT NULL,
  PRIMARY KEY (`id`),
  KEY `mealmaster_thongting_loai_dia_chi_id_c44d7460_fk_mealmaste` (`loai_dia_chi_id`),
  KEY `mealmaster_thongting_nguoi_dung_id_8a8f1e54_fk_mealmaste` (`nguoi_dung_id`),
  CONSTRAINT `mealmaster_thongting_loai_dia_chi_id_c44d7460_fk_mealmaste` FOREIGN KEY (`loai_dia_chi_id`) REFERENCES `mealmaster_loaidiachi` (`id`),
  CONSTRAINT `mealmaster_thongting_nguoi_dung_id_8a8f1e54_fk_mealmaste` FOREIGN KEY (`nguoi_dung_id`) REFERENCES `mealmaster_taikhoan` (`id`)
) ENGINE=InnoDB DEFAULT CHARSET=utf8mb4 COLLATE=utf8mb4_unicode_520_ci;
/*!40101 SET character_set_client = @saved_cs_client */;

--
-- Dumping data for table `mealmaster_thongtingiaohang`
--

LOCK TABLES `mealmaster_thongtingiaohang` WRITE;
/*!40000 ALTER TABLE `mealmaster_thongtingiaohang` DISABLE KEYS */;
/*!40000 ALTER TABLE `mealmaster_thongtingiaohang` ENABLE KEYS */;
UNLOCK TABLES;

--
-- Table structure for table `mealmaster_timkiem`
--

DROP TABLE IF EXISTS `mealmaster_timkiem`;
/*!40101 SET @saved_cs_client     = @@character_set_client */;
/*!50503 SET character_set_client = utf8mb4 */;
CREATE TABLE `mealmaster_timkiem` (
  `id` bigint NOT NULL AUTO_INCREMENT,
  `ten_mon` varchar(50) COLLATE utf8mb4_unicode_520_ci NOT NULL,
  `ten_loai_thuc_an` varchar(50) COLLATE utf8mb4_unicode_520_ci NOT NULL,
  `ten_cua_hang` varchar(50) COLLATE utf8mb4_unicode_520_ci NOT NULL,
  `nguoi_dung_id` bigint NOT NULL,
  PRIMARY KEY (`id`),
  KEY `mealmaster_timkiem_nguoi_dung_id_212e702e_fk_mealmaste` (`nguoi_dung_id`),
  CONSTRAINT `mealmaster_timkiem_nguoi_dung_id_212e702e_fk_mealmaste` FOREIGN KEY (`nguoi_dung_id`) REFERENCES `mealmaster_taikhoan` (`id`)
) ENGINE=InnoDB DEFAULT CHARSET=utf8mb4 COLLATE=utf8mb4_unicode_520_ci;
/*!40101 SET character_set_client = @saved_cs_client */;

--
-- Dumping data for table `mealmaster_timkiem`
--

LOCK TABLES `mealmaster_timkiem` WRITE;
/*!40000 ALTER TABLE `mealmaster_timkiem` DISABLE KEYS */;
/*!40000 ALTER TABLE `mealmaster_timkiem` ENABLE KEYS */;
UNLOCK TABLES;

--
-- Table structure for table `mealmaster_user`
--

DROP TABLE IF EXISTS `mealmaster_user`;
/*!40101 SET @saved_cs_client     = @@character_set_client */;
/*!50503 SET character_set_client = utf8mb4 */;
CREATE TABLE `mealmaster_user` (
  `id` bigint NOT NULL AUTO_INCREMENT,
  `password` varchar(128) COLLATE utf8mb4_unicode_520_ci NOT NULL,
  `last_login` datetime(6) DEFAULT NULL,
  `is_superuser` tinyint(1) NOT NULL,
  `username` varchar(150) COLLATE utf8mb4_unicode_520_ci NOT NULL,
  `first_name` varchar(150) COLLATE utf8mb4_unicode_520_ci NOT NULL,
  `last_name` varchar(150) COLLATE utf8mb4_unicode_520_ci NOT NULL,
  `email` varchar(254) COLLATE utf8mb4_unicode_520_ci NOT NULL,
  `is_staff` tinyint(1) NOT NULL,
  `is_active` tinyint(1) NOT NULL,
  `date_joined` datetime(6) NOT NULL,
  PRIMARY KEY (`id`),
  UNIQUE KEY `username` (`username`)
) ENGINE=InnoDB AUTO_INCREMENT=3 DEFAULT CHARSET=utf8mb4 COLLATE=utf8mb4_unicode_520_ci;
/*!40101 SET character_set_client = @saved_cs_client */;

--
-- Dumping data for table `mealmaster_user`
--

LOCK TABLES `mealmaster_user` WRITE;
/*!40000 ALTER TABLE `mealmaster_user` DISABLE KEYS */;
/*!40000 ALTER TABLE `mealmaster_user` ENABLE KEYS */;
UNLOCK TABLES;

--
-- Table structure for table `mealmaster_voucher`
--

DROP TABLE IF EXISTS `mealmaster_voucher`;
/*!40101 SET @saved_cs_client     = @@character_set_client */;
/*!50503 SET character_set_client = utf8mb4 */;
CREATE TABLE `mealmaster_voucher` (
  `id` bigint NOT NULL AUTO_INCREMENT,
  `ten_voucher` varchar(50) COLLATE utf8mb4_unicode_520_ci NOT NULL,
  `ti_so` decimal(5,2) NOT NULL,
  PRIMARY KEY (`id`)
) ENGINE=InnoDB DEFAULT CHARSET=utf8mb4 COLLATE=utf8mb4_unicode_520_ci;
/*!40101 SET character_set_client = @saved_cs_client */;

--
-- Dumping data for table `mealmaster_voucher`
--

LOCK TABLES `mealmaster_voucher` WRITE;
/*!40000 ALTER TABLE `mealmaster_voucher` DISABLE KEYS */;
/*!40000 ALTER TABLE `mealmaster_voucher` ENABLE KEYS */;
UNLOCK TABLES;

--
-- Table structure for table `oauth2_provider_accesstoken`
--

DROP TABLE IF EXISTS `oauth2_provider_accesstoken`;
/*!40101 SET @saved_cs_client     = @@character_set_client */;
/*!50503 SET character_set_client = utf8mb4 */;
CREATE TABLE `oauth2_provider_accesstoken` (
  `id` bigint NOT NULL AUTO_INCREMENT,
  `token` varchar(255) COLLATE utf8mb4_unicode_520_ci NOT NULL,
  `expires` datetime(6) NOT NULL,
  `scope` longtext COLLATE utf8mb4_unicode_520_ci NOT NULL,
  `application_id` bigint DEFAULT NULL,
  `user_id` bigint DEFAULT NULL,
  `created` datetime(6) NOT NULL,
  `updated` datetime(6) NOT NULL,
  `source_refresh_token_id` bigint DEFAULT NULL,
  `id_token_id` bigint DEFAULT NULL,
  PRIMARY KEY (`id`),
  UNIQUE KEY `token` (`token`),
  UNIQUE KEY `source_refresh_token_id` (`source_refresh_token_id`),
  UNIQUE KEY `id_token_id` (`id_token_id`),
  KEY `oauth2_provider_acce_application_id_b22886e1_fk_oauth2_pr` (`application_id`),
  KEY `oath2_taikhoan_idx` (`user_id`),
  CONSTRAINT `oath2_taikhoan` FOREIGN KEY (`user_id`) REFERENCES `mealmaster_taikhoan` (`id`),
  CONSTRAINT `oauth2_provider_acce_application_id_b22886e1_fk_oauth2_pr` FOREIGN KEY (`application_id`) REFERENCES `oauth2_provider_application` (`id`),
  CONSTRAINT `oauth2_provider_acce_id_token_id_85db651b_fk_oauth2_pr` FOREIGN KEY (`id_token_id`) REFERENCES `oauth2_provider_idtoken` (`id`),
  CONSTRAINT `oauth2_provider_acce_source_refresh_token_e66fbc72_fk_oauth2_pr` FOREIGN KEY (`source_refresh_token_id`) REFERENCES `oauth2_provider_refreshtoken` (`id`)
) ENGINE=InnoDB AUTO_INCREMENT=932 DEFAULT CHARSET=utf8mb4 COLLATE=utf8mb4_unicode_520_ci;
/*!40101 SET character_set_client = @saved_cs_client */;

--
-- Dumping data for table `oauth2_provider_accesstoken`
--

LOCK TABLES `oauth2_provider_accesstoken` WRITE;
/*!40000 ALTER TABLE `oauth2_provider_accesstoken` DISABLE KEYS */;
INSERT INTO `oauth2_provider_accesstoken` VALUES (1,'Pi4oE0p5dCw68iGJkfXTq2lSztdvqH','2023-12-25 17:01:02.733679','read write',5,1,'2023-12-25 07:01:02.733679','2023-12-25 07:01:02.733679',NULL,NULL),(2,'DqLAI0HW57LVlSEjASTePQj5WcEaWB','2023-12-27 13:31:39.201805','read write',9,9,'2023-12-27 03:31:39.201805','2023-12-27 03:31:39.201805',NULL,NULL),(3,'4brpaeuyGjtn4DIlltSUP8DbRq3bM0','2023-12-27 14:21:52.189858','read write',9,9,'2023-12-27 04:21:52.197911','2023-12-27 04:21:52.197911',NULL,NULL),(4,'cYi86CBu9szRwRxXkeurgvwYtyj0FF','2023-12-27 14:22:01.475887','read write',9,6,'2023-12-27 04:22:01.476885','2023-12-27 04:22:01.476885',NULL,NULL),(5,'QiRQTHAmqfrmcSOlgLq9pYfAV7YqlH','2023-12-27 14:23:07.618434','read write',9,6,'2023-12-27 04:23:07.618434','2023-12-27 04:23:07.618434',NULL,NULL),(6,'dSyzUlsut0br40Xjv9CZ44atdIXgKP','2023-12-27 18:17:17.138823','read write',9,9,'2023-12-27 08:17:17.148158','2023-12-27 08:17:17.148158',NULL,NULL),(7,'uXrSM3WZkSn5yUxezWrMdrwYf16ISA','2023-12-27 18:17:52.923600','read write',9,6,'2023-12-27 08:17:52.923600','2023-12-27 08:17:52.923600',NULL,NULL),(8,'bDCoeNWzLwFVr4F2H4nlOliowuxDvO','2023-12-27 18:53:49.683650','read write',9,6,'2023-12-27 08:53:49.688016','2023-12-27 08:53:49.688016',NULL,NULL),(9,'42sFo5EvvuxyNLi1GYVvU7pKFUdKYq','2023-12-27 18:54:04.541825','read write',9,23,'2023-12-27 08:54:04.542822','2023-12-27 08:54:04.542822',NULL,NULL),(10,'MiLxvDvjLSnokjnPIhiDG3jArfdvzJ','2023-12-28 13:09:33.051923','read write',9,23,'2023-12-28 03:09:33.052946','2023-12-28 03:09:33.052946',NULL,NULL),(11,'gTC5LIJ8hUgAFN0NZ5OWNHnnALU8b0','2023-12-28 13:11:59.811772','read write',9,6,'2023-12-28 03:11:59.816785','2023-12-28 03:11:59.816785',NULL,NULL),(12,'rlhiMmpq9n5W2i9w9Cb8zVbgCc2hhO','2023-12-28 13:34:35.520220','read write',9,6,'2023-12-28 03:34:35.521721','2023-12-28 03:34:35.521721',NULL,NULL),(13,'CO0IG5kosVQGG02mQ6dHleI1pY427p','2023-12-28 14:22:46.192155','read write',9,6,'2023-12-28 04:22:46.192155','2023-12-28 04:22:46.192155',NULL,NULL),(14,'Mk1K6xxj2gjx8RuQO0JjmZXAmoKfp7','2023-12-28 14:23:27.229444','read write',9,6,'2023-12-28 04:23:27.229444','2023-12-28 04:23:27.229444',NULL,NULL),(15,'KVrhl9g59jWxzgBhsC1BKfhYDyaqEb','2023-12-28 14:24:35.492692','read write',9,6,'2023-12-28 04:24:35.493380','2023-12-28 04:24:35.493380',NULL,NULL),(16,'FwUyBEp59D0MOpDV6hTk7Vt13NvLhd','2023-12-28 14:24:38.923782','read write',9,6,'2023-12-28 04:24:38.924286','2023-12-28 04:24:38.924286',NULL,NULL),(17,'hKZhvnhKKCSaotaHANKrd0hbrj1nkk','2023-12-28 14:28:34.506952','read write',9,6,'2023-12-28 04:28:34.506952','2023-12-28 04:28:34.506952',NULL,NULL),(18,'5XAa8lNWG32BZ5vdFHnv2q9wPbJQD7','2023-12-28 14:29:38.329158','read write',9,6,'2023-12-28 04:29:38.329158','2023-12-28 04:29:38.329158',NULL,NULL),(19,'EHCbZaPCUYjxUpzP4ZCnP5oiIDpQjh','2023-12-28 17:35:05.544808','read write',9,6,'2023-12-28 07:35:05.549248','2023-12-28 07:35:05.549248',NULL,NULL),(20,'9kaieD8yt22I3lcjHXA6wUH4GyBYzJ','2023-12-28 17:51:47.365246','read write',9,6,'2023-12-28 07:51:47.369828','2023-12-28 07:51:47.369828',NULL,NULL),(21,'vsBtGChyGMcfFqWROQZhEjfVwlghyF','2023-12-28 17:57:00.661873','read write',9,6,'2023-12-28 07:57:00.665866','2023-12-28 07:57:00.665866',NULL,NULL),(22,'bsYkbGZt8bJEfJTgjQ5X2AyjejTgL1','2023-12-28 18:12:10.543086','read write',9,6,'2023-12-28 08:12:10.543086','2023-12-28 08:12:10.543086',NULL,NULL),(23,'wS9hvgcV4yUla1cebCdr3kiIUi1mR6','2023-12-28 18:29:43.457656','read write',9,6,'2023-12-28 08:29:43.471777','2023-12-28 08:29:43.471777',NULL,NULL),(24,'6z6Sbm7uFc5BUvILQ1700WJEAyvrCm','2023-12-28 18:38:41.866783','read write',9,6,'2023-12-28 08:38:41.867746','2023-12-28 08:38:41.867746',NULL,NULL),(25,'HlIDZEs3ypDppTzoPsfWmU8UVFKOOq','2023-12-28 18:50:02.211344','read write',9,6,'2023-12-28 08:50:02.211344','2023-12-28 08:50:02.211344',NULL,NULL),(26,'Nmt6zKvobJsbBNLK8yGGptBbaBUjJz','2023-12-28 18:53:58.453380','read write',9,6,'2023-12-28 08:53:58.453380','2023-12-28 08:53:58.453380',NULL,NULL),(27,'d5JvjMmHapa6AMseTB436H5CHANqSj','2023-12-28 18:55:31.834018','read write',9,6,'2023-12-28 08:55:31.834983','2023-12-28 08:55:31.834983',NULL,NULL),(28,'d2EYbGYNTrETdBHUTuMrXMZgWhyZE5','2023-12-28 18:58:17.366772','read write',9,6,'2023-12-28 08:58:17.367751','2023-12-28 08:58:17.367751',NULL,NULL),(29,'DbIVcx3lTWH4sKBMSp52DmxrRjSi7Z','2023-12-28 19:00:05.582800','read write',9,6,'2023-12-28 09:00:05.588892','2023-12-28 09:00:05.588892',NULL,NULL),(30,'e8tEq6vd2W0Gny13Cdr6IJ7NId2uRW','2023-12-28 19:01:41.447674','read write',9,6,'2023-12-28 09:01:41.447674','2023-12-28 09:01:41.447674',NULL,NULL),(31,'W8eT6k89NEgkkdcaEN7H5KY0ShMhVu','2023-12-28 19:06:06.582882','read write',9,6,'2023-12-28 09:06:06.584549','2023-12-28 09:06:06.584549',NULL,NULL),(32,'vBuGtst3vcTtbVIpgk1MaLWSWEiasZ','2023-12-28 19:07:23.879329','read write',9,6,'2023-12-28 09:07:23.880327','2023-12-28 09:07:23.880327',NULL,NULL),(33,'fqu9gCRyY3mtAKHrBKdWoAmUSDouWN','2023-12-28 19:10:04.312254','read write',9,6,'2023-12-28 09:10:04.313252','2023-12-28 09:10:04.313252',NULL,NULL),(34,'JLrbafDu6Avcs9Ca6rUxvkogaevnyk','2023-12-29 13:08:08.658399','read write',9,6,'2023-12-29 03:08:08.670184','2023-12-29 03:08:08.670184',NULL,NULL),(35,'BqwR0AvmPBXFxYZEZWNg1w8WFRm2mJ','2023-12-29 13:19:42.767591','read write',9,6,'2023-12-29 03:19:42.769585','2023-12-29 03:19:42.769585',NULL,NULL),(36,'CcfQx4TsE0vtPMi3Pb6faEriqEiYD5','2023-12-29 13:38:57.947760','read write',9,6,'2023-12-29 03:38:57.951269','2023-12-29 03:38:57.951269',NULL,NULL),(37,'4pXwOnnKRq888hIRZiO4jx2RL5NCC6','2023-12-29 13:40:50.941127','read write',9,6,'2023-12-29 03:40:50.941127','2023-12-29 03:40:50.941127',NULL,NULL),(38,'i5umXHzObkKYvdxV5opqoytbDKTFCN','2023-12-29 13:42:48.169235','read write',9,6,'2023-12-29 03:42:48.172272','2023-12-29 03:42:48.172272',NULL,NULL),(39,'o1wvlCdWMpmUZ7cj4yQZ2wLpbyJd8B','2023-12-29 14:01:07.282558','read write',9,6,'2023-12-29 04:01:07.287066','2023-12-29 04:01:07.287066',NULL,NULL),(40,'FhNJ8bmiIup7z3mRnWUmrbkKrQsNRB','2023-12-29 14:01:13.106238','read write',9,6,'2023-12-29 04:01:13.106238','2023-12-29 04:01:13.106238',NULL,NULL),(41,'ZoldJynHodSVRJVJV96shtytPvOzSU','2023-12-29 14:02:10.364278','read write',9,6,'2023-12-29 04:02:10.364278','2023-12-29 04:02:10.364278',NULL,NULL),(42,'aLdvMREBjwphn312o6Rqu0VfjRIVab','2023-12-29 14:04:10.607356','read write',9,6,'2023-12-29 04:04:10.608353','2023-12-29 04:04:10.608353',NULL,NULL),(43,'Jx277x9D52guOVFKwQrv2TZUSTbJKs','2023-12-29 14:04:53.288879','read write',9,8,'2023-12-29 04:04:53.298907','2023-12-29 04:04:53.298907',NULL,NULL),(44,'xKDt9Ro0Tzpk8cIZOGHO73y3AvE8Z2','2023-12-29 14:04:54.968768','read write',9,8,'2023-12-29 04:04:54.968768','2023-12-29 04:04:54.968768',NULL,NULL),(45,'7bcmONIhv3RsX0DBgSnaOxOHb9dPXz','2023-12-29 14:05:05.991427','read write',9,8,'2023-12-29 04:05:05.991427','2023-12-29 04:05:05.991427',NULL,NULL),(46,'xSjTYWLeEyUeNHoMh7vPoPR47QmH2A','2024-01-02 14:13:35.305932','read write',9,6,'2024-01-02 04:13:35.305932','2024-01-02 04:13:35.305932',NULL,NULL),(47,'2zOxJsLosVZcrmrZFxrzA0fWCULpy4','2024-01-02 14:13:35.349641','read write',9,6,'2024-01-02 04:13:35.349641','2024-01-02 04:13:35.349641',NULL,NULL),(48,'Mtmbv1hhDFtC5yq1RYHLLwdBUNYBtN','2024-01-02 16:21:06.487620','read write',9,6,'2024-01-02 06:21:06.507895','2024-01-02 06:21:06.507895',NULL,NULL),(49,'RnX7k9GUcb7ZyFNLwlL9W8hYjtOnZX','2024-01-07 11:06:05.409509','read write',9,6,'2024-01-07 01:06:05.410506','2024-01-07 01:06:05.410506',NULL,NULL),(50,'eZcd1ckkLjyLbifty5BdcQ1JPlPnEj','2024-01-08 13:57:40.748726','read write',9,6,'2024-01-08 03:57:40.761081','2024-01-08 03:57:40.761081',NULL,NULL),(51,'UcM61FYPYyEbbtZ7yUuEiUZKeOoi3U','2024-01-08 14:03:27.979283','read write',9,6,'2024-01-08 04:03:27.981514','2024-01-08 04:03:27.981514',NULL,NULL),(52,'RiBu16cTvfxWxXVfeARYv2Ux43aH3z','2024-01-08 14:37:49.387723','read write',9,6,'2024-01-08 04:37:49.393748','2024-01-08 04:37:49.393748',NULL,NULL),(53,'GJK2dmjOgueC0alBtLwfRNeKaJ0hwC','2024-01-08 14:37:55.956277','read write',9,6,'2024-01-08 04:37:55.956392','2024-01-08 04:37:55.956392',NULL,NULL),(54,'KmJxrBXlaNAIWIKK1qYa7YoLkl7fD3','2024-01-08 14:40:44.207127','read write',9,6,'2024-01-08 04:40:44.208125','2024-01-08 04:40:44.208125',NULL,NULL),(55,'2znXKBLEb6AhaO9shSoDOtQ1mNkGFZ','2024-01-08 14:41:38.459689','read write',9,6,'2024-01-08 04:41:38.460687','2024-01-08 04:41:38.460687',NULL,NULL),(56,'MWQflKFNXSWkhSJrjjzYANU7KrqUOA','2024-01-08 14:47:09.535004','read write',9,6,'2024-01-08 04:47:09.535507','2024-01-08 04:47:09.535507',NULL,NULL),(57,'ZPJ63LtOcymcJAO92L486nl3n5zCxl','2024-01-08 14:47:43.519371','read write',9,6,'2024-01-08 04:47:43.519371','2024-01-08 04:47:43.519371',NULL,NULL),(58,'bzdMW57LmqGk3SCSlMNu8FlkU61J8p','2024-01-08 14:47:56.842710','read write',9,6,'2024-01-08 04:47:56.846971','2024-01-08 04:47:56.846971',NULL,NULL),(59,'JbWMGkmLeESVKkVxc601EKeLm2SiUk','2024-01-08 14:49:12.656248','read write',9,6,'2024-01-08 04:49:12.656248','2024-01-08 04:49:12.656248',NULL,NULL),(60,'1QK4upwqdK2yrUqgQ109AaHKxNs7SP','2024-01-08 14:51:18.698488','read write',9,6,'2024-01-08 04:51:18.698488','2024-01-08 04:51:18.698488',NULL,NULL),(61,'Vi7XwL8EUtvpCh2ZWCNp5KR6HS4Z10','2024-01-08 14:52:40.503333','read write',9,6,'2024-01-08 04:52:40.504836','2024-01-08 04:52:40.504836',NULL,NULL),(62,'ALDx0EzPTiRlZalWWFZl8kvf9V9dpV','2024-01-08 14:55:07.330424','read write',9,6,'2024-01-08 04:55:07.330424','2024-01-08 04:55:07.330424',NULL,NULL),(63,'ZctUMbyA4rVXMlz1vioNEsTpz2hDgU','2024-01-08 14:55:36.214246','read write',9,6,'2024-01-08 04:55:36.215247','2024-01-08 04:55:36.215247',NULL,NULL),(64,'891hjLfBxfhkUqUGvuGYQTnYk3OIRM','2024-01-08 14:56:32.610421','read write',9,6,'2024-01-08 04:56:32.610421','2024-01-08 04:56:32.610421',NULL,NULL),(65,'eRM0tsBf7St4gNeK5hUo4MODZWs3Yp','2024-01-08 14:59:17.423159','read write',9,6,'2024-01-08 04:59:17.424665','2024-01-08 04:59:17.424665',NULL,NULL),(66,'qAelxARddCnz76g0Vy1k46qkwvlTGw','2024-01-08 16:43:57.758288','read write',9,6,'2024-01-08 06:43:57.763294','2024-01-08 06:43:57.763294',NULL,NULL),(67,'0Rc98HMiifUEfe6nSFBGXVm882OT5U','2024-01-08 16:44:42.081464','read write',9,6,'2024-01-08 06:44:42.082966','2024-01-08 06:44:42.082966',NULL,NULL),(68,'CB2xIVKp1rDJbu7tDG0Iz6L9QXRDvY','2024-01-08 16:47:23.038202','read write',9,6,'2024-01-08 06:47:23.041711','2024-01-08 06:47:23.041711',NULL,NULL),(69,'21ke95xmlFXtuWiunLom46nc4K9ZTl','2024-01-08 16:48:14.426239','read write',9,6,'2024-01-08 06:48:14.427236','2024-01-08 06:48:14.427236',NULL,NULL),(70,'fMx4Ypb9rx2H81teezKIawEeF0gohj','2024-01-08 16:57:52.986646','read write',9,6,'2024-01-08 06:57:52.988640','2024-01-08 06:57:52.988640',NULL,NULL),(71,'Cilc9Psb2CktIxKC7GsOFi03B7rqwP','2024-01-08 16:59:07.293610','read write',9,6,'2024-01-08 06:59:07.295856','2024-01-08 06:59:07.295856',NULL,NULL),(72,'8ulFWQrasSPQQpDM4uHJ3T4AkF74xS','2024-01-08 16:59:16.116995','read write',9,6,'2024-01-08 06:59:16.116995','2024-01-08 06:59:16.116995',NULL,NULL),(73,'sjXd47vL9plOSkv474GWFnZF2TIX31','2024-01-08 17:00:37.941458','read write',9,6,'2024-01-08 07:00:37.944506','2024-01-08 07:00:37.944506',NULL,NULL),(74,'MEsWqaBT9KZZcVGKmDwGF5PDKPZ0iH','2024-01-08 17:02:22.275565','read write',9,6,'2024-01-08 07:02:22.276560','2024-01-08 07:02:22.276560',NULL,NULL),(75,'GQzyDF7FSTBoV3mLcAWWZsC8vRvEaD','2024-01-08 17:26:19.289156','read write',9,6,'2024-01-08 07:26:19.295578','2024-01-08 07:26:19.295578',NULL,NULL),(76,'vZKvSoiNSQ9lm4yUsFTz7cZpUMZ0RM','2024-01-08 17:27:55.719656','read write',9,6,'2024-01-08 07:27:55.720161','2024-01-08 07:27:55.720161',NULL,NULL),(77,'1nsZVRIh1xkkzvxLbUCMttZhj6ZqbB','2024-01-08 17:42:50.664816','read write',9,6,'2024-01-08 07:42:50.664816','2024-01-08 07:42:50.664816',NULL,NULL),(78,'xPi0h0AccNE3lMYgPjVgvZNrrSRqWL','2024-01-08 17:44:39.249476','read write',9,6,'2024-01-08 07:44:39.253465','2024-01-08 07:44:39.253465',NULL,NULL),(79,'az0AuMmBIjXRD7UrJmkS0EqkECKlQI','2024-01-08 17:46:30.384582','read write',9,6,'2024-01-08 07:46:30.385579','2024-01-08 07:46:30.385579',NULL,NULL),(80,'2UxCYMFLLDVohT7X3AncwAaImRKLeC','2024-01-08 17:50:40.021177','read write',9,6,'2024-01-08 07:50:40.021177','2024-01-08 07:50:40.021177',NULL,NULL),(81,'nPV9cZukhfFJ8TYybCYm2hJ3zsTtV9','2024-01-08 17:54:43.224880','read write',9,8,'2024-01-08 07:54:43.226394','2024-01-08 07:54:43.226394',NULL,NULL),(82,'iCDYPTNCEnkA7cqAxxmdYKY3pJQqLt','2024-01-08 17:55:59.162418','read write',9,8,'2024-01-08 07:55:59.163415','2024-01-08 07:55:59.163415',NULL,NULL),(83,'cmPbeLDi7fCzJWYQHRn7LOwCHjHppS','2024-01-08 17:58:52.176347','read write',9,8,'2024-01-08 07:58:52.176347','2024-01-08 07:58:52.176347',NULL,NULL),(84,'bSlAmtsF7ucu9SMLnJrLO3ust1mPVi','2024-01-08 18:20:15.165468','read write',9,6,'2024-01-08 08:20:15.169620','2024-01-08 08:20:15.169620',NULL,NULL),(85,'6TUzMe5brT5YrC5mkwC5dtkosLhz9w','2024-01-08 18:47:22.781849','read write',9,6,'2024-01-08 08:47:22.783845','2024-01-08 08:47:22.783845',NULL,NULL),(86,'2QkcTNq8cpBxoQgH6frUqOvKjkwFyI','2024-01-12 13:17:22.867408','read write',9,6,'2024-01-12 03:17:22.875893','2024-01-12 03:17:22.875893',NULL,NULL),(87,'qlmVYiDGBTA2cdh5EXrGTaRnh4qVfs','2024-01-12 13:20:06.085460','read write',9,6,'2024-01-12 03:20:06.085460','2024-01-12 03:20:06.085460',NULL,NULL),(88,'lPHRcMvPRFHCdRIZxZUUM3tjAvKBZV','2024-01-12 13:23:53.748604','read write',9,6,'2024-01-12 03:23:53.748604','2024-01-12 03:23:53.748604',NULL,NULL),(89,'WtpVOj3Eg9aAOYvlIwsMiWckvWpthc','2024-01-12 13:32:01.856447','read write',9,6,'2024-01-12 03:32:01.860722','2024-01-12 03:32:01.860722',NULL,NULL),(90,'2z4mE5r8bCfMbjZlXCDYBQyLTPo5Ra','2024-01-12 13:35:25.391166','read write',9,6,'2024-01-12 03:35:25.392132','2024-01-12 03:35:25.392132',NULL,NULL),(91,'8oSs2xks2BbZn1uK3PpqHdcE0OnZ4c','2024-01-12 13:37:14.051021','read write',9,6,'2024-01-12 03:37:14.051021','2024-01-12 03:37:14.051021',NULL,NULL),(92,'gZewCyjiSN3YRsBKirAVhbt133pKXL','2024-01-12 13:42:19.268070','read write',9,6,'2024-01-12 03:42:19.270065','2024-01-12 03:42:19.270065',NULL,NULL),(93,'X0pl9ZU9yXtri3XwyoQ0btlU5ixwPM','2024-01-12 13:44:26.053644','read write',9,6,'2024-01-12 03:44:26.053644','2024-01-12 03:44:26.053644',NULL,NULL),(94,'Sn9JzGyCQPvLmvzo2h5Zcg73P9FGR8','2024-01-12 13:53:37.960219','read write',9,6,'2024-01-12 03:53:37.973759','2024-01-12 03:53:37.973759',NULL,NULL),(95,'keicuUTQky7sEHh7zOIX7dQkrSdPUk','2024-01-12 13:54:22.833016','read write',9,6,'2024-01-12 03:54:22.833016','2024-01-12 03:54:22.833016',NULL,NULL),(96,'f2xluWlZNLhsmuxHFpf1mBBpWLr0jE','2024-01-12 13:55:53.102635','read write',9,6,'2024-01-12 03:55:53.103633','2024-01-12 03:55:53.103633',NULL,NULL),(97,'dZmf9ZvCYNvRu9jLbX1O4wB79TQNmV','2024-01-12 14:05:05.143485','read write',9,8,'2024-01-12 04:05:05.143573','2024-01-12 04:05:05.143573',NULL,NULL),(98,'GOZDPKhU7gggALAIVCTAlxWH9sTMmn','2024-01-12 14:06:13.717788','read write',9,8,'2024-01-12 04:06:13.717788','2024-01-12 04:06:13.717788',NULL,NULL),(99,'DbA2A4KsB5NxoAvn8AbGEzwwEPX8DM','2024-01-12 14:07:19.735743','read write',9,6,'2024-01-12 04:07:19.735743','2024-01-12 04:07:19.735743',NULL,NULL),(100,'PYETyOReEVV8v5MtyOpVnIZkXzuxI9','2024-01-12 14:08:46.236106','read write',9,6,'2024-01-12 04:08:46.245033','2024-01-12 04:08:46.245033',NULL,NULL),(101,'OSesij2QmhuE0SmuNNiVM74PHWG3XT','2024-01-12 14:16:46.350813','read write',9,6,'2024-01-12 04:16:46.355868','2024-01-12 04:16:46.355868',NULL,NULL),(102,'PqlqZuLWSJbVCJ0gSvxcjrslwwS1yn','2024-01-12 14:16:53.727376','read write',9,6,'2024-01-12 04:16:53.727376','2024-01-12 04:16:53.727376',NULL,NULL),(103,'fGD1LScrFv2jZNElfkjEakRBXMpW3W','2024-01-12 14:18:14.005136','read write',9,6,'2024-01-12 04:18:14.005136','2024-01-12 04:18:14.005136',NULL,NULL),(104,'YZ7fOiDwizUWQVINv3lwQP2OK7KEWH','2024-01-12 14:19:13.097978','read write',9,6,'2024-01-12 04:19:13.098976','2024-01-12 04:19:13.098976',NULL,NULL),(105,'LtNRLLwUlnL1QtJEEyD6ys8qX0XrCg','2024-01-12 14:19:44.276033','read write',9,8,'2024-01-12 04:19:44.276864','2024-01-12 04:19:44.276864',NULL,NULL),(106,'EMakM5MG6sEHQdTgUz3jPmO3LCKm7A','2024-01-12 14:21:14.710468','read write',9,6,'2024-01-12 04:21:14.710468','2024-01-12 04:21:14.710468',NULL,NULL),(107,'gOc8jttRop5nGz5tmkqKZA9sHFU2aL','2024-01-12 14:21:56.941298','read write',9,8,'2024-01-12 04:21:56.941298','2024-01-12 04:21:56.941298',NULL,NULL),(108,'RLcuAFlE4FtJaEH3hLcMJq8azXoo2E','2024-01-12 14:25:49.731207','read write',9,8,'2024-01-12 04:25:49.732202','2024-01-12 04:25:49.732202',NULL,NULL),(109,'zImCGQIek2tD92NSb3OCO78LoithZe','2024-01-12 14:28:57.243529','read write',9,8,'2024-01-12 04:28:57.245034','2024-01-12 04:28:57.245034',NULL,NULL),(110,'7mPNWxFYmlmi1D6xk3NuZKGnNwqyj0','2024-01-12 14:41:36.859087','read write',9,8,'2024-01-12 04:41:36.860086','2024-01-12 04:41:36.860086',NULL,NULL),(111,'6Tb41XvVIT4w8aDWxtxctLrPkCF6GW','2024-01-12 14:42:59.298227','read write',9,8,'2024-01-12 04:42:59.299193','2024-01-12 04:42:59.299193',NULL,NULL),(112,'puXcK8ALLStj6DykU2PCE5UAEnaoHm','2024-01-12 14:43:16.199107','read write',9,6,'2024-01-12 04:43:16.207032','2024-01-12 04:43:16.207032',NULL,NULL),(113,'rY5jXn2XJTDAn7XG60k2vEaHxaROgX','2024-01-12 17:11:42.401998','read write',9,8,'2024-01-12 07:11:42.404461','2024-01-12 07:11:42.404461',NULL,NULL),(114,'U5dXJ8QDViLHmisjtuWaDzzREq607k','2024-01-12 17:13:46.654970','read write',9,8,'2024-01-12 07:13:46.657960','2024-01-12 07:13:46.657960',NULL,NULL),(115,'IaORCDjKuUEgwBctgj0m3EEX4m0ORB','2024-01-12 17:17:33.776517','read write',9,8,'2024-01-12 07:17:33.778511','2024-01-12 07:17:33.778511',NULL,NULL),(116,'lV7lbx8Vy51A3KTHIr28dYNqq9GRoN','2024-01-12 17:18:08.511902','read write',9,8,'2024-01-12 07:18:08.512902','2024-01-12 07:18:08.512902',NULL,NULL),(117,'tBZMrG81xAKrCLCEKXOFG3VGgK3xyw','2024-01-12 17:18:27.112679','read write',9,8,'2024-01-12 07:18:27.112679','2024-01-12 07:18:27.112679',NULL,NULL),(118,'FWGRqAIewA4NanjzruU1CiW4GxZVpS','2024-01-12 17:21:51.478640','read write',9,8,'2024-01-12 07:21:51.480215','2024-01-12 07:21:51.480215',NULL,NULL),(119,'5v4idJh3rPP3051WGYmi66mbJ5T9w1','2024-01-12 17:25:16.413279','read write',9,8,'2024-01-12 07:25:16.413279','2024-01-12 07:25:16.413279',NULL,NULL),(120,'iM7z9zaZ4d3K1LiunYWEy7V2fYkmJk','2024-01-12 17:27:24.172091','read write',9,8,'2024-01-12 07:27:24.172091','2024-01-12 07:27:24.172091',NULL,NULL),(121,'WtFzeCNiMkUJgU59VrlRBN83ZHxaLF','2024-01-12 17:29:28.552300','read write',9,8,'2024-01-12 07:29:28.553330','2024-01-12 07:29:28.553330',NULL,NULL),(122,'jmEFh5fUb4tSwGdJgLQhJJd0eTbJYL','2024-01-12 17:31:11.483247','read write',9,8,'2024-01-12 07:31:11.483247','2024-01-12 07:31:11.483247',NULL,NULL),(123,'v0qd2lEA7pmYTaKUiM54fatrJ8KKqj','2024-01-12 17:32:44.265575','read write',9,8,'2024-01-12 07:32:44.266538','2024-01-12 07:32:44.266538',NULL,NULL),(124,'cZcVYa4zSJWR90XRABpUXJRao32V8e','2024-01-12 17:40:15.106111','read write',9,8,'2024-01-12 07:40:15.107109','2024-01-12 07:40:15.107109',NULL,NULL),(125,'Q1ac4foTIU8QSw0QFfDPtkdKncpRrY','2024-01-12 17:44:23.847046','read write',9,8,'2024-01-12 07:44:23.848045','2024-01-12 07:44:23.849049',NULL,NULL),(126,'H1bd70MohM74rtrQkCnKuzvlMZNtgh','2024-01-12 17:50:23.224612','read write',9,8,'2024-01-12 07:50:23.228101','2024-01-12 07:50:23.228101',NULL,NULL),(127,'0ewb3Ah2gK6XmJaEKoVSXbtHqFxBE8','2024-01-12 17:55:27.813016','read write',9,8,'2024-01-12 07:55:27.815010','2024-01-12 07:55:27.815010',NULL,NULL),(128,'wcqqhWD1UgXDrcwqJvy2wVCYDubgX1','2024-01-12 18:01:28.138011','read write',9,8,'2024-01-12 08:01:28.154172','2024-01-12 08:01:28.154172',NULL,NULL),(129,'aJClzQxf6CXjwpFycm7F4212FZYlst','2024-01-12 18:08:53.823633','read write',9,8,'2024-01-12 08:08:53.825628','2024-01-12 08:08:53.825628',NULL,NULL),(130,'PwyErOCpAwfelVqpid0EBV38PFVUXj','2024-01-12 18:10:18.600324','read write',9,8,'2024-01-12 08:10:18.600828','2024-01-12 08:10:18.600828',NULL,NULL),(131,'k38lCTiv16gQUlPCkCWp5vMsRjCovg','2024-01-12 18:18:10.575396','read write',9,8,'2024-01-12 08:18:10.577392','2024-01-12 08:18:10.577392',NULL,NULL),(132,'FBq5Fk8tT8uxgyTsGvc0kkWSomet7k','2024-01-12 18:37:53.373180','read write',9,8,'2024-01-12 08:37:53.376437','2024-01-12 08:37:53.376437',NULL,NULL),(133,'JZg8L3LdqHh86mEGNVKMQkhRANxmih','2024-01-15 02:52:52.855928','read write',9,8,'2024-01-14 16:52:52.859090','2024-01-14 16:52:52.859090',NULL,NULL),(134,'gK2aGzeQu2M6iIand3VycQ12wvw7Rr','2024-01-15 03:05:47.996519','read write',9,8,'2024-01-14 17:05:47.999271','2024-01-14 17:05:47.999271',NULL,NULL),(135,'6qKsvLxSe0iTWdwNWUVvRRXyXIi1dd','2024-01-15 03:09:59.484481','read write',9,8,'2024-01-14 17:09:59.485729','2024-01-14 17:09:59.485729',NULL,NULL),(136,'JazHDXdvViVokJBeBy4ZeCy621K5OL','2024-01-15 03:21:21.063343','read write',9,8,'2024-01-14 17:21:21.066343','2024-01-14 17:21:21.066343',NULL,NULL),(137,'J7ygbf9AU2j2tBYZmVdBpupijD6eiI','2024-01-15 03:22:24.623244','read write',9,8,'2024-01-14 17:22:24.624508','2024-01-14 17:22:24.624508',NULL,NULL),(138,'1ija8hPeIUNJUHT636XJIVGhDjAcNl','2024-01-15 03:42:46.560082','read write',9,8,'2024-01-14 17:42:46.569086','2024-01-14 17:42:46.569086',NULL,NULL),(139,'dmY2WuBrBtSXCq0Gfz1uEgdHCPdjQL','2024-01-15 03:57:41.433322','read write',9,8,'2024-01-14 17:57:41.438875','2024-01-14 17:57:41.438875',NULL,NULL),(140,'pZiqViHj79yfXcrdCusPP6pAuoD5gd','2024-01-15 04:00:42.551248','read write',9,8,'2024-01-14 18:00:42.552249','2024-01-14 18:00:42.552249',NULL,NULL),(141,'VNkVaPcnJWksgVI07qDlS94gn4bJNL','2024-01-15 04:02:11.395483','read write',9,8,'2024-01-14 18:02:11.396480','2024-01-14 18:02:11.396480',NULL,NULL),(142,'FidscDsKkTuuFrqDz1vW1q15M9TTVK','2024-01-15 04:05:07.666285','read write',9,8,'2024-01-14 18:05:07.667047','2024-01-14 18:05:07.667047',NULL,NULL),(143,'yqCMIhseH7tNgsDzEbSadPxW6tlf7n','2024-01-15 04:15:47.887204','read write',9,8,'2024-01-14 18:15:47.889714','2024-01-14 18:15:47.889714',NULL,NULL),(144,'IzEg5bSxjOYVTvgjatkWtLBukebUIS','2024-01-15 04:30:50.637512','read write',9,8,'2024-01-14 18:30:50.640511','2024-01-14 18:30:50.640511',NULL,NULL),(145,'DQqDOgyVR0FlLRQwogUdO5m5wFqNuM','2024-01-15 04:34:20.846937','read write',9,8,'2024-01-14 18:34:20.846937','2024-01-14 18:34:20.846937',NULL,NULL),(146,'4OJjNEVf4QTvwCPcniC9hJvzb6bebA','2024-01-15 04:36:44.963928','read write',9,8,'2024-01-14 18:36:44.963928','2024-01-14 18:36:44.963928',NULL,NULL),(147,'ChaXGQYvkbFicIn9BCQujPM9G1N5Sx','2024-01-15 04:55:06.122368','read write',9,8,'2024-01-14 18:55:06.254667','2024-01-14 18:55:06.254667',NULL,NULL),(148,'KrvjVgFJkyZVg3GiObB8Dim02tLtyh','2024-01-15 05:33:21.718753','read write',9,8,'2024-01-14 19:33:21.731408','2024-01-14 19:33:21.731408',NULL,NULL),(149,'c4lxUsCZBAh5fjJWB9CQINB2KX8PET','2024-01-15 06:10:53.542894','read write',9,8,'2024-01-14 20:10:53.545360','2024-01-14 20:10:53.545360',NULL,NULL),(150,'dzFBufKvcJLCIqJx2Y1ENtD8EQANFn','2024-01-15 06:11:31.513820','read write',9,8,'2024-01-14 20:11:31.513820','2024-01-14 20:11:31.513820',NULL,NULL),(151,'mFNqfUg2x14nnHgh5zYHKSIfjPOt65','2024-01-15 06:12:41.029699','read write',9,8,'2024-01-14 20:12:41.029699','2024-01-14 20:12:41.029699',NULL,NULL),(152,'K6BKkJV84ibgp2McLXNmddARfgs1jm','2024-01-15 06:24:25.489594','read write',9,8,'2024-01-14 20:24:25.490625','2024-01-14 20:24:25.490625',NULL,NULL),(153,'CnK4tJQ5VPdA6objMpNpZL3qPq5hcF','2024-01-15 06:33:38.044328','read write',9,8,'2024-01-14 20:33:38.045327','2024-01-14 20:33:38.045327',NULL,NULL),(154,'PCJq0LwJUl7O1GsA5eVanFkS9CvRqJ','2024-01-15 06:40:29.073024','read write',9,8,'2024-01-14 20:40:29.073024','2024-01-14 20:40:29.073024',NULL,NULL),(155,'uNp6dbHiy2a5KIyfHcGUPI8XLaqvdk','2024-01-16 16:32:43.538069','read write',9,8,'2024-01-16 06:32:43.538069','2024-01-16 06:32:43.539066',NULL,NULL),(156,'iIrM2Y2UohUVkhQWmi3UkWgclrY1D6','2024-01-16 17:30:45.014957','read write',9,8,'2024-01-16 07:30:45.397975','2024-01-16 07:30:45.397975',NULL,NULL),(157,'4l9OpqGcOi80vYNUbMln7DxMechGzt','2024-01-16 17:41:14.165526','read write',9,8,'2024-01-16 07:41:14.173028','2024-01-16 07:41:14.173028',NULL,NULL),(158,'j2zfD0avxokabgST3lqaKY7tSrlu9p','2024-01-16 17:47:16.035646','read write',9,8,'2024-01-16 07:47:16.042184','2024-01-16 07:47:16.042184',NULL,NULL),(159,'HNHfIwQjIGg0xDXgPApem4ph0FRDAh','2024-01-16 18:10:30.740423','read write',9,8,'2024-01-16 08:10:30.774991','2024-01-16 08:10:30.774991',NULL,NULL),(160,'xTSEJX4r9cI5jqIHfw6yuUqu21jCdj','2024-01-16 18:12:22.321336','read write',9,8,'2024-01-16 08:12:22.322334','2024-01-16 08:12:22.322334',NULL,NULL),(161,'IKcbc5OizFe2K11iVd09FVoBoE4Z47','2024-01-16 18:58:20.609405','read write',9,8,'2024-01-16 08:58:20.625410','2024-01-16 08:58:20.625410',NULL,NULL),(162,'mWsiWFjaNPwicHrk3dMGUhrmL7RWiN','2024-01-16 19:03:18.756601','read write',9,8,'2024-01-16 09:03:18.762585','2024-01-16 09:03:18.762585',NULL,NULL),(163,'63m4YOo9IbNnA96x4XxU5vNTTeQPOI','2024-01-16 19:23:11.146844','read write',9,8,'2024-01-16 09:23:11.150002','2024-01-16 09:23:11.150002',NULL,NULL),(164,'N8VKMpdgpmXgpvpTnDEFbPibiqeeIU','2024-01-16 19:28:46.981034','read write',9,8,'2024-01-16 09:28:46.984782','2024-01-16 09:28:46.985285',NULL,NULL),(165,'qU29r8wOd2IbSpYU8ISrk7MbV4atA5','2024-01-16 19:35:40.246848','read write',9,8,'2024-01-16 09:35:40.248842','2024-01-16 09:35:40.248842',NULL,NULL),(166,'nLmi5ubyHQ1BeBRuVOMLdmsxQRp79v','2024-01-16 19:36:37.893857','read write',9,8,'2024-01-16 09:36:37.898881','2024-01-16 09:36:37.898881',NULL,NULL),(167,'0m17t5gWVnfgxGzNFdecCE6Pr1tt6A','2024-01-16 19:41:22.990293','read write',9,8,'2024-01-16 09:41:23.002145','2024-01-16 09:41:23.002145',NULL,NULL),(168,'J3FmsrGPssHe6kVa9XThyBrOIBvANf','2024-01-16 19:48:54.014972','read write',9,8,'2024-01-16 09:48:54.021124','2024-01-16 09:48:54.021124',NULL,NULL),(169,'QwLgokXGViQPG1SCR2q9PsRn5wl6DU','2024-01-16 20:07:10.997941','read write',9,8,'2024-01-16 10:07:11.006946','2024-01-16 10:07:11.006946',NULL,NULL),(170,'NVQh0414prDAKAGJ2zwGQAxs7QIT1j','2024-01-16 20:17:41.352739','read write',9,8,'2024-01-16 10:17:41.353738','2024-01-16 10:17:41.353738',NULL,NULL),(171,'aBqJ6fhzDctKm57p2wg8WgiR3EkCm9','2024-01-16 20:18:25.928596','read write',9,8,'2024-01-16 10:18:25.928596','2024-01-16 10:18:25.928596',NULL,NULL),(172,'CHDSKMxIitVxiE81mZKgxROPne0OAc','2024-01-16 20:27:41.712285','read write',9,8,'2024-01-16 10:27:41.719811','2024-01-16 10:27:41.719811',NULL,NULL),(173,'62hDW6kl7ciLwOkSyv8sDQ2CHvQ5tQ','2024-01-16 20:39:53.719032','read write',9,8,'2024-01-16 10:39:53.731072','2024-01-16 10:39:53.731072',NULL,NULL),(174,'dwacYoZfdxkowho91QUh4KM3BLMtKR','2024-01-16 20:40:52.460936','read write',9,8,'2024-01-16 10:40:52.460936','2024-01-16 10:40:52.460936',NULL,NULL),(175,'b41UIvOMp0u2OYvmz1sAHyrzQyPS2a','2024-01-16 20:44:43.947422','read write',9,8,'2024-01-16 10:44:43.956180','2024-01-16 10:44:43.956180',NULL,NULL),(176,'PjhwWjufVpPUDoWVDYi4JCsPyIvLRF','2024-01-16 20:48:30.539225','read write',9,8,'2024-01-16 10:48:30.543727','2024-01-16 10:48:30.543727',NULL,NULL),(177,'FwT1dLa9soUoUeCUPICSi1yfGCPdAu','2024-01-16 20:56:22.757113','read write',9,8,'2024-01-16 10:56:22.761102','2024-01-16 10:56:22.762100',NULL,NULL),(178,'LSFSEhqlfiyqYCJ0vvzhQgpyNARtPd','2024-01-16 20:57:01.536728','read write',9,8,'2024-01-16 10:57:01.536728','2024-01-16 10:57:01.536728',NULL,NULL),(179,'8n5oZB1VDOvyKGCrxOeiruy8wAcw5G','2024-01-16 21:01:09.694579','read write',9,8,'2024-01-16 11:01:09.696916','2024-01-16 11:01:09.696916',NULL,NULL),(180,'pS7ck2OhDX7342Q4UXhoUDLE7wnaQm','2024-01-17 13:47:23.889488','read write',9,8,'2024-01-17 03:47:23.890484','2024-01-17 03:47:23.890484',NULL,NULL),(181,'9y7ZnHxJiXoP9SSCR1p9XPJ7XmGmMZ','2024-01-17 13:55:37.367300','read write',9,8,'2024-01-17 03:55:37.377454','2024-01-17 03:55:37.377454',NULL,NULL),(182,'yTMMLrBozE06HToMB4mVTS5XUa1k6Q','2024-01-17 14:01:49.504992','read write',9,8,'2024-01-17 04:01:49.505958','2024-01-17 04:01:49.505958',NULL,NULL),(183,'sAOOa9qtJjtps5PcmtIFRYd9zT0ksl','2024-01-17 14:05:38.317612','read write',9,8,'2024-01-17 04:05:38.319606','2024-01-17 04:05:38.319606',NULL,NULL),(184,'dtoaUimXHvi3nTRd6kUd33ZKL3QIi9','2024-01-17 14:23:42.229785','read write',9,8,'2024-01-17 04:23:42.244003','2024-01-17 04:23:42.244003',NULL,NULL),(185,'8IC1oPkmmX2yGLvS58XoQl8wyVNCKM','2024-01-17 14:27:21.962859','read write',9,8,'2024-01-17 04:27:21.963858','2024-01-17 04:27:21.963858',NULL,NULL),(186,'naTBbwOObKvgjt5omKXfZHnNUhKpGb','2024-01-17 14:42:48.870968','read write',9,8,'2024-01-17 04:42:48.872822','2024-01-17 04:42:48.872822',NULL,NULL),(187,'wiUYvNQTbgfH6rJXziQ7IYcno4zCxT','2024-01-17 14:44:27.070564','read write',9,8,'2024-01-17 04:44:27.070564','2024-01-17 04:44:27.070564',NULL,NULL),(188,'9xXig8pipmKPcADV4YeNO4DxdYCua2','2024-01-17 17:00:47.181554','read write',9,8,'2024-01-17 07:00:47.199292','2024-01-17 07:00:47.199292',NULL,NULL),(189,'AOE0qxEFeVkaeY3rZjsaXt2d8OqsJz','2024-01-17 17:27:40.065783','read write',9,8,'2024-01-17 07:27:40.065783','2024-01-17 07:27:40.065783',NULL,NULL),(190,'KLnyJhzmK3BMDouecLTnJtMvnTnmv4','2024-01-17 17:29:46.769881','read write',9,6,'2024-01-17 07:29:46.772873','2024-01-17 07:29:46.772873',NULL,NULL),(191,'43h3j24m66d5sPhZGaYA1n4ft0LHeZ','2024-01-17 18:37:18.151205','read write',9,8,'2024-01-17 08:37:18.160854','2024-01-17 08:37:18.160854',NULL,NULL),(192,'GZVFmlp2lam7vgXv49vnzdDBnpbcnP','2024-01-17 18:39:48.526553','read write',9,26,'2024-01-17 08:39:48.527551','2024-01-17 08:39:48.527551',NULL,NULL),(193,'GB4OL73NOTQCk9mK0AbUpxvsjPRAeP','2024-01-17 19:31:43.165959','read write',9,29,'2024-01-17 09:31:43.181217','2024-01-17 09:31:43.181217',NULL,NULL),(194,'CBoLpqJvmdhSMuF9Urg2xWopQBeDWl','2024-01-17 19:41:52.713229','read write',9,29,'2024-01-17 09:41:52.715222','2024-01-17 09:41:52.715222',NULL,NULL),(195,'u4aD2hvQsm2otpKac9ycuhnRItgZll','2024-01-17 19:43:25.717849','read write',9,29,'2024-01-17 09:43:25.724115','2024-01-17 09:43:25.724115',NULL,NULL),(196,'Jhj4mGqYo070yZcEYVMFaaqFWo87EH','2024-01-17 19:47:43.355809','read write',9,29,'2024-01-17 09:47:43.357803','2024-01-17 09:47:43.357803',NULL,NULL),(197,'9myZkN1jGN8nKxznmfoXdvOqwiwdMk','2024-01-17 19:48:15.549553','read write',9,29,'2024-01-17 09:48:15.550058','2024-01-17 09:48:15.550058',NULL,NULL),(198,'bpu0vXjqsezboPG8ZtlfY9uupaIKrv','2024-01-17 19:49:11.670103','read write',9,29,'2024-01-17 09:49:11.671126','2024-01-17 09:49:11.671126',NULL,NULL),(199,'Mp5gVCe3sgllrjBBy9zzq6q7MKRqXp','2024-01-17 20:00:20.798073','read write',9,29,'2024-01-17 10:00:20.807812','2024-01-17 10:00:20.807812',NULL,NULL),(200,'Zf2jrZw7VmdRKhsaOxKLIKROYya6t2','2024-01-17 20:09:01.907585','read write',9,29,'2024-01-17 10:09:01.914281','2024-01-17 10:09:01.914281',NULL,NULL),(201,'Tr9J4o82hJZmPZY5ofW6NgajA91oGf','2024-01-17 20:13:25.067427','read write',9,29,'2024-01-17 10:13:25.070781','2024-01-17 10:13:25.070781',NULL,NULL),(202,'RYC01plMfnUL6RqtRUbc9b2M3NMf20','2024-01-17 20:14:37.720470','read write',9,8,'2024-01-17 10:14:37.721472','2024-01-17 10:14:37.721472',NULL,NULL),(203,'I2wmL6pTJloUcr0xHgYuyYUByQlZYw','2024-01-17 20:14:56.101324','read write',9,6,'2024-01-17 10:14:56.101324','2024-01-17 10:14:56.101324',NULL,NULL),(204,'XniP7Xbjmj9Ny3nViUltUSuQJVzpiw','2024-01-17 20:15:47.977608','read write',9,6,'2024-01-17 10:15:47.979114','2024-01-17 10:15:47.979114',NULL,NULL),(205,'Sy0v6A8TVzuFc9YvOgzXbjhwDOHxjY','2024-01-17 20:18:29.691257','read write',9,6,'2024-01-17 10:18:29.692296','2024-01-17 10:18:29.692296',NULL,NULL),(206,'m11ZxIJs17rm61Kyod3OUBHPB7L486','2024-01-17 20:29:34.353360','read write',9,6,'2024-01-17 10:29:34.354344','2024-01-17 10:29:34.354344',NULL,NULL),(207,'9yjk5lcrrezRRfoKMoiUsuaqLPc8so','2024-01-17 20:46:39.679237','read write',9,8,'2024-01-17 10:46:39.682969','2024-01-17 10:46:39.682969',NULL,NULL),(208,'NA6IJhGd0IdDQ0dRFt2rhEpYveC4lE','2024-01-18 13:08:44.746982','read write',9,8,'2024-01-18 03:08:44.748477','2024-01-18 03:08:44.748477',NULL,NULL),(209,'WbxygriNu3zXRqYMaL6p2hX6B3Gcar','2024-01-18 13:08:54.753534','read write',9,6,'2024-01-18 03:08:54.754531','2024-01-18 03:08:54.754531',NULL,NULL),(210,'BvxVlZT6hWibEKin3xPdndQAh77lvm','2024-01-18 13:20:33.939958','read write',9,6,'2024-01-18 03:20:33.939958','2024-01-18 03:20:33.939958',NULL,NULL),(211,'icHrTPC929i63wWvi48737yLqYzPpo','2024-01-18 13:22:15.535993','read write',9,6,'2024-01-18 03:22:15.537873','2024-01-18 03:22:15.537873',NULL,NULL),(212,'ZbnFLjDEKtLsoHm6CaKbh6CQN9574U','2024-01-18 13:23:22.577011','read write',9,6,'2024-01-18 03:23:22.578528','2024-01-18 03:23:22.578528',NULL,NULL),(213,'mU7UtWguYlZkIdaBiten879u0c3Rgy','2024-01-18 13:25:26.523472','read write',9,6,'2024-01-18 03:25:26.523472','2024-01-18 03:25:26.523472',NULL,NULL),(214,'yICJB6mhZAoc4QqmKQ6saVCMgz41lJ','2024-01-18 13:27:42.025939','read write',9,6,'2024-01-18 03:27:42.035800','2024-01-18 03:27:42.036799',NULL,NULL),(215,'in5k1ThX1HY8hu0I0q3LI7kC5FromF','2024-01-18 13:30:49.659927','read write',9,8,'2024-01-18 03:30:49.662966','2024-01-18 03:30:49.662966',NULL,NULL),(216,'0nKjMQO8dNZZjvTuPGqIkRloStmta1','2024-01-18 13:31:06.332252','read write',9,8,'2024-01-18 03:31:06.333250','2024-01-18 03:31:06.333250',NULL,NULL),(217,'oEiFKZczgf2Py3ATH2ELjQ1rOk0ji4','2024-01-18 13:31:20.750647','read write',9,6,'2024-01-18 03:31:20.750647','2024-01-18 03:31:20.750647',NULL,NULL),(218,'g8tPHGa3E3VPkKeH8SxTWC6Yil3TkG','2024-01-18 13:31:35.107424','read write',9,8,'2024-01-18 03:31:35.108934','2024-01-18 03:31:35.108934',NULL,NULL),(219,'cqGs05YCGikpf7hKX2w9P32slWNlfA','2024-01-18 13:52:57.809235','read write',9,8,'2024-01-18 03:52:57.818746','2024-01-18 03:52:57.818746',NULL,NULL),(220,'rdgEvgVPuM031TyuTyRYWx132P0uv5','2024-01-18 13:55:05.989405','read write',9,8,'2024-01-18 03:55:05.990423','2024-01-18 03:55:05.990423',NULL,NULL),(221,'sWHRlhXlEOCajQk7VnNgpIc84tAHUA','2024-01-18 14:34:26.302522','read write',9,8,'2024-01-18 04:34:26.308182','2024-01-18 04:34:26.308182',NULL,NULL),(222,'rtJ4y2ssxloX8FQNlzFnPCTu1pj26g','2024-01-18 14:34:41.251201','read write',9,6,'2024-01-18 04:34:41.251201','2024-01-18 04:34:41.251201',NULL,NULL),(223,'75b7h9KwLqRYWC4waY71rRaPJTwYOr','2024-01-18 14:37:00.798834','read write',9,6,'2024-01-18 04:37:00.799831','2024-01-18 04:37:00.799831',NULL,NULL),(224,'M7Ko4FWW7mMzECTaH9kG1tqRfvxPP5','2024-01-18 14:50:47.141081','read write',9,6,'2024-01-18 04:50:47.141081','2024-01-18 04:50:47.141081',NULL,NULL),(225,'tIufJrGJKpCGOIWVooY01OfCKLwqzF','2024-01-18 16:31:58.146273','read write',9,6,'2024-01-18 06:31:58.149795','2024-01-18 06:31:58.149795',NULL,NULL),(226,'MRQKIP36JjzdQN5qfAQekk1y3DJuBg','2024-01-18 16:33:07.104436','read write',9,10,'2024-01-18 06:33:07.104436','2024-01-18 06:33:07.104436',NULL,NULL),(227,'O3X1WtynrM4GT1rcHnbacz6ZPFeCml','2024-01-18 16:36:35.711768','read write',9,10,'2024-01-18 06:36:35.725810','2024-01-18 06:36:35.725810',NULL,NULL),(228,'JxGatM6wrK0QmpLLLwgP7fQTBnK1MP','2024-01-18 16:39:18.229268','read write',9,10,'2024-01-18 06:39:18.231886','2024-01-18 06:39:18.231886',NULL,NULL),(229,'a9Zt62BpTHcPvXuPNDgX0zHUtfZL6n','2024-01-18 16:41:43.380341','read write',9,10,'2024-01-18 06:41:43.388059','2024-01-18 06:41:43.388059',NULL,NULL),(230,'qxrFJN8bVixwL1fwTSH1xikyoADOCC','2024-01-18 16:58:24.388119','read write',9,10,'2024-01-18 06:58:24.397446','2024-01-18 06:58:24.397446',NULL,NULL),(231,'vauPgmA3anZqZXFMJ3gA1TksAdF6Fc','2024-01-18 17:09:46.325635','read write',9,10,'2024-01-18 07:09:46.331018','2024-01-18 07:09:46.331018',NULL,NULL),(232,'NiZIEDNXdINbfeURvNy5uPEwDvsq0z','2024-01-18 17:12:19.261513','read write',9,10,'2024-01-18 07:12:19.262511','2024-01-18 07:12:19.262511',NULL,NULL),(233,'1fZL1MzqpJ7RS64hUYkqnV5flW1keK','2024-01-18 17:21:23.301862','read write',9,10,'2024-01-18 07:21:23.303917','2024-01-18 07:21:23.303917',NULL,NULL),(234,'Q0782zsSUHWZTiHVdFy6jCECXlJzlh','2024-01-18 17:25:10.653315','read write',9,10,'2024-01-18 07:25:10.654816','2024-01-18 07:25:10.654816',NULL,NULL),(235,'QegGVnXSpfXNzDCcCfQuoMiIO9KfcB','2024-01-18 17:26:17.708495','read write',9,10,'2024-01-18 07:26:17.708495','2024-01-18 07:26:17.708495',NULL,NULL),(236,'NPcCXkn7ry1LR0l5IE9RCBWVUSBLlE','2024-01-18 17:35:55.814151','read write',9,10,'2024-01-18 07:35:55.816145','2024-01-18 07:35:55.816145',NULL,NULL),(237,'NDICaJMA8MY29xVjHSWVLOcNUYyOyF','2024-01-18 17:39:04.110872','read write',9,10,'2024-01-18 07:39:04.110872','2024-01-18 07:39:04.110872',NULL,NULL),(238,'fSL8Kejc8ZzkvwpAopl2OylK5tgkgO','2024-01-18 18:02:06.800986','read write',9,6,'2024-01-18 08:02:06.811655','2024-01-18 08:02:06.812651',NULL,NULL),(239,'r1iqFFReBdBf9z1vPF0nsKWRG17oRw','2024-01-18 18:24:46.890872','read write',9,6,'2024-01-18 08:24:46.895378','2024-01-18 08:24:46.895378',NULL,NULL),(240,'T1Q7iISAnIs3dt7DcSfcfTVxXunxVo','2024-01-18 18:26:42.741873','read write',9,6,'2024-01-18 08:26:42.741873','2024-01-18 08:26:42.741873',NULL,NULL),(241,'5N5Y8RakliDiRxQaL3rvlsXztpeDt9','2024-01-18 18:28:44.036057','read write',9,6,'2024-01-18 08:28:44.037564','2024-01-18 08:28:44.037564',NULL,NULL),(242,'ypbOXYbGHhRW3GMH80iXhpAeI6P29p','2024-01-18 18:33:55.086319','read write',9,8,'2024-01-18 08:33:55.087347','2024-01-18 08:33:55.087347',NULL,NULL),(243,'hwMir0g5NXQr8zbDqKykUOU1oGpd4E','2024-01-18 18:35:49.059067','read write',9,6,'2024-01-18 08:35:49.060083','2024-01-18 08:35:49.060083',NULL,NULL),(244,'Z9PVdswq8zi5G0cHo1jGcBOyMHKzO5','2024-01-18 19:35:56.277526','read write',9,8,'2024-01-18 09:35:56.285970','2024-01-18 09:35:56.285970',NULL,NULL),(245,'8Go2nDPecWDs0PARxgQNXw1vWzLnuT','2024-01-18 19:36:10.397932','read write',9,6,'2024-01-18 09:36:10.398931','2024-01-18 09:36:10.398931',NULL,NULL),(246,'48sIFgTnsW0fd2APuahTRYV9EHZCWC','2024-01-18 19:52:12.779213','read write',9,6,'2024-01-18 09:52:12.781702','2024-01-18 09:52:12.781702',NULL,NULL),(247,'yuPpOVEuZkg7qcAS4V6sj8q2NzZ0t9','2024-01-18 20:11:51.621168','read write',9,6,'2024-01-18 10:11:51.632197','2024-01-18 10:11:51.632197',NULL,NULL),(248,'mU1Ag0rkDo32AnKeZa6ecv5bUTR5Px','2024-01-18 20:31:09.920946','read write',9,6,'2024-01-18 10:31:09.922859','2024-01-18 10:31:09.922859',NULL,NULL),(249,'AWvLiOW06a8I93Grdk6e7yUb8JudAh','2024-01-18 20:31:40.401128','read write',9,6,'2024-01-18 10:31:40.402135','2024-01-18 10:31:40.402135',NULL,NULL),(250,'bR6RAKdwfesoSkj76iDPqtXFGmmjlu','2024-01-22 12:47:45.206314','read write',9,6,'2024-01-22 02:47:45.209228','2024-01-22 02:47:45.209228',NULL,NULL),(251,'JgHuBTdLsQ75E65N1FKdDbCp1LdHVV','2024-01-22 13:17:26.174694','read write',9,8,'2024-01-22 03:17:26.180747','2024-01-22 03:17:26.180747',NULL,NULL),(252,'lBlcLf2ZWsx0vS6emghnswLp0gKNhC','2024-01-22 13:27:49.459993','read write',9,8,'2024-01-22 03:27:49.459993','2024-01-22 03:27:49.459993',NULL,NULL),(253,'EtIyaQUwd2NVzbrehLXyWlCYuzDyQS','2024-01-22 14:16:38.142815','read write',9,8,'2024-01-22 04:16:38.142815','2024-01-22 04:16:38.142815',NULL,NULL),(254,'eujfwxXAKeeZJjlH2fRTea6XQWzQxs','2024-01-22 14:20:10.506948','read write',9,8,'2024-01-22 04:20:10.507948','2024-01-22 04:20:10.507948',NULL,NULL),(255,'dmmQF2mr3OoASXn1xBO6k1bajlXl5v','2024-01-22 14:22:37.756212','read write',9,8,'2024-01-22 04:22:37.757255','2024-01-22 04:22:37.757255',NULL,NULL),(256,'fTLYWPIOWbb7toL76wspUcwtpIMs1I','2024-01-22 14:27:27.276152','read write',9,8,'2024-01-22 04:27:27.277196','2024-01-22 04:27:27.277196',NULL,NULL),(257,'XEUMk7FN32OdWxPyZIplO4t3Ba9YT2','2024-01-22 14:28:28.536677','read write',9,8,'2024-01-22 04:28:28.536677','2024-01-22 04:28:28.536677',NULL,NULL),(258,'0mKsZzDHtSlHq8wU6BblRDpAWdTjky','2024-01-22 14:28:50.538507','read write',9,6,'2024-01-22 04:28:50.539473','2024-01-22 04:28:50.539473',NULL,NULL),(259,'DpV5fB2EWotits1UTDmdDzOUqyndqF','2024-01-22 14:33:36.578834','read write',9,6,'2024-01-22 04:33:36.579831','2024-01-22 04:33:36.579831',NULL,NULL),(260,'zDLfjRcYDzvwTjBGqbVGq79FfHR6nS','2024-01-22 14:40:02.412554','read write',9,6,'2024-01-22 04:40:02.415643','2024-01-22 04:40:02.415643',NULL,NULL),(261,'YSwS4Ckjt5xpLWogzN9NrrpSPpm3bW','2024-01-22 14:44:04.627251','read write',9,6,'2024-01-22 04:44:04.629758','2024-01-22 04:44:04.629758',NULL,NULL),(262,'hHn5UPhMPqstX6lkHxdIJ9qS2R2Num','2024-01-22 14:49:47.980666','read write',9,6,'2024-01-22 04:49:47.980666','2024-01-22 04:49:47.980666',NULL,NULL),(263,'cBvG4w7iM2dbjZ9gd8Cd4IcxY6462J','2024-01-22 14:51:29.423047','read write',9,6,'2024-01-22 04:51:29.423047','2024-01-22 04:51:29.423047',NULL,NULL),(264,'sei9TRw4Q1AalyxU7tmSBVsk7BXxTA','2024-01-22 14:59:54.177290','read write',9,6,'2024-01-22 04:59:54.184384','2024-01-22 04:59:54.184384',NULL,NULL),(265,'QCSmpSrepHHIgu71gzpNc6A7OVbdBL','2024-01-22 15:00:20.117489','read write',9,6,'2024-01-22 05:00:20.118488','2024-01-22 05:00:20.118488',NULL,NULL),(266,'CTB19GGC8ROvWMVMwCdLiAlhSNzCYe','2024-01-22 16:32:31.740738','read write',9,6,'2024-01-22 06:32:31.741735','2024-01-22 06:32:31.741735',NULL,NULL),(267,'Cro6OchyxFgS0OYHMViQ8P16nJc13l','2024-01-22 16:35:25.267005','read write',9,6,'2024-01-22 06:35:25.267005','2024-01-22 06:35:25.267005',NULL,NULL),(268,'v0wN1xWWUILL6hg21lLRJfx8xp851r','2024-01-22 16:40:48.872734','read write',9,6,'2024-01-22 06:40:48.880995','2024-01-22 06:40:48.880995',NULL,NULL),(269,'sc6FhGyG4HP4wfFGvl3EpMbi326yiS','2024-01-22 16:44:35.654502','read write',9,6,'2024-01-22 06:44:35.655499','2024-01-22 06:44:35.655499',NULL,NULL),(270,'6UwOKYqARkpEZZ6kSKJeD9QCDSIebR','2024-01-22 16:51:42.614066','read write',9,6,'2024-01-22 06:51:42.616059','2024-01-22 06:51:42.616059',NULL,NULL),(271,'Q76rPvCOSZPEoUj44Orlml4d1Uw1fl','2024-01-22 16:55:39.700957','read write',9,6,'2024-01-22 06:55:39.702522','2024-01-22 06:55:39.702522',NULL,NULL),(272,'FEzi4c35iwguiAXVuccWbH5OpkvVnl','2024-01-22 17:01:42.283788','read write',9,8,'2024-01-22 07:01:42.286799','2024-01-22 07:01:42.286799',NULL,NULL),(273,'Auetjeot1hhIPxbvuRXKEseycG3ioK','2024-01-22 17:10:02.363117','read write',9,8,'2024-01-22 07:10:02.364116','2024-01-22 07:10:02.364116',NULL,NULL),(274,'ZNpF0JSBNEUfiskZO7c1aNfM8acO2p','2024-01-22 17:11:46.238335','read write',9,8,'2024-01-22 07:11:46.238335','2024-01-22 07:11:46.238335',NULL,NULL),(275,'AKxBurfYrJLPLpr96fWRgV1IAI59XV','2024-01-22 17:13:54.958948','read write',9,8,'2024-01-22 07:13:54.959978','2024-01-22 07:13:54.959978',NULL,NULL),(276,'SBKGORcAIUFumdaYP13po4RNM2lVB7','2024-01-22 17:14:55.535883','read write',9,8,'2024-01-22 07:14:55.535883','2024-01-22 07:14:55.535883',NULL,NULL),(277,'Nmy9EaKu1HM4Lo9wb8JQABpYzp2Jjx','2024-01-22 17:15:36.768208','read write',9,8,'2024-01-22 07:15:36.768208','2024-01-22 07:15:36.768208',NULL,NULL),(278,'wc0nQ283QDe0PCzccuNR5Ql6cH1Ls2','2024-01-22 17:59:20.683689','read write',9,6,'2024-01-22 07:59:20.703891','2024-01-22 07:59:20.703891',NULL,NULL),(279,'7J5q3iSSCsRw73guDExdhiOXCossyR','2024-01-22 17:59:57.125957','read write',9,6,'2024-01-22 07:59:57.126953','2024-01-22 07:59:57.126953',NULL,NULL),(280,'LJCN2hQRUIM7njClZOHA99AD2mXDDh','2024-01-22 18:00:29.617667','read write',9,6,'2024-01-22 08:00:29.619661','2024-01-22 08:00:29.619661',NULL,NULL),(281,'53TuOCZ675wGsazMVHEG0lQnf5onve','2024-01-22 18:00:30.884100','read write',9,6,'2024-01-22 08:00:30.884100','2024-01-22 08:00:30.884100',NULL,NULL),(282,'GLzaz8Yp9MRAZnY1TPjn3KmCzZVQ3q','2024-01-22 18:00:58.692989','read write',9,6,'2024-01-22 08:00:58.692989','2024-01-22 08:00:58.692989',NULL,NULL),(283,'M5CWmp4wD7NFriFER4Jtdgi7ifBWLj','2024-01-22 18:01:24.223950','read write',9,6,'2024-01-22 08:01:24.223950','2024-01-22 08:01:24.223950',NULL,NULL),(284,'Nhy5yjk2IV8CYGSnbaqwxyVFyI9AID','2024-01-22 18:01:48.933012','read write',9,6,'2024-01-22 08:01:48.934359','2024-01-22 08:01:48.934359',NULL,NULL),(285,'eEzlx3BlfJD4BipiHrwk60vYRuxTMq','2024-01-22 18:02:16.119437','read write',9,6,'2024-01-22 08:02:16.120434','2024-01-22 08:02:16.120434',NULL,NULL),(286,'WQEE6QDl2XmiKASUIjdQ9pXSrKJmK8','2024-01-22 18:18:20.714938','read write',9,6,'2024-01-22 08:18:20.716933','2024-01-22 08:18:20.716933',NULL,NULL),(287,'mHZriGS7AZcS6FVIzwACGvRGQxxDDz','2024-01-22 18:27:49.505522','read write',9,6,'2024-01-22 08:27:49.507516','2024-01-22 08:27:49.507516',NULL,NULL),(288,'17tlRfWUZYGas7iN2Hb2X3XJuEcIrp','2024-01-22 18:30:49.051506','read write',9,6,'2024-01-22 08:30:49.052507','2024-01-22 08:30:49.052507',NULL,NULL),(289,'nFYJeKcT5MVcncHZfPDDMS5Lk0Mu7Q','2024-01-22 18:40:32.685253','read write',9,6,'2024-01-22 08:40:32.687248','2024-01-22 08:40:32.688246',NULL,NULL),(290,'UmlU9bd00REwaApZPxJjgoPOxqXL1H','2024-01-22 18:41:22.787720','read write',9,6,'2024-01-22 08:41:22.788718','2024-01-22 08:41:22.788718',NULL,NULL),(291,'lfERDQgVCODHb8TgOE1tnhfgjMcaAl','2024-01-22 18:47:35.280316','read write',9,6,'2024-01-22 08:47:35.287757','2024-01-22 08:47:35.287757',NULL,NULL),(292,'Hu36R5hwFjjbzDdhLu2uazrbSPQItl','2024-01-22 18:48:31.431087','read write',9,6,'2024-01-22 08:48:31.431087','2024-01-22 08:48:31.431087',NULL,NULL),(293,'UfeH9lqp5WpgN3hFk9jkTCWl9NSX0n','2024-01-22 18:48:48.441605','read write',9,6,'2024-01-22 08:48:48.442606','2024-01-22 08:48:48.442606',NULL,NULL),(294,'8M4axsygeWLB7VRkU1SogAjLazkt9k','2024-01-22 18:58:28.150292','read write',9,6,'2024-01-22 08:58:28.153423','2024-01-22 08:58:28.153423',NULL,NULL),(295,'5OiVynzcwf84C8R93aHThPl4qATtVp','2024-01-22 19:12:31.611591','read write',9,6,'2024-01-22 09:12:31.616580','2024-01-22 09:12:31.616580',NULL,NULL),(296,'tuYBywekRbMXtPJMo0GMH8OE4Gopmp','2024-01-22 19:20:32.389300','read write',9,6,'2024-01-22 09:20:32.393773','2024-01-22 09:20:32.393773',NULL,NULL),(297,'f8ozK7jYgbVaJKanOsnowhxgkVV0Xg','2024-01-22 19:31:05.710948','read write',9,6,'2024-01-22 09:31:05.719235','2024-01-22 09:31:05.719235',NULL,NULL),(298,'yMUB2UOwILa25yQmX9pSyH4uPINJFI','2024-01-22 19:31:55.628380','read write',9,6,'2024-01-22 09:31:55.629377','2024-01-22 09:31:55.629377',NULL,NULL),(299,'Ge7VVYyFtGShMwbjed81dt0TGZQm6v','2024-01-22 19:34:03.815525','read write',9,6,'2024-01-22 09:34:03.818037','2024-01-22 09:34:03.818037',NULL,NULL),(300,'Kyi7EhSRGDQK5kHElJmiQlL8ZNOrhS','2024-01-22 19:55:22.801057','read write',9,6,'2024-01-22 09:55:22.808233','2024-01-22 09:55:22.808233',NULL,NULL),(301,'p6PuMZm3GtUb0dGG9sIs1puZRfaWcK','2024-01-22 19:56:31.283886','read write',9,6,'2024-01-22 09:56:31.285396','2024-01-22 09:56:31.285396',NULL,NULL),(302,'k80kV3GmfDftUKZxxaELIlJ96QsFf2','2024-01-22 19:58:06.081795','read write',9,6,'2024-01-22 09:58:06.082791','2024-01-22 09:58:06.082791',NULL,NULL),(303,'a3bgsavGWZmdmYrd35Ob5rSvUhvbuZ','2024-01-22 20:02:06.861940','read write',9,6,'2024-01-22 10:02:06.861940','2024-01-22 10:02:06.861940',NULL,NULL),(304,'cWh67eimCNbv7xtEBJnLyiamKJg60T','2024-01-22 20:04:52.109442','read write',9,6,'2024-01-22 10:04:52.113432','2024-01-22 10:04:52.113432',NULL,NULL),(305,'rUngQGsLwHCuJ2HPnnKXqSXCbgb7SA','2024-01-22 20:07:41.384099','read write',9,6,'2024-01-22 10:07:41.385096','2024-01-22 10:07:41.385096',NULL,NULL),(306,'LvuL6agRJf5onVzOhjckBmnBDdt53n','2024-01-23 12:43:00.690925','read write',9,8,'2024-01-23 02:43:00.690925','2024-01-23 02:43:00.690925',NULL,NULL),(307,'DlUji5fsXcQ1kApQO3uIgNIEwNXb7H','2024-01-23 12:48:14.620011','read write',9,6,'2024-01-23 02:48:14.622457','2024-01-23 02:48:14.622457',NULL,NULL),(308,'it0HJwxqNupXvqsNfllN2H6jbXp8GL','2024-01-23 12:54:02.371022','read write',9,6,'2024-01-23 02:54:02.371022','2024-01-23 02:54:02.371022',NULL,NULL),(309,'r8EG0dVh7xTjprXYRXAZCBZuCIbzCe','2024-01-23 12:56:18.581569','read write',9,6,'2024-01-23 02:56:18.581569','2024-01-23 02:56:18.581569',NULL,NULL),(310,'HZCoOK3RREMm3ZO0kGFny2CrvuLu4l','2024-01-23 13:02:20.286651','read write',9,6,'2024-01-23 03:02:20.289156','2024-01-23 03:02:20.289156',NULL,NULL),(311,'1JAu9STprmLWZBgmGu6k6XLvV9ZSu5','2024-01-23 13:04:03.821298','read write',9,6,'2024-01-23 03:04:03.822297','2024-01-23 03:04:03.822297',NULL,NULL),(312,'sMpNvLWD6Mpbx9t33dLPeD3GJyWZIo','2024-01-23 13:09:47.716051','read write',9,6,'2024-01-23 03:09:47.717048','2024-01-23 03:09:47.717048',NULL,NULL),(313,'pHOvPtPBFeEmVh6yZcBS4Om2eNfxeo','2024-01-23 13:18:38.818223','read write',9,6,'2024-01-23 03:18:38.820284','2024-01-23 03:18:38.820284',NULL,NULL),(314,'l7sznrjfYLtR5acihOEXs9T69jZkQ7','2024-01-23 13:29:14.903380','read write',9,6,'2024-01-23 03:29:14.904390','2024-01-23 03:29:14.904390',NULL,NULL),(315,'trTnD2JsEd4QB71aStnpNV1CEGPt1g','2024-01-23 13:32:26.782244','read write',9,6,'2024-01-23 03:32:26.783242','2024-01-23 03:32:26.783242',NULL,NULL),(316,'mxivDzyWQdWNuC9NwnQgJBXLp2AOBN','2024-01-23 13:36:56.312225','read write',9,6,'2024-01-23 03:36:56.313257','2024-01-23 03:36:56.313257',NULL,NULL),(317,'YDdVNPvl1SevcX37hm48NtI4jtdMf0','2024-01-23 13:39:51.095183','read write',9,6,'2024-01-23 03:39:51.096689','2024-01-23 03:39:51.096689',NULL,NULL),(318,'4VTLhjFkuCx6D1U9JvwSLq5A59vKjQ','2024-01-23 13:45:04.324154','read write',9,6,'2024-01-23 03:45:04.326723','2024-01-23 03:45:04.326723',NULL,NULL),(319,'c4kzcAsXScSwNsI9LG0En90H3xZBd1','2024-01-23 13:45:51.260900','read write',9,6,'2024-01-23 03:45:51.261898','2024-01-23 03:45:51.261898',NULL,NULL),(320,'mA8Tw3Wp02Qm40LFAioDEqAysdMOAa','2024-01-23 13:55:49.287017','read write',9,6,'2024-01-23 03:55:49.288015','2024-01-23 03:55:49.288015',NULL,NULL),(321,'lhAfkgG5E50YaJASUK70j1eZuBuIjZ','2024-01-23 14:04:00.414240','read write',9,6,'2024-01-23 04:04:00.417269','2024-01-23 04:04:00.417269',NULL,NULL),(322,'DJXVpJONXyOmbmZTKyd3M2QRqiYPrC','2024-01-23 14:05:29.538618','read write',9,6,'2024-01-23 04:05:29.539612','2024-01-23 04:05:29.539612',NULL,NULL),(323,'id1cqE5r8CdQppJC4FfDNuTPOJwB5V','2024-01-23 14:09:15.976426','read write',9,6,'2024-01-23 04:09:15.976426','2024-01-23 04:09:15.976426',NULL,NULL),(324,'F5aVIuBauJtnGGVNS66kKQqbfhSj46','2024-01-23 14:11:29.474814','read write',9,6,'2024-01-23 04:11:29.480704','2024-01-23 04:11:29.480704',NULL,NULL),(325,'GSQzQjL1JuBpbla0jCJ3HuEGqQm3z0','2024-01-23 14:12:04.004946','read write',9,6,'2024-01-23 04:12:04.004946','2024-01-23 04:12:04.004946',NULL,NULL),(326,'hmZZKf7oGJpb2KUq7E5QSnm4q843CV','2024-01-23 14:17:14.342065','read write',9,6,'2024-01-23 04:17:14.344270','2024-01-23 04:17:14.344270',NULL,NULL),(327,'SzyQt2yuFK6hj3VzXBTvrGpFyG2Agv','2024-01-23 14:28:38.055233','read write',9,6,'2024-01-23 04:28:38.056230','2024-01-23 04:28:38.056230',NULL,NULL),(328,'9COo5LEjoDe4vyhL6paIT5ISEiHkpP','2024-01-23 14:29:00.896459','read write',9,6,'2024-01-23 04:29:00.896459','2024-01-23 04:29:00.896459',NULL,NULL),(329,'VCrkycOfr9SDjCPe42vcf4XqEFwGTl','2024-01-23 14:44:31.575219','read write',9,6,'2024-01-23 04:44:31.577213','2024-01-23 04:44:31.577213',NULL,NULL),(330,'Y9jJBL6QtJMO7oh2uGxEso5kquj1rY','2024-01-23 14:45:03.958065','read write',9,6,'2024-01-23 04:45:03.958065','2024-01-23 04:45:03.958065',NULL,NULL),(331,'K6OI8DQhfZ7pVtBEnwZVQ6k1FrIVpy','2024-01-23 14:45:55.021824','read write',9,6,'2024-01-23 04:45:55.022823','2024-01-23 04:45:55.022823',NULL,NULL),(332,'59QP6yE816IA2nOWWDx7ZZRkumfaav','2024-01-23 14:48:14.870903','read write',9,6,'2024-01-23 04:48:14.871901','2024-01-23 04:48:14.871901',NULL,NULL),(333,'aRvQHDaCzP8yI0PdzhWvTCklNT1Iii','2024-01-23 14:50:31.226584','read write',9,6,'2024-01-23 04:50:31.228175','2024-01-23 04:50:31.228175',NULL,NULL),(334,'pIJtsAoYDkNcXl2ZyYx5ZcCDMMtUlh','2024-01-23 14:55:33.012459','read write',9,6,'2024-01-23 04:55:33.014453','2024-01-23 04:55:33.014453',NULL,NULL),(335,'tF1heIJvLHstmFGL7nrnHJ4CwslVqy','2024-01-23 14:59:34.601366','read write',9,6,'2024-01-23 04:59:34.602361','2024-01-23 04:59:34.602361',NULL,NULL),(336,'fMxB74aTzRzoM0zPih1ttculVCkhfc','2024-01-23 15:00:05.461899','read write',9,6,'2024-01-23 05:00:05.461899','2024-01-23 05:00:05.461899',NULL,NULL),(337,'uzey12edXD02vO1RRpPtx4zL4og0Gz','2024-01-23 15:58:52.294747','read write',9,6,'2024-01-23 05:58:52.300244','2024-01-23 05:58:52.300244',NULL,NULL),(338,'k8jQnCB4LMwYDkXq39TknNtC2yD3d5','2024-01-23 16:45:21.217458','read write',9,6,'2024-01-23 06:45:21.221466','2024-01-23 06:45:21.221466',NULL,NULL),(339,'gaIxnp2OMycdU8cg92lc1nqW0SWM9a','2024-01-23 17:03:58.201210','read write',9,6,'2024-01-23 07:03:58.204843','2024-01-23 07:03:58.204843',NULL,NULL),(340,'l2XKcSNIg52PL0CskNWFPcaLLy584g','2024-01-23 17:21:14.883296','read write',9,6,'2024-01-23 07:21:14.891324','2024-01-23 07:21:14.891324',NULL,NULL),(341,'6o2BscGiFwZ3hepuyWGVaE4j6J9Utg','2024-01-23 17:22:22.193446','read write',9,6,'2024-01-23 07:22:22.193446','2024-01-23 07:22:22.193446',NULL,NULL),(342,'AXheBV45Q6AYzIoGwaUhua7mlo00ct','2024-01-23 17:32:44.415117','read write',9,6,'2024-01-23 07:32:44.419617','2024-01-23 07:32:44.419617',NULL,NULL),(343,'yX0UmPrUyFj8q1V0gDdqzTu0dfMUwF','2024-01-23 17:44:44.145177','read write',9,6,'2024-01-23 07:44:44.148445','2024-01-23 07:44:44.148445',NULL,NULL),(344,'Hv4JUbmGWsvx5CcTzQUXjcLTMlYicx','2024-01-23 18:14:49.625180','read write',9,8,'2024-01-23 08:14:49.628174','2024-01-23 08:14:49.628174',NULL,NULL),(345,'cDXUGXKyIIoYH7tL9uj043vHJWCUSi','2024-01-23 18:16:06.542114','read write',9,8,'2024-01-23 08:16:06.542114','2024-01-23 08:16:06.542114',NULL,NULL),(346,'wzvY8yFsjb0rOW3a27fytAljyM8wVf','2024-01-23 18:17:44.016340','read write',9,8,'2024-01-23 08:17:44.016340','2024-01-23 08:17:44.016340',NULL,NULL),(347,'vQCM1DnguHXCvN7vuTdsYb0VEaldwD','2024-01-23 18:28:31.482544','read write',9,8,'2024-01-23 08:28:31.490148','2024-01-23 08:28:31.490148',NULL,NULL),(348,'1lWKueL8ytAk3mQ88KrixRuF34y4zz','2024-01-23 18:28:49.363463','read write',9,6,'2024-01-23 08:28:49.363463','2024-01-23 08:28:49.363463',NULL,NULL),(349,'P3JHoFMQn4IKKlbA27Dq0O18Cghmzu','2024-01-23 18:34:51.202364','read write',9,6,'2024-01-23 08:34:51.205489','2024-01-23 08:34:51.205489',NULL,NULL),(350,'zzG5WKVMTDKg6h00Q62GAgCjCgVGNg','2024-01-23 18:39:10.905833','read write',9,6,'2024-01-23 08:39:10.915756','2024-01-23 08:39:10.915756',NULL,NULL),(351,'xnWR5TtzLEx5G4L3CkiWmAaKkCH7fz','2024-01-23 18:39:55.554706','read write',9,6,'2024-01-23 08:39:55.555738','2024-01-23 08:39:55.555738',NULL,NULL),(352,'Iv0VYW6rBKjxINRuRLdv5EKcuwJGcA','2024-01-23 18:41:58.777809','read write',9,6,'2024-01-23 08:41:58.782420','2024-01-23 08:41:58.782420',NULL,NULL),(353,'lVWmuvG0mhWOOltCZGHk1fnAXPhSV7','2024-01-23 18:45:07.505418','read write',9,6,'2024-01-23 08:45:07.511469','2024-01-23 08:45:07.511469',NULL,NULL),(354,'WsqpY2GIUoezCTm0taC3xiRruVhsty','2024-01-23 18:49:35.626910','read write',9,6,'2024-01-23 08:49:35.627910','2024-01-23 08:49:35.627910',NULL,NULL),(355,'Rs1ysbcDsIGFazpretd2t7Y41lMipn','2024-01-23 18:50:37.827149','read write',9,6,'2024-01-23 08:50:37.827149','2024-01-23 08:50:37.827149',NULL,NULL),(356,'YWtuUppMnUnWmjxh2oUNTO9fcrdksN','2024-01-23 18:51:31.695369','read write',9,6,'2024-01-23 08:51:31.698364','2024-01-23 08:51:31.698364',NULL,NULL),(357,'hNXei0qiloDMRLa4IeLjDtctrgMTsi','2024-01-23 18:51:31.700359','read write',9,6,'2024-01-23 08:51:31.701355','2024-01-23 08:51:31.701355',NULL,NULL),(358,'WDc1wcknLyv0bXJ0ScUvT8i83rhYeO','2024-01-23 18:52:25.212593','read write',9,6,'2024-01-23 08:52:25.212593','2024-01-23 08:52:25.212593',NULL,NULL),(359,'DfAkrCWRzhsCtRPjBpU6bcwXIa0b2S','2024-01-23 18:53:11.634570','read write',9,6,'2024-01-23 08:53:11.634570','2024-01-23 08:53:11.634570',NULL,NULL),(360,'Bi6hRsb5iKnfFc8nCz27OpboO53mW0','2024-01-23 18:54:04.565755','read write',9,6,'2024-01-23 08:54:04.565755','2024-01-23 08:54:04.566754',NULL,NULL),(361,'uCfVi8et455Jki6c66Lkw8W1EUg2Ma','2024-01-23 19:00:06.540415','read write',9,8,'2024-01-23 09:00:06.540415','2024-01-23 09:00:06.540415',NULL,NULL),(362,'Wg3CqLMOv0dOTxB7vxAwEcx08rWO0b','2024-01-23 19:07:19.116578','read write',9,8,'2024-01-23 09:07:19.119080','2024-01-23 09:07:19.119080',NULL,NULL),(363,'JlQuwPgPxXI6JkSSrDaPk3pZtVeqEE','2024-01-23 19:21:45.979026','read write',9,8,'2024-01-23 09:21:45.980134','2024-01-23 09:21:45.980134',NULL,NULL),(364,'hLKUsGMnErCJHTjp495A7mYzcEI0ZG','2024-01-23 19:22:15.772817','read write',9,8,'2024-01-23 09:22:15.772817','2024-01-23 09:22:15.772817',NULL,NULL),(365,'0kFkGAi5PqvDX4iFzS7FXHzLwEBf5b','2024-01-23 19:25:26.983020','read write',9,8,'2024-01-23 09:25:26.984052','2024-01-23 09:25:26.984052',NULL,NULL),(366,'IA4NuoA9Y65MNvMxYJkxpYbUiW0KTA','2024-01-23 19:54:53.358852','read write',9,8,'2024-01-23 09:54:53.360842','2024-01-23 09:54:53.360842',NULL,NULL),(367,'hg41tW7bWMNoVdFbikXypNSqTVwR9B','2024-01-23 19:55:05.484526','read write',9,8,'2024-01-23 09:55:05.484526','2024-01-23 09:55:05.484526',NULL,NULL),(368,'0dJrkYHiLFM7UJXIAL0VqwTWA61n54','2024-01-23 19:55:44.668144','read write',9,8,'2024-01-23 09:55:44.668144','2024-01-23 09:55:44.668144',NULL,NULL),(369,'rtNpGF4MpizpEUiyxeIL2mG9UN9DKt','2024-01-23 19:56:01.526631','read write',9,8,'2024-01-23 09:56:01.526631','2024-01-23 09:56:01.526631',NULL,NULL),(370,'8A43S1LCCrEAEOWbpNJyHTksrXFXm6','2024-01-23 19:57:48.027656','read write',9,8,'2024-01-23 09:57:48.036089','2024-01-23 09:57:48.036089',NULL,NULL),(371,'1AnCrjIam5LHup4xKwOMED5ViOXE10','2024-01-23 19:59:48.157611','read write',9,8,'2024-01-23 09:59:48.159608','2024-01-23 09:59:48.159608',NULL,NULL),(372,'y0qS7JlEh4SWF8UvUh0LosoIi6LObt','2024-01-23 20:00:30.701710','read write',9,8,'2024-01-23 10:00:30.702710','2024-01-23 10:00:30.702710',NULL,NULL),(373,'nnZXRlCKEeDCowiTwB5edBPLIqCiyI','2024-01-23 20:00:54.633402','read write',9,8,'2024-01-23 10:00:54.633402','2024-01-23 10:00:54.633402',NULL,NULL),(374,'meMBDzHhOiSziiW2cBRfumez4cEZx0','2024-01-23 20:01:26.708062','read write',9,8,'2024-01-23 10:01:26.709061','2024-01-23 10:01:26.709061',NULL,NULL),(375,'pMObx3pE0HkIuwabxNry5b7SKfSA6G','2024-01-23 20:39:07.934917','read write',9,6,'2024-01-23 10:39:07.941907','2024-01-23 10:39:07.941907',NULL,NULL),(376,'IaFU7Hx1NtR49YISDqcin4u0S1zXVD','2024-01-23 20:51:25.608931','read write',9,6,'2024-01-23 10:51:25.612933','2024-01-23 10:51:25.612933',NULL,NULL),(377,'dZBx3yiwD0fTtYaP4sgi6mCsCZ1RP7','2024-01-23 20:51:25.614434','read write',9,6,'2024-01-23 10:51:25.615442','2024-01-23 10:51:25.615442',NULL,NULL),(378,'FVl3tOe57OhjB3FK7ZILoAjrETZvYP','2024-01-23 20:52:02.729669','read write',9,6,'2024-01-23 10:52:02.731668','2024-01-23 10:52:02.731668',NULL,NULL),(379,'w9IxrxSPLtysEXJ9avDQl1ofkBGEpd','2024-01-23 20:56:11.724891','read write',9,6,'2024-01-23 10:56:11.738761','2024-01-23 10:56:11.738761',NULL,NULL),(380,'Ugj36Hdkg8ARoBdxxCa6qKSTfqecRG','2024-01-24 12:45:10.021487','read write',9,6,'2024-01-24 02:45:10.036673','2024-01-24 02:45:10.036673',NULL,NULL),(381,'ZzHuwqmvBhYo3CDxvG8hnOxfcfXqR7','2024-01-24 12:53:51.078222','read write',9,6,'2024-01-24 02:53:51.087215','2024-01-24 02:53:51.087215',NULL,NULL),(382,'09i6kSldAKDDD1RDtbD5Oy0eWcTsgJ','2024-01-24 12:55:26.179086','read write',9,6,'2024-01-24 02:55:26.179086','2024-01-24 02:55:26.179086',NULL,NULL),(383,'X1Gx8AIVri6dRpDzSyh161pJ6O1apG','2024-01-24 13:17:41.618918','read write',9,6,'2024-01-24 03:17:41.625404','2024-01-24 03:17:41.625404',NULL,NULL),(384,'cjzUiGgr8NBXjFa89374P8qxMVWuDX','2024-01-24 13:17:49.386751','read write',9,6,'2024-01-24 03:17:49.386751','2024-01-24 03:17:49.386751',NULL,NULL),(385,'5bf1tROP4nd4Aq5SNByQEDIvHMlg12','2024-01-24 13:42:58.839432','read write',9,6,'2024-01-24 03:42:58.846871','2024-01-24 03:42:58.846871',NULL,NULL),(386,'cPdaLr1wTEIpSQf9iD3jdzLbZlqIuz','2024-01-24 13:47:52.695405','read write',9,6,'2024-01-24 03:47:52.701489','2024-01-24 03:47:52.701489',NULL,NULL),(387,'79C0mEAz5ZiFErPCG7jfUVNlaeB6dr','2024-01-24 13:51:10.718929','read write',9,6,'2024-01-24 03:51:10.722784','2024-01-24 03:51:10.722784',NULL,NULL),(388,'dxpByUyfFx9LHaAR5DEMi5gh61CC1x','2024-01-24 13:51:43.808465','read write',9,6,'2024-01-24 03:51:43.808465','2024-01-24 03:51:43.808465',NULL,NULL),(389,'HuHlcVeXsQTPf6zns8lY6Vzo0gM9G8','2024-01-24 13:55:35.489072','read write',9,6,'2024-01-24 03:55:35.489072','2024-01-24 03:55:35.489072',NULL,NULL),(390,'0cRbYIvomHEK6MnJQgPvGmNDGMAC1a','2024-01-24 13:58:00.815027','read write',9,6,'2024-01-24 03:58:00.853613','2024-01-24 03:58:00.853613',NULL,NULL),(391,'OPjoqO1WGFgELHDCHvFCyzYuY1gjNy','2024-01-24 14:09:24.499483','read write',9,6,'2024-01-24 04:09:24.504229','2024-01-24 04:09:24.504229',NULL,NULL),(392,'9WLlTntf0zh9rpQr2SRlVQEGXJKBcC','2024-01-24 14:11:52.965331','read write',9,6,'2024-01-24 04:11:52.966329','2024-01-24 04:11:52.966329',NULL,NULL),(393,'LYLMFYf5nVdecumTsgSMhbA0dnH4NL','2024-01-24 14:14:32.056105','read write',9,6,'2024-01-24 04:14:32.056105','2024-01-24 04:14:32.056105',NULL,NULL),(394,'0HSVsOHdtuo9GRMStioLPee8jgqvwI','2024-01-24 14:15:47.737500','read write',9,6,'2024-01-24 04:15:47.737500','2024-01-24 04:15:47.737500',NULL,NULL),(395,'ZrbV89OlhtpJVH35gydKCzaDXM1fp7','2024-01-24 14:36:47.246081','read write',9,6,'2024-01-24 04:36:47.256075','2024-01-24 04:36:47.256075',NULL,NULL),(396,'ojuLr6r9CMv5bpZqrWtwM8ncpNPzGR','2024-01-24 14:44:59.951484','read write',9,6,'2024-01-24 04:44:59.961508','2024-01-24 04:44:59.961508',NULL,NULL),(397,'1IK0wKhyJsOtAvWfGwkCzkgtsJ8OKD','2024-01-24 14:48:36.928878','read write',9,6,'2024-01-24 04:48:36.930379','2024-01-24 04:48:36.930379',NULL,NULL),(398,'5Y026Vyq7u1EPjjtDv2TgTGSF02IXq','2024-01-24 14:52:34.988205','read write',9,6,'2024-01-24 04:52:34.991212','2024-01-24 04:52:34.991212',NULL,NULL),(399,'yjqmq9pA4f0YUWcI0rWEu6WcqMkpO6','2024-01-24 16:31:45.992014','read write',9,6,'2024-01-24 06:31:46.018451','2024-01-24 06:31:46.018451',NULL,NULL),(400,'IhN3mO9wNoJ38VaH4ZqCGNGjrffPsZ','2024-01-24 16:45:48.969655','read write',9,6,'2024-01-24 06:45:48.974673','2024-01-24 06:45:48.974673',NULL,NULL),(401,'nfYTmDW0b6BLMBMGMGidSUMgd85OX4','2024-01-24 16:50:33.815090','read write',9,6,'2024-01-24 06:50:33.818307','2024-01-24 06:50:33.818307',NULL,NULL),(402,'E91R7yIrC5SRme8Qi9ZAFMhiVAz0Dw','2024-01-24 16:51:00.555319','read write',9,8,'2024-01-24 06:51:00.555541','2024-01-24 06:51:00.555541',NULL,NULL),(403,'ldOp442JYsqLSYNQQHLZNsAHB8v4eT','2024-01-24 16:51:42.026794','read write',9,8,'2024-01-24 06:51:42.028843','2024-01-24 06:51:42.028843',NULL,NULL),(404,'ryMN3wDAjylC6iNBmjXboYSg4apZ7j','2024-01-24 16:57:35.073430','read write',9,6,'2024-01-24 06:57:35.119682','2024-01-24 06:57:35.119682',NULL,NULL),(405,'Fa9eLtJLCg3iOEmimsBhvGwYFvCYCK','2024-01-24 16:57:55.032632','read write',9,8,'2024-01-24 06:57:55.032632','2024-01-24 06:57:55.032632',NULL,NULL),(406,'KJ4FbC5B2r77WoolPYIKWTcYt0iWZF','2024-01-24 16:58:55.242613','read write',9,8,'2024-01-24 06:58:55.243580','2024-01-24 06:58:55.243580',NULL,NULL),(407,'rOvW1fiONqc1idER9T7wDygBnKCjn6','2024-01-24 17:06:01.565937','read write',9,8,'2024-01-24 07:06:01.578899','2024-01-24 07:06:01.578899',NULL,NULL),(408,'whSTH9f5r0qepfQkHr3Hqg6iVijxss','2024-01-24 17:06:43.596276','read write',9,8,'2024-01-24 07:06:43.597273','2024-01-24 07:06:43.597273',NULL,NULL),(409,'BcfcKcZoOClFoQo3rMeFL0QO9tITV8','2024-01-24 17:23:14.182967','read write',9,8,'2024-01-24 07:23:14.188102','2024-01-24 07:23:14.188102',NULL,NULL),(410,'a2740wp3YPPsm5G12lDwOydONB5pzU','2024-01-24 17:27:55.622193','read write',9,8,'2024-01-24 07:27:55.627726','2024-01-24 07:27:55.627726',NULL,NULL),(411,'mj75JIWCHu0gTP9ZVWSfsJmv04pvzn','2024-01-24 17:34:08.443857','read write',9,8,'2024-01-24 07:34:08.443857','2024-01-24 07:34:08.443857',NULL,NULL),(412,'WRgv3YTEM9KKI44Sc8Af2CPnR6aeLC','2024-01-24 17:38:36.259813','read write',9,32,'2024-01-24 07:38:36.260826','2024-01-24 07:38:36.260826',NULL,NULL),(413,'1Xzu9UesLgPJXAd3GhurSOn7DGaWcd','2024-01-24 17:51:31.858066','read write',9,33,'2024-01-24 07:51:31.859064','2024-01-24 07:51:31.859064',NULL,NULL),(414,'bTFcdHfpmcPDySi5PBGJOdj9MMv98n','2024-01-24 17:56:02.252892','read write',9,34,'2024-01-24 07:56:02.252892','2024-01-24 07:56:02.252892',NULL,NULL),(415,'uP5XaleSLIH637MCpngozfnI3rBWds','2024-01-24 20:18:34.292711','read write',9,34,'2024-01-24 10:18:34.302484','2024-01-24 10:18:34.302484',NULL,NULL),(416,'DvyiVoEBZ2uNvjaDW2dtcBICLjVo69','2024-01-24 20:25:49.142165','read write',9,34,'2024-01-24 10:25:49.144675','2024-01-24 10:25:49.144675',NULL,NULL),(417,'O6XuyASiDBKtRtuA6k3JQDSMzN6iCN','2024-01-24 20:31:12.175566','read write',9,34,'2024-01-24 10:31:12.179563','2024-01-24 10:31:12.179563',NULL,NULL),(418,'FOZ5LYCySTDUFJIWgYxbnPGb4DaSve','2024-01-24 20:32:59.710033','read write',9,34,'2024-01-24 10:32:59.710738','2024-01-24 10:32:59.710738',NULL,NULL),(419,'WpXUeb0VODfhs3LC2gokrGTyOL2xce','2024-01-25 00:39:52.300336','read write',9,34,'2024-01-24 14:39:52.301334','2024-01-24 14:39:52.301334',NULL,NULL),(420,'OlMeQAYA93hEiQeebjoC7F7eyCnrvg','2024-01-25 00:43:21.719100','read write',9,34,'2024-01-24 14:43:21.722098','2024-01-24 14:43:21.722098',NULL,NULL),(421,'i1tLow9HcCQ0d80NYvN83iuTLBTRVx','2024-01-25 00:46:10.154966','read write',9,34,'2024-01-24 14:46:10.155975','2024-01-24 14:46:10.155975',NULL,NULL),(422,'AA9sUHnhFv1MtqgrWu0M2OxCpkuSKP','2024-01-25 01:06:06.537600','read write',9,34,'2024-01-24 15:06:06.539594','2024-01-24 15:06:06.539594',NULL,NULL),(423,'o0xlplldHWT1a9ydUNzHPvSkmbMjIM','2024-01-25 01:06:52.134662','read write',9,34,'2024-01-24 15:06:52.134662','2024-01-24 15:06:52.134662',NULL,NULL),(424,'q7E774uoKgojqYpSIsTJRHNrPrt0zZ','2024-01-25 01:07:33.792555','read write',9,34,'2024-01-24 15:07:33.792555','2024-01-24 15:07:33.792555',NULL,NULL),(425,'1nN3Z9nMixKJCmjZz6SiQ4o6uCptMD','2024-01-25 01:50:31.665474','read write',9,34,'2024-01-24 15:50:31.665474','2024-01-24 15:50:31.666456',NULL,NULL),(426,'FBpaq0TaKM1usz8sHOkN4MwNbYd1Wt','2024-01-25 02:17:09.219014','read write',9,34,'2024-01-24 16:17:09.228095','2024-01-24 16:17:09.228095',NULL,NULL),(427,'o9f9EUYqDwkqO0vCvRkzR7Ar822jKd','2024-01-25 02:17:26.058757','read write',9,34,'2024-01-24 16:17:26.059752','2024-01-24 16:17:26.059752',NULL,NULL),(428,'jSmTHiffz4kfIJSXkrktteMBMnuRHb','2024-01-25 02:17:27.217804','read write',9,34,'2024-01-24 16:17:27.217804','2024-01-24 16:17:27.217804',NULL,NULL),(429,'eozyE7n7T7Sz736Cwtc5S0bbouTt5u','2024-01-25 03:00:10.851383','read write',9,34,'2024-01-24 17:00:10.855375','2024-01-24 17:00:10.855375',NULL,NULL),(430,'giDiGjvwt67yaleHazAVu8LmWQKqPv','2024-01-25 03:06:12.806403','read write',9,34,'2024-01-24 17:06:12.812435','2024-01-24 17:06:12.812435',NULL,NULL),(431,'ViGzZpWTbB5lyKt98niWyXJsfAjCTf','2024-01-25 03:12:27.838410','read write',9,34,'2024-01-24 17:12:27.843927','2024-01-24 17:12:27.843927',NULL,NULL),(432,'as69qux4aROAJvsPSsT4453SXKG6MG','2024-01-25 03:12:58.115671','read write',9,34,'2024-01-24 17:12:58.115671','2024-01-24 17:12:58.115671',NULL,NULL),(433,'l8nPAYMl5ej8t5ApG7Ch0LVsbNStyQ','2024-01-25 03:14:04.187693','read write',9,30,'2024-01-24 17:14:04.187693','2024-01-24 17:14:04.187693',NULL,NULL),(434,'qNQSNG3zk4JRpppfuKzLhzVjTPitqa','2024-01-25 03:15:33.268613','read write',9,34,'2024-01-24 17:15:33.269721','2024-01-24 17:15:33.269721',NULL,NULL),(435,'GtY2NgumfpAjD3TbqnnxYvhPNtN7Z5','2024-01-25 03:18:20.240097','read write',9,34,'2024-01-24 17:18:20.241419','2024-01-24 17:18:20.241419',NULL,NULL),(436,'V3V9JXKeY3N2OOV9p1kDfFzs2nJKmI','2024-01-25 12:46:02.379300','read write',9,34,'2024-01-25 02:46:02.380330','2024-01-25 02:46:02.380330',NULL,NULL),(437,'s9FgpsaYatXHu9hbk1yRcAsbilAmWi','2024-01-25 13:49:00.156022','read write',9,34,'2024-01-25 03:49:00.163614','2024-01-25 03:49:00.163614',NULL,NULL),(438,'3XpL8ZGhbbpNkS3euXSnMeXtzQLKfg','2024-01-25 13:53:03.703750','read write',9,34,'2024-01-25 03:53:03.708806','2024-01-25 03:53:03.708806',NULL,NULL),(439,'RtgEki3RutKRoDIqtARgIDtRVlSVxV','2024-01-25 14:09:28.740978','read write',9,34,'2024-01-25 04:09:28.742973','2024-01-25 04:09:28.742973',NULL,NULL),(440,'AfGRcQBv9TUslsklggoKbmqeWtFbgH','2024-01-25 14:13:44.836554','read write',9,34,'2024-01-25 04:13:44.837551','2024-01-25 04:13:44.837551',NULL,NULL),(441,'6dcqa5jmBa71G7Px27eJ4hSf3LDf37','2024-01-25 14:22:09.399829','read write',9,34,'2024-01-25 04:22:09.401855','2024-01-25 04:22:09.401855',NULL,NULL),(442,'c7L1BqKrk2nblLQWnIK5t3iyRjIyQh','2024-01-25 14:26:33.504608','read write',9,34,'2024-01-25 04:26:33.505122','2024-01-25 04:26:33.505122',NULL,NULL),(443,'EeyfTk4Zu2Y3uYfzXcdvPWHvw7ZnCo','2024-01-25 14:28:42.158899','read write',9,34,'2024-01-25 04:28:42.158899','2024-01-25 04:28:42.158899',NULL,NULL),(444,'83ErPq5b0EbQ2jf6Oo3NECAQVoo6dS','2024-01-25 14:29:55.489194','read write',9,34,'2024-01-25 04:29:55.490193','2024-01-25 04:29:55.490193',NULL,NULL),(445,'Gnz0nQcxlVDttVB3Pi0caMDLwFfjS9','2024-01-25 14:31:34.569053','read write',9,34,'2024-01-25 04:31:34.569053','2024-01-25 04:31:34.569053',NULL,NULL),(446,'8Wdo1GIBta7WoxDAdEiRTtEZ9Qkrm9','2024-01-25 14:49:28.047558','read write',9,34,'2024-01-25 04:49:28.051074','2024-01-25 04:49:28.051074',NULL,NULL),(447,'UNxuZe9RGT0X1arHDQ3HaWc0HAa4b2','2024-01-25 16:43:55.512437','read write',9,34,'2024-01-25 06:43:55.521629','2024-01-25 06:43:55.521629',NULL,NULL),(448,'3T3xxzKyNrEgj4rfLd0F4YW33G4PKe','2024-01-25 16:45:45.156786','read write',9,34,'2024-01-25 06:45:45.157774','2024-01-25 06:45:45.157774',NULL,NULL),(449,'ZwBE5nAseIMtCSZQ6mrh5ne9HGOu3j','2024-01-25 16:46:10.112665','read write',9,34,'2024-01-25 06:46:10.115656','2024-01-25 06:46:10.115656',NULL,NULL),(450,'o2g6c4QBC2FEvLyy6kZ0xzWUQgEAMH','2024-01-25 16:49:00.898001','read write',9,34,'2024-01-25 06:49:00.898001','2024-01-25 06:49:00.898001',NULL,NULL),(451,'7S8OBonneHyiZXKIXVZr7nvrobV9Ri','2024-01-25 16:58:11.531360','read write',9,34,'2024-01-25 06:58:11.540462','2024-01-25 06:58:11.540462',NULL,NULL),(452,'DOT4HcSrzIK1pd1xnH4YVcExR8oXNK','2024-01-25 17:03:13.428052','read write',9,34,'2024-01-25 07:03:13.429051','2024-01-25 07:03:13.429051',NULL,NULL),(453,'mlPzxOI0xzSNI0szCi66P28JOQNDuo','2024-01-25 17:11:45.264965','read write',9,34,'2024-01-25 07:11:45.265964','2024-01-25 07:11:45.265964',NULL,NULL),(454,'2kAoYKv1AA4U1yNR331Zplute06NlR','2024-01-25 17:22:20.269706','read write',9,34,'2024-01-25 07:22:20.301300','2024-01-25 07:22:20.301300',NULL,NULL),(455,'UAKaxeUJqYzXa4i49sLq5MW4bYp1D5','2024-01-25 17:24:25.839642','read write',9,34,'2024-01-25 07:24:25.840639','2024-01-25 07:24:25.840639',NULL,NULL),(456,'xspWxd9rhD0sEtqX3iwDHclV8fCznc','2024-01-26 13:01:20.276560','read write',9,34,'2024-01-26 03:01:20.278555','2024-01-26 03:01:20.278555',NULL,NULL),(457,'5dUwq1H7544tP1NXtDLwzUpTHKP8IZ','2024-01-26 13:04:04.257056','read write',9,34,'2024-01-26 03:04:04.259051','2024-01-26 03:04:04.259051',NULL,NULL),(458,'lNqU0f5Txi9X1Qr4qCURUgH76AnkfS','2024-01-26 13:34:58.051198','read write',9,34,'2024-01-26 03:34:58.059912','2024-01-26 03:34:58.059912',NULL,NULL),(459,'aN8kRiY06gATnnhO68E4oHuwWClAX9','2024-01-26 14:08:29.573197','read write',9,34,'2024-01-26 04:08:29.580367','2024-01-26 04:08:29.580367',NULL,NULL),(460,'UD8TuO69aG0qUyOVVhfF9OuWy4f3M2','2024-01-26 14:22:14.508086','read write',9,34,'2024-01-26 04:22:14.512590','2024-01-26 04:22:14.512590',NULL,NULL),(461,'r5R1iE50RQGpixuKezaPs0JMETlmK4','2024-01-26 14:28:25.374269','read write',9,34,'2024-01-26 04:28:25.376302','2024-01-26 04:28:25.376302',NULL,NULL),(462,'R2FqIT0DoZgvS1rRyS8axtEr1vP92u','2024-01-26 14:28:46.450189','read write',9,34,'2024-01-26 04:28:46.450189','2024-01-26 04:28:46.450189',NULL,NULL),(463,'UJL0sS4D4m2IR0FDuyWAsKHmIag9uK','2024-01-26 14:46:07.427446','read write',9,6,'2024-01-26 04:46:07.431442','2024-01-26 04:46:07.431442',NULL,NULL),(464,'oPdDne6GYOPyGcoJVC8pmFddBQZ7HP','2024-01-26 14:48:26.841865','read write',9,6,'2024-01-26 04:48:26.842870','2024-01-26 04:48:26.842870',NULL,NULL),(465,'WsOZZQ2WtrEHnBLFDu2xbyOk4a9Iht','2024-01-26 16:38:23.830327','read write',9,6,'2024-01-26 06:38:23.836276','2024-01-26 06:38:23.836276',NULL,NULL),(466,'qzY2BkQI5ibjg78FVAesDTEI4MGyk3','2024-01-26 16:40:58.940680','read write',9,6,'2024-01-26 06:40:58.941680','2024-01-26 06:40:58.941680',NULL,NULL),(467,'4jvkC5Kl0iR5lE1SBFuoZ7kEhIfWoc','2024-01-26 16:42:16.828278','read write',9,34,'2024-01-26 06:42:16.828278','2024-01-26 06:42:16.828278',NULL,NULL),(468,'S5WQieAtG0ZmpFeIYP8jHYK5OfPUDD','2024-01-26 16:42:32.187039','read write',9,6,'2024-01-26 06:42:32.187039','2024-01-26 06:42:32.187039',NULL,NULL),(469,'NrvZME9zafHOUSXMEOG08wYnsBkgPs','2024-01-26 16:43:09.502988','read write',9,6,'2024-01-26 06:43:09.502988','2024-01-26 06:43:09.502988',NULL,NULL),(470,'ydNMpT1PmgO3cqAXBxJiVhyaTGhyg2','2024-01-26 16:43:16.046233','read write',9,6,'2024-01-26 06:43:16.047263','2024-01-26 06:43:16.047263',NULL,NULL),(471,'EBvL9iKgWaSw2u80FcICdvjBkfmimg','2024-01-27 02:43:17.150310','read write',9,34,'2024-01-26 16:43:17.150310','2024-01-26 16:43:17.151308',NULL,NULL),(472,'81VrPfkRJmAqltgAmYSN2OD6QCedG4','2024-01-27 02:54:23.389332','read write',9,8,'2024-01-26 16:54:23.395317','2024-01-26 16:54:23.395317',NULL,NULL),(473,'IaJtq4o1hjx6i5Q046GbEYcVhNqoBu','2024-01-27 02:58:19.269447','read write',9,8,'2024-01-26 16:58:19.270953','2024-01-26 16:58:19.270953',NULL,NULL),(474,'4abXW4aSk4FOFHSUEsoDBtjN27ffhB','2024-01-27 04:14:09.103515','read write',9,34,'2024-01-26 18:14:09.109348','2024-01-26 18:14:09.109348',NULL,NULL),(475,'texg35tfSELbDnr0jg2q5CMeSgkC5j','2024-01-27 04:44:01.674378','read write',9,34,'2024-01-26 18:44:01.678182','2024-01-26 18:44:01.678182',NULL,NULL),(476,'hNp2SVzSrogvfHEtdLGa48wStWm9Eg','2024-01-27 04:51:44.798884','read write',9,34,'2024-01-26 18:51:44.799888','2024-01-26 18:51:44.799888',NULL,NULL),(477,'3Tj6NIteKJYWB82tvbuxbE211Vg9bQ','2024-01-27 04:55:03.719300','read write',9,34,'2024-01-26 18:55:03.721296','2024-01-26 18:55:03.721296',NULL,NULL),(478,'p7dWNqAId7gDZX9oaE5Aoi9vpxESbm','2024-01-27 05:05:41.096251','read write',9,34,'2024-01-26 19:05:41.181926','2024-01-26 19:05:41.181926',NULL,NULL),(479,'NxlxKWFBf926V6nhM9Evh6W9oFXkvE','2024-01-27 05:05:45.721457','read write',9,34,'2024-01-26 19:05:45.721457','2024-01-26 19:05:45.721457',NULL,NULL),(480,'UjNTSIHzKCVHOX0mRU5QtTKm1uWnrE','2024-01-27 05:06:39.910776','read write',9,34,'2024-01-26 19:06:39.910776','2024-01-26 19:06:39.910776',NULL,NULL),(481,'egDHKcJDMwUyvAeN5MRGJ9mnKpnRAw','2024-01-27 05:09:32.287312','read write',9,34,'2024-01-26 19:09:32.289307','2024-01-26 19:09:32.289307',NULL,NULL),(482,'08JQkZFjz6HHIGlAdc9nDCbE7qVHmV','2024-01-27 05:15:02.108550','read write',9,34,'2024-01-26 19:15:02.113044','2024-01-26 19:15:02.113044',NULL,NULL),(483,'sIC7v3t3zAmScYC4Ll4RXaCTZvkYEA','2024-01-27 05:15:29.598002','read write',9,34,'2024-01-26 19:15:29.598002','2024-01-26 19:15:29.598002',NULL,NULL),(484,'7taosztrBTff77E84uyAMORgYhzdWm','2024-01-27 05:15:48.929509','read write',9,34,'2024-01-26 19:15:48.929509','2024-01-26 19:15:48.929509',NULL,NULL),(485,'pCAaBIUHcLKfPpX8HHCaSeKSlUzD46','2024-01-27 06:03:17.570279','read write',9,34,'2024-01-26 20:03:17.579352','2024-01-26 20:03:17.579352',NULL,NULL),(486,'HlNwMMKFpEUI1CgKJHGmOXK2wpCMND','2024-01-27 06:11:41.039289','read write',9,34,'2024-01-26 20:11:41.051324','2024-01-26 20:11:41.051324',NULL,NULL),(487,'31VbFLekuAmRxERosd2f6MHzY1HNHc','2024-01-27 06:24:51.029263','read write',9,34,'2024-01-26 20:24:51.039417','2024-01-26 20:24:51.039417',NULL,NULL),(488,'WHeGjvoErIYfUtm52JO2VoxR0txjFV','2024-01-27 06:28:38.733258','read write',9,34,'2024-01-26 20:28:38.733258','2024-01-26 20:28:38.733258',NULL,NULL),(489,'MtE4F3nIqbNKtq2nxWVtDY9ovH9ZMh','2024-01-27 06:33:18.152348','read write',9,34,'2024-01-26 20:33:18.162877','2024-01-26 20:33:18.162877',NULL,NULL),(490,'3pjEMrDQslpESEK5MQ1V3WKFE03NDg','2024-01-29 02:41:40.769542','read write',9,34,'2024-01-28 16:41:40.769542','2024-01-28 16:41:40.769542',NULL,NULL),(491,'reUuoVrMKqAi5AJDz0ByAaXneUwPJO','2024-01-29 02:42:35.253135','read write',9,34,'2024-01-28 16:42:35.253135','2024-01-28 16:42:35.253135',NULL,NULL),(492,'q0QIGahy5eBOKFeEpvVFVvP3Nut2ru','2024-01-29 02:46:44.913870','read write',9,34,'2024-01-28 16:46:44.919367','2024-01-28 16:46:44.919367',NULL,NULL),(493,'V0UgmXUQXkYhhtTR8siNiX7RPLgK4B','2024-01-29 03:09:46.305143','read write',9,34,'2024-01-28 17:09:46.320852','2024-01-28 17:09:46.320852',NULL,NULL),(494,'8P1JXFgOiLHlgZcwSttSwS5KZPPweO','2024-01-29 03:10:19.569975','read write',9,34,'2024-01-28 17:10:19.569975','2024-01-28 17:10:19.569975',NULL,NULL),(495,'eIYaBMKICvsZU0QZvj2t41NvIZ96Vp','2024-01-29 03:22:37.264611','read write',9,34,'2024-01-28 17:22:37.271035','2024-01-28 17:22:37.271035',NULL,NULL),(496,'L9hXcsV3RuQTKoUYtvhk8U3iz4SZpk','2024-01-29 04:11:06.447761','read write',9,34,'2024-01-28 18:11:06.459387','2024-01-28 18:11:06.459387',NULL,NULL),(497,'HnyFcmS0p1tUfq1dlmg3JzIzIdmdQq','2024-01-29 04:24:56.099955','read write',9,34,'2024-01-28 18:24:56.101075','2024-01-28 18:24:56.101075',NULL,NULL),(498,'z78kLv6DCHcFsWSgMvKTgdDcodEhuh','2024-01-29 04:58:15.397089','read write',9,34,'2024-01-28 18:58:15.406595','2024-01-28 18:58:15.406595',NULL,NULL),(499,'e4LPHdpf8w90Ki938mRh6zDkLGaKtx','2024-01-29 05:20:12.751387','read write',9,34,'2024-01-28 19:20:12.755032','2024-01-28 19:20:12.755032',NULL,NULL),(500,'7yWqbW486zmG1ZBKvEyvwafQjTN17l','2024-01-29 05:21:32.932963','read write',9,34,'2024-01-28 19:21:32.932963','2024-01-28 19:21:32.932963',NULL,NULL),(501,'JQJmzKn7maclP1UvtcdTPuYmJwK4NW','2024-01-29 05:24:02.237970','read write',9,34,'2024-01-28 19:24:02.239965','2024-01-28 19:24:02.239965',NULL,NULL),(502,'SE1BZofcxlQybzZ4h4nVCkExfBf345','2024-01-29 05:26:48.828415','read write',9,34,'2024-01-28 19:26:48.829417','2024-01-28 19:26:48.829417',NULL,NULL),(503,'GVbWxLdcDpHCEHceij9rN3FSN345hh','2024-01-29 05:48:29.957012','read write',9,34,'2024-01-28 19:48:29.965012','2024-01-28 19:48:29.965012',NULL,NULL),(504,'vpSuvKttTeHFkmQT2r4TjWSytYnoIW','2024-01-29 05:55:56.888327','read write',9,34,'2024-01-28 19:55:56.889324','2024-01-28 19:55:56.889324',NULL,NULL),(505,'hHfq7XjZoHBycpSHM3Br5uLOOEBxvV','2024-01-30 01:14:24.629802','read write',9,34,'2024-01-29 15:14:24.631796','2024-01-29 15:14:24.631796',NULL,NULL),(506,'LyQ3ZmQwiO361jNxBgbTanbhNqan9o','2024-01-30 01:17:39.451608','read write',9,34,'2024-01-29 15:17:39.453603','2024-01-29 15:17:39.453603',NULL,NULL),(507,'mEtZJHvKrM3Dx7YDnov4Ldf8PyijrU','2024-01-30 01:22:12.071177','read write',9,34,'2024-01-29 15:22:12.083684','2024-01-29 15:22:12.083684',NULL,NULL),(508,'SM5J9qbSbD9YYw6Uohs4t3KRv2AQok','2024-01-30 01:31:31.863393','read write',9,34,'2024-01-29 15:31:31.866922','2024-01-29 15:31:31.866922',NULL,NULL),(509,'WCSAT3VcZcg6cewm8sSVhY1OsbjwrW','2024-01-30 01:50:13.614635','read write',9,34,'2024-01-29 15:50:13.618057','2024-01-29 15:50:13.618057',NULL,NULL),(510,'TSUbC63KBQeim3AgZ6PhYPOGgqxFkj','2024-01-30 02:16:52.554437','read write',9,34,'2024-01-29 16:16:52.556426','2024-01-29 16:16:52.556426',NULL,NULL),(511,'ZRUFskdCbiq2ZoFcgPVRqjhOenTTef','2024-01-30 02:19:36.591882','read write',9,34,'2024-01-29 16:19:36.592878','2024-01-29 16:19:36.592878',NULL,NULL),(512,'6rEYJwzXlsX4Dsp9lqkbl9l7LgbDil','2024-01-30 02:28:26.871152','read write',9,34,'2024-01-29 16:28:26.872137','2024-01-29 16:28:26.872137',NULL,NULL),(513,'qk7dFVNZUu332rYe4IzAp7qCEdqy5S','2024-01-30 03:08:32.442090','read write',9,34,'2024-01-29 17:08:32.444083','2024-01-29 17:08:32.444083',NULL,NULL),(514,'bYS0ym1O0q71AVP0WBXtq9VLcN1EIi','2024-01-30 03:12:32.955357','read write',9,34,'2024-01-29 17:12:32.959298','2024-01-29 17:12:32.959298',NULL,NULL),(515,'00vK95nkxvWBKtrxhawHBisKp9lNzz','2024-01-30 03:15:44.512183','read write',9,34,'2024-01-29 17:15:44.513249','2024-01-29 17:15:44.513249',NULL,NULL),(516,'ERHAZNfo1tBFfweKjN6UCBgIaQRfKb','2024-01-30 03:17:39.197374','read write',9,34,'2024-01-29 17:17:39.197374','2024-01-29 17:17:39.197374',NULL,NULL),(517,'4nQWMKxsaQoNsGKTRl7GxyXGET98hi','2024-01-30 03:18:41.090745','read write',9,34,'2024-01-29 17:18:41.090745','2024-01-29 17:18:41.090745',NULL,NULL),(518,'v7O8kBoPYSs7nREGmmNuv3SpzxZIz2','2024-01-30 03:19:14.319103','read write',9,34,'2024-01-29 17:19:14.320096','2024-01-29 17:19:14.320096',NULL,NULL),(519,'ofStTuXX3MJVVHmQR4uT8cMBf3bU8g','2024-01-30 03:26:39.254606','read write',9,34,'2024-01-29 17:26:39.255603','2024-01-29 17:26:39.255603',NULL,NULL),(520,'cl5k7t23s8JAySJXuZYAcSNFr5ic2o','2024-01-30 03:28:12.539376','read write',9,34,'2024-01-29 17:28:12.540884','2024-01-29 17:28:12.540884',NULL,NULL),(521,'gt5qbc5wG3cC1MjKq8jAmf3Xaue3OY','2024-01-30 03:39:25.018796','read write',9,34,'2024-01-29 17:39:25.021471','2024-01-29 17:39:25.021471',NULL,NULL),(522,'UsOMO3M1xCMj09DGRqJY5gCFACCW22','2024-01-30 23:25:34.727321','read write',9,34,'2024-01-30 13:25:34.728316','2024-01-30 13:25:34.728316',NULL,NULL),(523,'Q8LDviAi5O8x9q68awm1OmOoxgsmJg','2024-01-30 23:29:47.286280','read write',9,34,'2024-01-30 13:29:47.286280','2024-01-30 13:29:47.286280',NULL,NULL),(524,'JcGi7Exnyv15hUiPQKkixyrRDE3N02','2024-01-30 23:31:30.089679','read write',9,8,'2024-01-30 13:31:30.089679','2024-01-30 13:31:30.089679',NULL,NULL),(525,'V1Hv9FbaOTmTDmaSMeNlApjXzzVsWz','2024-01-30 23:31:43.957849','read write',9,6,'2024-01-30 13:31:43.957849','2024-01-30 13:31:43.957849',NULL,NULL),(526,'JsQDyuZnUgMEtC2obYrPTnX1YjcUSX','2024-01-30 23:32:16.008380','read write',9,34,'2024-01-30 13:32:16.009885','2024-01-30 13:32:16.009885',NULL,NULL),(527,'mm6U1OZHXU6OJe1SfhsA0kepnPm19Z','2024-01-30 23:35:16.259966','read write',9,34,'2024-01-30 13:35:16.259966','2024-01-30 13:35:16.259966',NULL,NULL),(528,'ylTElImfjgXL3XkaUamN0VgLkVIzSR','2024-01-31 00:33:17.341778','read write',9,34,'2024-01-30 14:33:17.348810','2024-01-30 14:33:17.348810',NULL,NULL),(529,'YUlYgm1HQekQFRSeLSS3YKK4MvIfnX','2024-01-31 02:11:20.882165','read write',9,34,'2024-01-30 16:11:20.906367','2024-01-30 16:11:20.906367',NULL,NULL),(530,'tFT5N4KBfvLi1w0PJYTS2PzmAwkCCH','2024-01-31 02:16:01.980018','read write',9,34,'2024-01-30 16:16:01.981015','2024-01-30 16:16:01.981015',NULL,NULL),(531,'cPTXzlGh0f23LYdupRwfPA2DPkTalF','2024-01-31 02:20:44.913916','read write',9,34,'2024-01-30 16:20:44.916980','2024-01-30 16:20:44.916980',NULL,NULL),(532,'NjXfX4XUCK3cEj80kMtjk8pj5YrI48','2024-02-12 01:39:27.154201','read write',9,8,'2024-02-11 15:39:27.155233','2024-02-11 15:39:27.155233',NULL,NULL),(533,'BGXBbFecdNzuBxiRYGPuwl0Eo0b1Df','2024-02-15 15:28:22.840725','read write',9,8,'2024-02-15 05:28:22.841723','2024-02-15 05:28:22.841723',NULL,NULL),(534,'Roo8ZLke6QkjnmSbwUkG4wTbL7xflt','2024-02-16 22:56:12.833583','read write',9,8,'2024-02-16 12:56:12.834580','2024-02-16 12:56:12.834580',NULL,NULL),(535,'TQCqaaFLybgZSaveeXXFf9fNeFvYNb','2024-02-16 23:00:15.228254','read write',9,8,'2024-02-16 13:00:15.246447','2024-02-16 13:00:15.246447',NULL,NULL),(536,'mUwZSqR5js0ZvFcwatDmHBSppiAfng','2024-02-17 12:31:17.896229','read write',9,8,'2024-02-17 02:31:17.896229','2024-02-17 02:31:17.896229',NULL,NULL),(537,'B3lGdKrq9b1E7rYN1KIU21gNj4J8TQ','2024-02-17 13:52:45.572619','read write',9,8,'2024-02-17 03:52:45.581973','2024-02-17 03:52:45.581973',NULL,NULL),(538,'6J2z5fhCqC7v2LW36ZFA3dArOqDPfE','2024-02-17 13:56:37.669570','read write',9,8,'2024-02-17 03:56:37.670576','2024-02-17 03:56:37.670576',NULL,NULL),(539,'2uxCHhh5u84TwfdDVbqkL6vdi7Ief8','2024-02-17 13:58:39.075934','read write',9,8,'2024-02-17 03:58:39.076928','2024-02-17 03:58:39.076928',NULL,NULL),(540,'8T07CT8fGVmnvjXLbtGWnKJ6DCVFsT','2024-02-17 14:02:59.723602','read write',9,8,'2024-02-17 04:02:59.724626','2024-02-17 04:02:59.724626',NULL,NULL),(541,'ZNhy8Kd3kwFE76CF8FLXDOqG7uUhb8','2024-02-17 14:11:13.201226','read write',9,8,'2024-02-17 04:11:13.204078','2024-02-17 04:11:13.204078',NULL,NULL),(542,'UDLOGICwXVoRzCj8ze9G6XHBFBJ5m4','2024-02-17 14:33:42.702493','read write',9,8,'2024-02-17 04:33:42.704489','2024-02-17 04:33:42.704489',NULL,NULL),(543,'4ZbJDDHUk4uGe9NKkqZKKm2wJBZmv0','2024-02-17 14:44:17.454971','read write',9,8,'2024-02-17 04:44:17.457599','2024-02-17 04:44:17.457599',NULL,NULL),(544,'8aYbV5x1i8mn4khqMelnNNRG4YgRgF','2024-02-17 17:36:11.680755','read write',9,8,'2024-02-17 07:36:11.687424','2024-02-17 07:36:11.687424',NULL,NULL),(545,'Xzw8W0K8lnrMiJNFPKVC9i5nhayLqJ','2024-02-17 17:38:26.917872','read write',9,8,'2024-02-17 07:38:26.918922','2024-02-17 07:38:26.918922',NULL,NULL),(546,'9tOoTaKCFUm5r5GKkkqYRFTDVEuAiB','2024-02-17 18:33:08.291371','read write',9,6,'2024-02-17 08:33:08.292368','2024-02-17 08:33:08.293365',NULL,NULL),(547,'0mPotdmxeCsPM50KrHk0Ntk7NbuuBG','2024-02-17 18:35:31.861140','read write',9,6,'2024-02-17 08:35:31.864638','2024-02-17 08:35:31.864638',NULL,NULL),(548,'cwtxL0qpt8aqxVlcLl4eYi3HY2WX0v','2024-02-17 18:38:00.730745','read write',9,6,'2024-02-17 08:38:00.730745','2024-02-17 08:38:00.730745',NULL,NULL),(549,'l9zHoWDNGpLBvzFsus51piTJ3gqvOE','2024-02-17 18:40:23.306569','read write',9,6,'2024-02-17 08:40:23.306629','2024-02-17 08:40:23.306629',NULL,NULL),(550,'bVgNQriMHj68CAdPVLdb8vaCM3OfIW','2024-02-17 18:41:16.686584','read write',9,6,'2024-02-17 08:41:16.686584','2024-02-17 08:41:16.686584',NULL,NULL),(551,'rvnVGWZVl06hkHv6gLpAwNawbAxgiD','2024-02-18 12:07:17.609760','read write',9,6,'2024-02-18 02:07:17.609760','2024-02-18 02:07:17.609760',NULL,NULL),(552,'V4E8LqxhpAUdDOdaBkmxZURa6HFSzb','2024-02-18 12:07:55.302945','read write',9,6,'2024-02-18 02:07:55.303942','2024-02-18 02:07:55.303942',NULL,NULL),(553,'QW4uOrCPFXuTGALlRZmJGBgecbMg6N','2024-02-18 12:24:34.183939','read write',9,6,'2024-02-18 02:24:34.193729','2024-02-18 02:24:34.193729',NULL,NULL),(554,'yt2YPnuRsiKx4dy2gDxYbO28FZGilH','2024-02-18 12:24:51.073531','read write',9,6,'2024-02-18 02:24:51.074529','2024-02-18 02:24:51.074529',NULL,NULL),(555,'6NzIyJWhTJ0YpFmF2u4bLwtDvAAfnJ','2024-02-18 12:25:54.825696','read write',9,6,'2024-02-18 02:25:54.825696','2024-02-18 02:25:54.825696',NULL,NULL),(556,'3L9cfiSZoFd48FjhacFjI4eAqQMqJT','2024-02-18 12:26:17.440296','read write',9,6,'2024-02-18 02:26:17.441268','2024-02-18 02:26:17.441268',NULL,NULL),(557,'ju73anbL3wuAQV7dDGGCoQyYlgOR7R','2024-02-18 12:27:03.180949','read write',9,6,'2024-02-18 02:27:03.181952','2024-02-18 02:27:03.181952',NULL,NULL),(558,'TRb2RXZlWvY5N3LK0u2E7uHHXTu3Bl','2024-02-18 13:00:44.986759','read write',9,6,'2024-02-18 03:00:44.989985','2024-02-18 03:00:44.989985',NULL,NULL),(559,'KkALhC2dxo7hVxWYEqsUiw6Nu1tx6Y','2024-02-18 13:01:07.915285','read write',9,6,'2024-02-18 03:01:07.916791','2024-02-18 03:01:07.916791',NULL,NULL),(560,'lBs08u0uk6iAQc2Qbr9h1QX1oTwszX','2024-02-18 13:05:37.049824','read write',9,6,'2024-02-18 03:05:37.049824','2024-02-18 03:05:37.049824',NULL,NULL),(561,'ZMHc7DN3G2ZRGYkhm2PU8sVCvR3E5i','2024-02-18 13:07:13.777655','read write',9,6,'2024-02-18 03:07:13.809603','2024-02-18 03:07:13.809603',NULL,NULL),(562,'wtLRaLJwRNAVMl7Kz8MifLenyZxeYO','2024-02-18 13:07:41.786526','read write',9,6,'2024-02-18 03:07:41.786526','2024-02-18 03:07:41.786526',NULL,NULL),(563,'XuyfpdjRKBLNRJa6mEdVHLiAThb3NP','2024-02-18 13:08:11.314216','read write',9,6,'2024-02-18 03:08:11.315246','2024-02-18 03:08:11.315246',NULL,NULL),(564,'bZr03vSVocKzWJXLhFr6LxDPRV9iC8','2024-02-18 13:15:22.605389','read write',9,8,'2024-02-18 03:15:22.606386','2024-02-18 03:15:22.606386',NULL,NULL),(565,'7QcbprDRcm9CJWMk0wiPFf0RaXcaKB','2024-02-18 13:28:26.561274','read write',9,8,'2024-02-18 03:28:26.562892','2024-02-18 03:28:26.562892',NULL,NULL),(566,'GWbZIPFCJENSLwHVaXsEy2LLZafRYV','2024-02-18 13:29:45.670537','read write',9,8,'2024-02-18 03:29:45.670537','2024-02-18 03:29:45.670537',NULL,NULL),(567,'r5rBN5GQ1ejAj9IXvXtmTL4uG2t2I1','2024-02-18 13:33:18.738242','read write',9,8,'2024-02-18 03:33:18.738242','2024-02-18 03:33:18.738242',NULL,NULL),(568,'ql87vPTrAohnTjgRSWN2U5KcDWg0ql','2024-02-18 13:42:57.006733','read write',9,6,'2024-02-18 03:42:57.012830','2024-02-18 03:42:57.012830',NULL,NULL),(569,'JgQ8UTxwlnk92NCsjQU5f2zYBYWSWH','2024-02-18 13:49:33.506763','read write',9,6,'2024-02-18 03:49:33.507761','2024-02-18 03:49:33.507761',NULL,NULL),(570,'IIZDGC4u8AAJKxCjnBFemd2sIMiSP1','2024-02-19 18:05:19.308394','read write',9,6,'2024-02-19 08:05:19.308394','2024-02-19 08:05:19.308394',NULL,NULL),(571,'CnXpFdRaaUo7pePubdQK2BPe4Fai6i','2024-02-19 18:05:34.353798','read write',9,6,'2024-02-19 08:05:34.353798','2024-02-19 08:05:34.353798',NULL,NULL),(572,'283KvT8MPlHO2VrNJ3kGipk3shDq99','2024-02-19 18:05:44.342882','read write',9,6,'2024-02-19 08:05:44.342882','2024-02-19 08:05:44.342882',NULL,NULL),(573,'tyMYLjTFCc17tNo2rhHN97YEQKlcQf','2024-02-19 18:06:01.884535','read write',9,8,'2024-02-19 08:06:01.885533','2024-02-19 08:06:01.885533',NULL,NULL),(574,'JMTgGOmm538obJSNjHVss8aJJ8h036','2024-02-19 18:06:55.658034','read write',9,8,'2024-02-19 08:06:55.658034','2024-02-19 08:06:55.658034',NULL,NULL),(575,'8nXSQ5Ax7EGjpiFzKhmLhP49BFjl8N','2024-02-19 18:21:39.975176','read write',9,8,'2024-02-19 08:21:39.983195','2024-02-19 08:21:39.983195',NULL,NULL),(576,'ZsNqyfAcIg7eXyhRuyLu29oPXDCKNa','2024-02-19 18:39:08.532623','read write',9,8,'2024-02-19 08:39:08.540625','2024-02-19 08:39:08.540625',NULL,NULL),(577,'xYaLq6Xc2isxzsugjNMArqkqFelFgn','2024-02-19 18:50:25.837143','read write',9,8,'2024-02-19 08:50:25.840993','2024-02-19 08:50:25.840993',NULL,NULL),(578,'nl8cq945EEsqkjDfguuH1wfHzAehgT','2024-02-19 19:08:59.119171','read write',9,8,'2024-02-19 09:08:59.129450','2024-02-19 09:08:59.129450',NULL,NULL),(579,'9tMYfWl6KCYQUcX0NwSHeCe2hC2780','2024-02-20 13:30:25.734585','read write',9,8,'2024-02-20 03:30:25.734585','2024-02-20 03:30:25.734585',NULL,NULL),(580,'YC3izhhyLl7SSSyYnUbXvSp4xCZKc8','2024-02-20 13:49:52.026738','read write',9,8,'2024-02-20 03:49:52.035706','2024-02-20 03:49:52.035706',NULL,NULL),(581,'SVpkiSms2v6L5hG9vNMOvSRQySN9yH','2024-02-20 13:50:26.275948','read write',9,8,'2024-02-20 03:50:26.275948','2024-02-20 03:50:26.275948',NULL,NULL),(582,'v7wVX7HMc4m3u4k8qnkCFihYkichuo','2024-02-20 13:51:37.855895','read write',9,8,'2024-02-20 03:51:37.856733','2024-02-20 03:51:37.856733',NULL,NULL),(583,'aZGO3switY2dBiJXey0YAN8XYftAAu','2024-02-20 13:53:26.822836','read write',9,8,'2024-02-20 03:53:26.822836','2024-02-20 03:53:26.822836',NULL,NULL),(584,'wOB6z503YASPbBQPTbcpW2Le7HQ37L','2024-02-20 13:53:47.341566','read write',9,8,'2024-02-20 03:53:47.341566','2024-02-20 03:53:47.341566',NULL,NULL),(585,'62leum9mKrY9vMT7eR2z2bjui8oAEZ','2024-02-20 13:54:43.669012','read write',9,8,'2024-02-20 03:54:43.670016','2024-02-20 03:54:43.670016',NULL,NULL),(586,'YzeiDxp7UmJvjSMbQYoCv83SsZZerm','2024-02-20 14:34:11.859130','read write',9,8,'2024-02-20 04:34:11.879682','2024-02-20 04:34:11.879682',NULL,NULL),(587,'ZxF5mLV79CXUWDSLOUcWEJbEDEGhqF','2024-02-20 14:40:00.026535','read write',9,8,'2024-02-20 04:40:00.032664','2024-02-20 04:40:00.032664',NULL,NULL),(588,'Fqtfv2M2FD3Hel9VpjqSgPOOEllQX1','2024-02-20 14:42:20.689752','read write',9,8,'2024-02-20 04:42:20.689752','2024-02-20 04:42:20.690750',NULL,NULL),(589,'VT1el58SdoHoaxW5XqWzdf9QQiip1V','2024-02-20 14:42:34.003774','read write',9,6,'2024-02-20 04:42:34.004309','2024-02-20 04:42:34.004309',NULL,NULL),(590,'fcyS9yyz8I5xmdFQXzQ4JWbSInSXmK','2024-02-20 14:46:10.376368','read write',9,8,'2024-02-20 04:46:10.377366','2024-02-20 04:46:10.377366',NULL,NULL),(591,'SWpuxEmhaqCjIlOrBpxB3RRntFdNDp','2024-02-20 14:47:02.009693','read write',9,8,'2024-02-20 04:47:02.009693','2024-02-20 04:47:02.009693',NULL,NULL),(592,'GDvYvaTGqYJQYEMLLgyNgM7kbjdQx0','2024-02-20 14:50:12.603458','read write',9,8,'2024-02-20 04:50:12.604772','2024-02-20 04:50:12.604772',NULL,NULL),(593,'neAPwTYzAARJYovRvckcuIWYPvh7fn','2024-02-20 14:52:20.340992','read write',9,8,'2024-02-20 04:52:20.340992','2024-02-20 04:52:20.340992',NULL,NULL),(594,'pYCl5Kpk4MllVftbQO2CF7pe1GJFqv','2024-02-20 14:54:43.682718','read write',9,8,'2024-02-20 04:54:43.682718','2024-02-20 04:54:43.682718',NULL,NULL),(595,'CHXIljVVgBJqYtUAKr9fOtQQY2qhUn','2024-02-20 14:56:05.215495','read write',9,6,'2024-02-20 04:56:05.216492','2024-02-20 04:56:05.216492',NULL,NULL),(596,'2TAwkKtvLHLeh2ywyxw4UddBpcIyZ4','2024-02-20 14:57:31.828745','read write',9,6,'2024-02-20 04:57:31.829742','2024-02-20 04:57:31.829742',NULL,NULL),(597,'8cpDgHwNsrd9NgvQ4ZTPR7Rca5G5gw','2024-02-20 14:58:03.946729','read write',9,6,'2024-02-20 04:58:03.946729','2024-02-20 04:58:03.946729',NULL,NULL),(598,'REGyQ1VmhAobave2obtHEKU0biNwGY','2024-02-20 15:03:27.283334','read write',9,8,'2024-02-20 05:03:27.286338','2024-02-20 05:03:27.286338',NULL,NULL),(599,'meFkLvUEOJ9k5DYKj8ihmhqcIplZOI','2024-02-20 15:04:53.928849','read write',9,8,'2024-02-20 05:04:53.928849','2024-02-20 05:04:53.928849',NULL,NULL),(600,'CoTLYD72v92s4rY1boytsxVrUAvIDQ','2024-02-20 15:15:02.538867','read write',9,8,'2024-02-20 05:15:02.540861','2024-02-20 05:15:02.540861',NULL,NULL),(601,'9ied38pkRgKkgOqMTvalIkAqWWu8O6','2024-02-20 15:16:26.448694','read write',9,8,'2024-02-20 05:16:26.448694','2024-02-20 05:16:26.448694',NULL,NULL),(602,'B0KIjFyOzyCKSexs85iOUYesu3v21v','2024-02-20 15:16:38.833809','read write',9,8,'2024-02-20 05:16:38.833809','2024-02-20 05:16:38.833809',NULL,NULL),(603,'nDbAzP0FOp3nrhIKaJNuTDYPiEtfN3','2024-02-20 15:45:01.031181','read write',9,8,'2024-02-20 05:45:01.037620','2024-02-20 05:45:01.037620',NULL,NULL),(604,'kyXHo4A7QUiF6Rxjd1Hgj6WeryDirk','2024-02-20 15:47:34.210657','read write',9,8,'2024-02-20 05:47:34.210657','2024-02-20 05:47:34.210657',NULL,NULL),(605,'UytQYNNcpamyEn2iAoWwYYhHMLFTk4','2024-02-20 16:05:56.840958','read write',9,8,'2024-02-20 06:05:56.848522','2024-02-20 06:05:56.848522',NULL,NULL),(606,'6zMWBBUozF1oIpKYVHJ1b0UXS5eCRy','2024-02-20 16:09:34.788828','read write',9,8,'2024-02-20 06:09:34.789826','2024-02-20 06:09:34.789826',NULL,NULL),(607,'BQmuzBbTEJIZxQvXFPo4ybid4v0Ill','2024-02-20 16:10:18.861102','read write',9,8,'2024-02-20 06:10:18.861102','2024-02-20 06:10:18.861102',NULL,NULL),(608,'pVfSTrdFqHSkD3TzZIRBsmCji9y7xb','2024-02-20 16:12:08.704273','read write',9,8,'2024-02-20 06:12:08.705293','2024-02-20 06:12:08.705293',NULL,NULL),(609,'RJSZ9jGbZKWjqqIBNk6trzr4QZCdSM','2024-02-20 16:21:10.666729','read write',9,8,'2024-02-20 06:21:10.667692','2024-02-20 06:21:10.667692',NULL,NULL),(610,'1e00yeYtQjyNke2UY15b7XADpCcDxm','2024-02-20 16:21:53.815658','read write',9,8,'2024-02-20 06:21:53.816655','2024-02-20 06:21:53.816655',NULL,NULL),(611,'tls9xWmAXhEHWYaYUwglbEYhtA4gEv','2024-02-20 16:23:18.789017','read write',9,8,'2024-02-20 06:23:18.789017','2024-02-20 06:23:18.789017',NULL,NULL),(612,'86W3jPQkjIQ12fCjMkQx81ebyc1J4n','2024-02-20 16:26:34.308836','read write',9,8,'2024-02-20 06:26:34.310831','2024-02-20 06:26:34.310831',NULL,NULL),(613,'IAm06RTvnUCZwO2RnOWusThVfHZ0rJ','2024-02-20 16:33:50.360535','read write',9,8,'2024-02-20 06:33:50.361532','2024-02-20 06:33:50.361532',NULL,NULL),(614,'ojHF3FZ47LT6nsTz9aPn0lvWKx8DCT','2024-02-20 16:36:13.220690','read write',9,8,'2024-02-20 06:36:13.222684','2024-02-20 06:36:13.222684',NULL,NULL),(615,'BnXmJFmU0cQHYQf1RbxaPQadBcbmBz','2024-02-20 16:36:30.347420','read write',9,8,'2024-02-20 06:36:30.347420','2024-02-20 06:36:30.347420',NULL,NULL),(616,'iwuXxCO0qDCgpFIECUuDWmFWONrvIe','2024-02-20 16:46:46.126933','read write',9,6,'2024-02-20 06:46:46.129925','2024-02-20 06:46:46.129925',NULL,NULL),(617,'R3HfMBB7LNeZDzAVrs1ihlvCvUzcgW','2024-02-20 16:54:22.623856','read write',9,6,'2024-02-20 06:54:22.626901','2024-02-20 06:54:22.626901',NULL,NULL),(618,'6N3vxNoxNtpIeFGzYh2Cav16wZLDh5','2024-02-20 16:55:01.553060','read write',9,6,'2024-02-20 06:55:01.553060','2024-02-20 06:55:01.553060',NULL,NULL),(619,'glDcHiCijRAuVzpMu1C0VgUdrn5URn','2024-02-20 16:57:38.134801','read write',9,6,'2024-02-20 06:57:38.138640','2024-02-20 06:57:38.138640',NULL,NULL),(620,'ZasHetXFteHoTFfNKFst3c9j1tDPvz','2024-02-20 16:58:06.774821','read write',9,6,'2024-02-20 06:58:06.774821','2024-02-20 06:58:06.774821',NULL,NULL),(621,'oGyYzjtI1WGAQqYQISiYst9Rg8DSAb','2024-02-20 17:01:18.545680','read write',9,6,'2024-02-20 07:01:18.546769','2024-02-20 07:01:18.546769',NULL,NULL),(622,'7Oq98f9JnvDyQVeucDpS3oWtsNgP4I','2024-02-20 17:04:16.972417','read write',9,6,'2024-02-20 07:04:16.972417','2024-02-20 07:04:16.972417',NULL,NULL),(623,'684IIGKgQ3eypEQte2mSb7JdxKUNz3','2024-02-20 17:04:41.065886','read write',9,6,'2024-02-20 07:04:41.066886','2024-02-20 07:04:41.066886',NULL,NULL),(624,'4ewlVaempQZIK3O1jpfsqKkqAiKjyS','2024-02-20 17:05:01.524978','read write',9,6,'2024-02-20 07:05:01.525869','2024-02-20 07:05:01.525869',NULL,NULL),(625,'4IaeYTqrMneqN0UmFQZ5rKobA9pMvS','2024-02-20 17:11:20.556709','read write',9,6,'2024-02-20 07:11:20.559701','2024-02-20 07:11:20.559701',NULL,NULL),(626,'1v256QQvMzrEHXd9xBUH8kqHsZphYS','2024-02-20 17:11:34.080020','read write',9,6,'2024-02-20 07:11:34.080020','2024-02-20 07:11:34.080020',NULL,NULL),(627,'tE3S1NY3nV7RUa5mJH1Cg4Cti3UdLe','2024-02-20 17:17:24.683693','read write',9,8,'2024-02-20 07:17:24.685778','2024-02-20 07:17:24.685778',NULL,NULL),(628,'VAYbJjzx3chDyc3slS4lARQDIn8aXh','2024-02-20 17:25:29.829563','read write',9,8,'2024-02-20 07:25:29.834573','2024-02-20 07:25:29.834573',NULL,NULL),(629,'AUp4dapNUNiMPqOxd32kgBmoPvqH7p','2024-02-20 17:27:15.170767','read write',9,8,'2024-02-20 07:27:15.171734','2024-02-20 07:27:15.171734',NULL,NULL),(630,'iVDkd1zZqR4eL7M2bE0wPz6uIdeXOX','2024-02-20 17:29:11.217088','read write',9,8,'2024-02-20 07:29:11.217088','2024-02-20 07:29:11.217088',NULL,NULL),(631,'Q9gzG7wC6MPezhxVh5WrDueflbPtII','2024-02-20 17:41:42.329711','read write',9,8,'2024-02-20 07:41:42.331706','2024-02-20 07:41:42.331706',NULL,NULL),(632,'04eyWSWFSmLxP8wg5KVMrWcGoCd6i1','2024-02-20 17:42:49.605684','read write',9,8,'2024-02-20 07:42:49.605684','2024-02-20 07:42:49.605684',NULL,NULL),(633,'YgbfbMF3N9fpOSs0zy2tVnLtys3uZi','2024-02-20 18:35:26.643871','read write',9,8,'2024-02-20 08:35:26.656447','2024-02-20 08:35:26.656447',NULL,NULL),(634,'OGPuxSRxfSa7HXglGn1vFumX3oUWtK','2024-02-20 18:37:12.793839','read write',9,8,'2024-02-20 08:37:12.796859','2024-02-20 08:37:12.796859',NULL,NULL),(635,'87zP4d9pi2edEriFuvIOYBBTKT4oZO','2024-02-20 18:43:14.288173','read write',9,8,'2024-02-20 08:43:14.291303','2024-02-20 08:43:14.291303',NULL,NULL),(636,'zSd86q5FVvZVdMV0NcIgDqP4bewiR4','2024-02-20 18:43:53.826152','read write',9,8,'2024-02-20 08:43:53.827151','2024-02-20 08:43:53.827151',NULL,NULL),(637,'O5xNFts2tn0abB2ELxnPE0DyVKPIdS','2024-02-21 00:23:47.297793','read write',9,8,'2024-02-20 14:23:47.297793','2024-02-20 14:23:47.297793',NULL,NULL),(638,'nMwnCJgZ9BUldKaNv29KaUZg0v6zvc','2024-02-21 00:29:53.823897','read write',9,8,'2024-02-20 14:29:53.825859','2024-02-20 14:29:53.825859',NULL,NULL),(639,'XxOmBo8CHOQ6buxnuDgX2PFqhVB475','2024-02-21 00:31:27.496806','read write',9,8,'2024-02-20 14:31:27.496806','2024-02-20 14:31:27.497804',NULL,NULL),(640,'dwMAsDTqIQvjPjd2Mrr41hXg7UXYZY','2024-02-21 00:34:44.206633','read write',9,8,'2024-02-20 14:34:44.206633','2024-02-20 14:34:44.206633',NULL,NULL),(641,'Kvmd2mKK0bdG8XEqKNuO0zki6tarIi','2024-02-21 00:35:09.244034','read write',9,8,'2024-02-20 14:35:09.245032','2024-02-20 14:35:09.245032',NULL,NULL),(642,'skiZyZ5hEN5WBQ03IFkD2iozXagsWF','2024-02-21 00:36:54.325454','read write',9,8,'2024-02-20 14:36:54.325454','2024-02-20 14:36:54.325454',NULL,NULL),(643,'R9LuNXnFrLtOHoaraW7Hhn3jZcZZjg','2024-02-21 00:45:16.978856','read write',9,8,'2024-02-20 14:45:16.979923','2024-02-20 14:45:16.979923',NULL,NULL),(644,'Br3eFNwqH0IROPKkUi5JuRQdnNMlgC','2024-02-21 00:50:44.725392','read write',9,8,'2024-02-20 14:50:44.726390','2024-02-20 14:50:44.726390',NULL,NULL),(645,'zzZ8gLWR4rolsRWNJ0Es63qouOaR1E','2024-02-21 00:54:18.190036','read write',9,8,'2024-02-20 14:54:18.191033','2024-02-20 14:54:18.191033',NULL,NULL),(646,'F0PQtwdfACh6moezm1G09phiz1f6Lb','2024-02-21 01:14:48.069009','read write',9,8,'2024-02-20 15:14:48.133093','2024-02-20 15:14:48.133093',NULL,NULL),(647,'EfDaPw5tx1zklZMocXZHzHxmZih5On','2024-02-21 01:17:07.752449','read write',9,8,'2024-02-20 15:17:07.753446','2024-02-20 15:17:07.753446',NULL,NULL),(648,'Zxs7z9zmRbaGQrdjMIHiI74VWtyFyJ','2024-02-21 01:17:53.197952','read write',9,8,'2024-02-20 15:17:53.198455','2024-02-20 15:17:53.198455',NULL,NULL),(649,'1JRbqckjL7FkXvzpnWwmvans8CdYGL','2024-02-21 01:18:56.690249','read write',9,8,'2024-02-20 15:18:56.690249','2024-02-20 15:18:56.690249',NULL,NULL),(650,'e6BVGEjObPUpJFFeC3zZBdrQizkhLM','2024-02-21 01:22:38.809718','read write',9,8,'2024-02-20 15:22:38.812714','2024-02-20 15:22:38.812714',NULL,NULL),(651,'06VZ5VUK0nIYqft1n1byZoh7Dj8KOS','2024-02-21 01:52:49.268910','read write',9,8,'2024-02-20 15:52:49.271442','2024-02-20 15:52:49.271442',NULL,NULL),(652,'iJUD3H4Rg0urzsWT66ZyGhf22XF5L8','2024-02-21 01:56:12.278093','read write',9,8,'2024-02-20 15:56:12.278093','2024-02-20 15:56:12.278093',NULL,NULL),(653,'iC5OPG9KJWzRsreuVIHUeHgKGbW5nt','2024-02-21 02:29:25.143601','read write',9,8,'2024-02-20 16:29:25.161970','2024-02-20 16:29:25.161970',NULL,NULL),(654,'HSZP7rmOFYIC3rcRawFF6HkMnBuzpe','2024-02-21 02:43:57.893521','read write',9,8,'2024-02-20 16:43:57.896023','2024-02-20 16:43:57.896023',NULL,NULL),(655,'PK9mYdLb6bnRiLiPiBxB1vITOc7Hhd','2024-02-21 02:48:31.289808','read write',9,8,'2024-02-20 16:48:31.292770','2024-02-20 16:48:31.292770',NULL,NULL),(656,'5Gr8lSic9o9FwqwEYuVKLmkyjgpDeU','2024-02-21 03:06:42.369699','read write',9,8,'2024-02-20 17:06:42.375211','2024-02-20 17:06:42.375211',NULL,NULL),(657,'7Cg05RFQ7RfhsXLIhM95hcGrQP4qGM','2024-02-21 03:14:31.084162','read write',9,47,'2024-02-20 17:14:31.087208','2024-02-20 17:14:31.087208',NULL,NULL),(658,'6VBofM4PmbW4uGRUEHk6guzLn9RnR8','2024-02-21 03:36:08.194923','read write',9,47,'2024-02-20 17:36:08.211712','2024-02-20 17:36:08.211712',NULL,NULL),(659,'9UFoHh9Wd57wx2IdiUUu6JUWWUWHNO','2024-02-21 03:42:59.824043','read write',9,8,'2024-02-20 17:42:59.826040','2024-02-20 17:42:59.826040',NULL,NULL),(660,'pdfVkpZ3WklykUvOKP3e8HUX3RIJqM','2024-02-21 03:49:00.108603','read write',9,6,'2024-02-20 17:49:00.112138','2024-02-20 17:49:00.112138',NULL,NULL),(661,'SMdglaNfm9f7KTfejfTbo09138qg2k','2024-02-21 03:51:57.819745','read write',9,6,'2024-02-20 17:51:57.820745','2024-02-20 17:51:57.820745',NULL,NULL),(662,'y0fr1uH1kYua9xCTtqW4YObyioQPCO','2024-02-21 03:53:12.628476','read write',9,6,'2024-02-20 17:53:12.629010','2024-02-20 17:53:12.629010',NULL,NULL),(663,'hArsMhHpKp8qDiA4xUUp3CSnYn7qHB','2024-02-21 03:53:37.736034','read write',9,6,'2024-02-20 17:53:37.737032','2024-02-20 17:53:37.737032',NULL,NULL),(664,'l2cLdB1sxN3s7jITaSQtN0SgENaVip','2024-02-21 16:15:37.939619','read write',9,8,'2024-02-21 06:15:37.940124','2024-02-21 06:15:37.940124',NULL,NULL),(665,'SbSF0Q29froBb1NakVkCZJWjyrYQCp','2024-02-21 16:21:35.677949','read write',9,8,'2024-02-21 06:21:35.683446','2024-02-21 06:21:35.683446',NULL,NULL),(666,'3XY83ZRCtCXxQYS1vhAfdgIKKFPDkZ','2024-02-21 16:49:25.600637','read write',9,6,'2024-02-21 06:49:25.604654','2024-02-21 06:49:25.604654',NULL,NULL),(667,'TeLaVenBvRWvq6aSiTZ0T8uRSvVVX5','2024-02-21 16:55:11.987660','read write',9,6,'2024-02-21 06:55:11.995215','2024-02-21 06:55:11.995215',NULL,NULL),(668,'Xf9aiFktdld4SWQL8JUqEx6P1MWaXI','2024-02-21 16:59:42.681146','read write',9,6,'2024-02-21 06:59:42.682144','2024-02-21 06:59:42.682144',NULL,NULL),(669,'2btcwEp15nyjUlbsJTfyC4YV2mR0tR','2024-02-21 17:00:09.572377','read write',9,6,'2024-02-21 07:00:09.572377','2024-02-21 07:00:09.572377',NULL,NULL),(670,'47vwJvPNbuw9toDlt3d64IqHVxxUCc','2024-02-21 17:04:01.600399','read write',9,6,'2024-02-21 07:04:01.601364','2024-02-21 07:04:01.601364',NULL,NULL),(671,'wRT1k5AC7wVsWvy8uCgFgqiw5F8kN5','2024-02-21 17:09:35.628455','read write',9,6,'2024-02-21 07:09:35.628455','2024-02-21 07:09:35.628455',NULL,NULL),(672,'MVHfZP4AnVwzvwPHdVy3bX4vJFHK7V','2024-02-21 17:23:59.028425','read write',9,6,'2024-02-21 07:23:59.029420','2024-02-21 07:23:59.029420',NULL,NULL),(673,'cmNnPnS1Zu6DG17vRnABl6ThJUd1C2','2024-02-21 17:42:32.088178','read write',9,6,'2024-02-21 07:42:32.091170','2024-02-21 07:42:32.091170',NULL,NULL),(674,'63qPCHy7Mc59YIabpRHlBJ1nD2PDUO','2024-02-21 17:49:03.879761','read write',9,6,'2024-02-21 07:49:03.879761','2024-02-21 07:49:03.879761',NULL,NULL),(675,'X8LQWpcOMTJt2Z0kk5yF146YKrx5Ma','2024-02-21 17:49:57.374563','read write',9,6,'2024-02-21 07:49:57.375562','2024-02-21 07:49:57.375562',NULL,NULL),(676,'XK8t5V8ynxOFX5WGHMzYN4kFBubWrp','2024-02-21 17:58:56.398750','read write',9,6,'2024-02-21 07:58:56.399747','2024-02-21 07:58:56.399747',NULL,NULL),(677,'8hVlajs43DjExNrOBpfU5AEpgfK8AN','2024-02-21 18:05:57.836238','read write',9,6,'2024-02-21 08:05:57.836238','2024-02-21 08:05:57.836238',NULL,NULL),(678,'By115ryJLEELFd0XaxCXWYVx6HX0mp','2024-02-21 18:09:50.199722','read write',9,6,'2024-02-21 08:09:50.199722','2024-02-21 08:09:50.199722',NULL,NULL),(679,'yrQFZ5rYI8AOV8FDRY162Kkt8wsvKi','2024-02-21 18:14:20.623744','read write',9,6,'2024-02-21 08:14:20.623744','2024-02-21 08:14:20.623744',NULL,NULL),(680,'SUiTUlFEEPGaneRjgpixqYFPvDlmZQ','2024-02-21 18:34:03.368624','read write',9,6,'2024-02-21 08:34:03.379630','2024-02-21 08:34:03.379630',NULL,NULL),(681,'fm1gXscpnnQkfYRRTPxMtUoizUn45F','2024-02-21 18:43:23.527626','read write',9,6,'2024-02-21 08:43:23.529133','2024-02-21 08:43:23.529133',NULL,NULL),(682,'hZF22tlItkmrUXDVEDtJzAFsJCvQTZ','2024-02-21 18:43:23.671965','read write',9,6,'2024-02-21 08:43:23.671965','2024-02-21 08:43:23.671965',NULL,NULL),(683,'wICF03Qz14pGOBNZmxBPIlPBdzl67M','2024-02-21 19:08:54.347796','read write',9,6,'2024-02-21 09:08:54.351296','2024-02-21 09:08:54.351296',NULL,NULL),(684,'VapzNzNPjmAHVABlXiVzdaKJgfrFde','2024-02-21 19:20:42.134906','read write',9,6,'2024-02-21 09:20:42.134906','2024-02-21 09:20:42.134906',NULL,NULL),(685,'vsZ64R3dxU16RV5BDIYkkUMqQEqubw','2024-02-21 19:31:30.633027','read write',9,6,'2024-02-21 09:31:30.635795','2024-02-21 09:31:30.635795',NULL,NULL),(686,'i8i6AKZl1Pld6bzyNiYPT82AIdZYEf','2024-02-22 01:04:52.295714','read write',9,8,'2024-02-21 15:04:52.299843','2024-02-21 15:04:52.299843',NULL,NULL),(687,'8JRoDjNMdYpIZOLqnfiuZCpqi6Yh6S','2024-02-22 01:08:05.790863','read write',9,8,'2024-02-21 15:08:05.790863','2024-02-21 15:08:05.790863',NULL,NULL),(688,'Kz6fasHJoGCOhYjrr8r5BXvDZAxr98','2024-02-22 01:48:25.891069','read write',9,8,'2024-02-21 15:48:25.913141','2024-02-21 15:48:25.913141',NULL,NULL),(689,'aWUTI8PHmAlPdo9YE9sZ0P50lVopu1','2024-02-22 01:53:53.162309','read write',9,8,'2024-02-21 15:53:53.165304','2024-02-21 15:53:53.165304',NULL,NULL),(690,'3uNFBiHXtK8VSIwBuxQ7EMpBmARfVw','2024-02-22 02:23:10.653253','read write',9,8,'2024-02-21 16:23:10.661924','2024-02-21 16:23:10.661924',NULL,NULL),(691,'euGZNOiz6xicr3yTuIjZslDyeZXIQr','2024-02-22 02:37:47.487324','read write',9,8,'2024-02-21 16:37:47.488323','2024-02-21 16:37:47.488323',NULL,NULL),(692,'G4SbgE5I28TBSqNqZadET9BhZpvopw','2024-02-22 02:51:45.968612','read write',9,8,'2024-02-21 16:51:45.975175','2024-02-21 16:51:45.975175',NULL,NULL),(693,'JV9BHMI0CzQ94nciJDPUak2joiohUy','2024-02-22 03:02:52.790657','read write',9,8,'2024-02-21 17:02:52.790657','2024-02-21 17:02:52.790657',NULL,NULL),(694,'ctUa1SH0M0APkdGDJ4xFUeIBpVHEXh','2024-02-22 03:04:06.207358','read write',9,8,'2024-02-21 17:04:06.207358','2024-02-21 17:04:06.207358',NULL,NULL),(695,'S5n25NIZn4aNvjlAX7dLCwN2wDzll7','2024-02-22 03:38:12.189271','read write',9,8,'2024-02-21 17:38:12.189271','2024-02-21 17:38:12.189271',NULL,NULL),(696,'WeDIcTKMw38nVg4Ks9cLYAgFqyRI0A','2024-02-23 00:49:28.860108','read write',9,8,'2024-02-22 14:49:28.865096','2024-02-22 14:49:28.865096',NULL,NULL),(697,'7XElmPXRCrXzNTueaZQkGWQU03Ud5T','2024-02-23 01:46:06.507054','read write',9,8,'2024-02-22 15:46:06.529585','2024-02-22 15:46:06.529585',NULL,NULL),(698,'sHdIi9sVTc38t5hm8KHOlPQN8m85QG','2024-02-23 01:53:52.669398','read write',9,8,'2024-02-22 15:53:52.678012','2024-02-22 15:53:52.679009',NULL,NULL),(699,'y044qR63E0qDUDKI9ycbAAunY3POQX','2024-02-23 02:25:07.171045','read write',9,8,'2024-02-22 16:25:07.179526','2024-02-22 16:25:07.179526',NULL,NULL),(700,'GgQgaqRFuCKs94InyZ25bzlDziQsiI','2024-02-23 02:54:53.282532','read write',9,8,'2024-02-22 16:54:53.283499','2024-02-22 16:54:53.283499',NULL,NULL),(701,'PTtDzWUFHiYadKA5oeD73zMHTKq9Vm','2024-02-23 02:58:05.810406','read write',9,8,'2024-02-22 16:58:05.813398','2024-02-22 16:58:05.813398',NULL,NULL),(702,'5CVkZQROOVJSDyps2JiQMSadtsIvHH','2024-02-23 03:04:59.230382','read write',9,8,'2024-02-22 17:04:59.230382','2024-02-22 17:04:59.230382',NULL,NULL),(703,'pXL3Cs6lSr7zs1oZMK1GsT9Y7v19zY','2024-02-23 03:12:09.057756','read write',9,8,'2024-02-22 17:12:09.063789','2024-02-22 17:12:09.063789',NULL,NULL),(704,'jt5clC9NF4cRxVJ1v1OqpyWaGEe9jN','2024-02-23 04:22:46.831807','read write',9,8,'2024-02-22 18:22:46.846203','2024-02-22 18:22:46.846203',NULL,NULL),(705,'ihKMcttyT6jN6FQY0ROHUJRqphjYtO','2024-02-23 04:23:22.389947','read write',9,8,'2024-02-22 18:23:22.389947','2024-02-22 18:23:22.389947',NULL,NULL),(706,'2hjyw2JSq4zhMnKjdOQeyoXSCoKzUi','2024-02-23 04:37:52.309709','read write',9,8,'2024-02-22 18:37:52.318019','2024-02-22 18:37:52.318019',NULL,NULL),(707,'J4fL8NaNnfciUHGMEfg70y6bOwNsw0','2024-02-23 04:42:25.765615','read write',9,8,'2024-02-22 18:42:25.767610','2024-02-22 18:42:25.767610',NULL,NULL),(708,'PTVwoubh0lPJohCOzL3s1d722QXW1S','2024-02-23 04:44:40.514122','read write',9,8,'2024-02-22 18:44:40.515119','2024-02-22 18:44:40.515119',NULL,NULL),(709,'4KnwwlNb0gNRZpvv6KfIfbngaxrMxY','2024-02-23 04:45:53.122087','read write',9,8,'2024-02-22 18:45:53.122087','2024-02-22 18:45:53.122087',NULL,NULL),(710,'cg4WVj5gjPnCgQ1EAwEe1wIjpL5Dsp','2024-02-23 05:40:20.764096','read write',9,8,'2024-02-22 19:40:20.792621','2024-02-22 19:40:20.792621',NULL,NULL),(711,'2dlJe8YGvkFU7tlPJO53UgnNlmjeHg','2024-02-23 05:47:43.961755','read write',9,8,'2024-02-22 19:47:43.973680','2024-02-22 19:47:43.973680',NULL,NULL),(712,'5daIA7Lh4jrkCR8T9z1a9iONKgCI88','2024-02-23 06:04:08.159912','read write',9,8,'2024-02-22 20:04:08.161906','2024-02-22 20:04:08.161906',NULL,NULL),(713,'bpD2YctpIrRPh88oK1HfAfKCrcGZXv','2024-02-23 06:21:40.180187','read write',9,8,'2024-02-22 20:21:40.193420','2024-02-22 20:21:40.193420',NULL,NULL),(714,'zN2ReWorqMRyd8NoKDfvPOZ2uWwPsp','2024-02-23 06:27:39.686126','read write',9,8,'2024-02-22 20:27:39.687123','2024-02-22 20:27:39.687123',NULL,NULL),(715,'92V4KmVXZd8EdfjqKKLGJ06hG4ZJHq','2024-02-23 06:42:29.512239','read write',9,8,'2024-02-22 20:42:29.514235','2024-02-22 20:42:29.514235',NULL,NULL),(716,'6v6xnKYzwH1aSl8Dqb2X4al0G2XCmc','2024-02-23 06:42:56.818064','read write',9,8,'2024-02-22 20:42:56.819063','2024-02-22 20:42:56.819063',NULL,NULL),(717,'DlCIZyh0A7aLj0PZ3BDY6M07zjMJ3y','2024-02-23 06:49:40.024616','read write',9,8,'2024-02-22 20:49:40.025647','2024-02-22 20:49:40.025647',NULL,NULL),(718,'m6ojxhUXNRK1ZK52dGypQANSNEXxmf','2024-02-23 16:48:02.342064','read write',9,8,'2024-02-23 06:48:02.343062','2024-02-23 06:48:02.343062',NULL,NULL),(719,'lid8ZGoA3soZ4aPMaYjwTP9bpHwaSq','2024-02-23 16:57:46.414147','read write',9,8,'2024-02-23 06:57:46.415147','2024-02-23 06:57:46.415147',NULL,NULL),(720,'9PSRKkFTh5qEf7oJuYMlYLXDsybXPb','2024-02-23 17:01:38.469917','read write',9,8,'2024-02-23 07:01:38.470915','2024-02-23 07:01:38.470915',NULL,NULL),(721,'wiiftL0DyvmS1H8JhvvOuQhqAKqoQn','2024-02-23 17:12:42.736684','read write',9,8,'2024-02-23 07:12:42.736684','2024-02-23 07:12:42.736684',NULL,NULL),(722,'M7eOyXUyPJVzYUFtYTyADi2IZ53Y76','2024-02-23 17:13:55.398350','read write',9,8,'2024-02-23 07:13:55.402347','2024-02-23 07:13:55.402347',NULL,NULL),(723,'5Jey6dB2y5A9Z1qPg9p7hLjzgosdbJ','2024-02-23 17:31:01.655986','read write',9,8,'2024-02-23 07:31:01.657018','2024-02-23 07:31:01.657018',NULL,NULL),(724,'PvykM8zdQiTRlaKuoVeFpRWV9zpKl9','2024-02-23 17:51:33.959283','read write',9,8,'2024-02-23 07:51:33.976452','2024-02-23 07:51:33.976452',NULL,NULL),(725,'lRkuXD1ZhgLk7EBudFDJLmvSA8QdIB','2024-02-23 17:57:52.800296','read write',9,8,'2024-02-23 07:57:52.800296','2024-02-23 07:57:52.800296',NULL,NULL),(726,'dw8YtxJnXcp0w7Tg4HBaXAdvLTDSqp','2024-02-23 18:14:27.309537','read write',9,8,'2024-02-23 08:14:27.361134','2024-02-23 08:14:27.362245',NULL,NULL),(727,'MS8L0NyXM7WqAL7E7K87X11aJg8ugg','2024-02-23 18:16:06.071919','read write',9,8,'2024-02-23 08:16:06.072916','2024-02-23 08:16:06.072916',NULL,NULL),(728,'D1LqXrUzc20S4KX0DEarAKgpAps8al','2024-02-23 19:03:41.261932','read write',9,8,'2024-02-23 09:03:41.262930','2024-02-23 09:03:41.262930',NULL,NULL),(729,'AdPPdA1jSHZxhZEpRG1F6GCCCu8oCt','2024-02-23 20:36:22.042915','read write',9,8,'2024-02-23 10:36:22.050587','2024-02-23 10:36:22.050587',NULL,NULL),(730,'YAmDP20MMbsrNbn7BeQKfMCKeiw1l8','2024-02-25 02:26:37.181538','read write',9,8,'2024-02-24 16:26:37.185121','2024-02-24 16:26:37.185121',NULL,NULL),(731,'uLuTSO9FJkDZrHT2dnLPEt1eOwHaBf','2024-02-25 02:30:24.783013','read write',9,8,'2024-02-24 16:30:24.784678','2024-02-24 16:30:24.784678',NULL,NULL),(732,'MFiSsMQlJ2KRjidYSiCwrYxNHNp7i4','2024-02-25 02:34:31.531655','read write',9,8,'2024-02-24 16:34:31.534161','2024-02-24 16:34:31.534161',NULL,NULL),(733,'fa2uCCkttLzNd95Nd32q0voXovmZ62','2024-02-25 02:37:56.520002','read write',9,8,'2024-02-24 16:37:56.520002','2024-02-24 16:37:56.520002',NULL,NULL),(734,'XMbYkQ9O1QEoE5kNSyzf4g1DMoLOw8','2024-02-25 02:43:40.483296','read write',9,8,'2024-02-24 16:43:40.483296','2024-02-24 16:43:40.483296',NULL,NULL),(735,'vXhVtsJrgtngbIGWmcEY0JqwDfapTI','2024-02-25 02:45:01.491701','read write',9,8,'2024-02-24 16:45:01.493206','2024-02-24 16:45:01.493206',NULL,NULL),(736,'3vQjEu9HbQmefhI7ZoUI7sWU2LDN0s','2024-02-25 02:46:22.769186','read write',9,8,'2024-02-24 16:46:22.769186','2024-02-24 16:46:22.769186',NULL,NULL),(737,'yWFgY9p7V104d7eUYNKCEycQYeOJOH','2024-02-25 02:47:51.040858','read write',9,8,'2024-02-24 16:47:51.041855','2024-02-24 16:47:51.041855',NULL,NULL),(738,'Jl8GNxJryu3UQ2sO0gxV2Jh0wxopku','2024-02-25 02:51:37.890840','read write',9,8,'2024-02-24 16:51:37.895478','2024-02-24 16:51:37.895478',NULL,NULL),(739,'7euJrnmNkncoSgEcNW1XMxhd5SA82f','2024-02-25 03:05:43.848354','read write',9,8,'2024-02-24 17:05:43.848354','2024-02-24 17:05:43.848354',NULL,NULL),(740,'Ec5nT2w8yfNpbZH75MXEtgaBhWEeQd','2024-02-25 03:07:54.306954','read write',9,8,'2024-02-24 17:07:54.307951','2024-02-24 17:07:54.307951',NULL,NULL),(741,'z2QHGljYv3aM6LVDjX1GrrN7uka8Sc','2024-02-25 03:39:06.563223','read write',9,8,'2024-02-24 17:39:06.564337','2024-02-24 17:39:06.564337',NULL,NULL),(742,'vnmejsWacxpFjdxpXDI7zpJ69V1L0n','2024-02-25 03:51:18.600808','read write',9,8,'2024-02-24 17:51:18.611680','2024-02-24 17:51:18.611680',NULL,NULL),(743,'DYFre06Xg2iQg7UNjzMghKw4lOsicc','2024-02-25 04:07:33.369804','read write',9,8,'2024-02-24 18:07:33.399989','2024-02-24 18:07:33.399989',NULL,NULL),(744,'BVI0bVICHk6MXe102A00jF7x0t4Gye','2024-02-25 04:38:32.587129','read write',9,8,'2024-02-24 18:38:32.587129','2024-02-24 18:38:32.587129',NULL,NULL),(745,'3BdQ2SwffdS1nzDceNMxeuCqY86b16','2024-02-25 05:16:30.513912','read write',9,8,'2024-02-24 19:16:30.521762','2024-02-24 19:16:30.521762',NULL,NULL),(746,'0PCQhwZaqFAgl84vjijGG65ViLUyex','2024-02-25 05:18:08.258669','read write',9,8,'2024-02-24 19:18:08.258669','2024-02-24 19:18:08.258669',NULL,NULL),(747,'TSzFUgG0ZrAK4uGKF6hvTWSrw1GErw','2024-02-25 05:19:17.589247','read write',9,8,'2024-02-24 19:19:17.590276','2024-02-24 19:19:17.590276',NULL,NULL),(748,'w4u0ouGA335Q0tuIEZNWcPGOYfn2iL','2024-02-25 16:13:25.986318','read write',9,8,'2024-02-25 06:13:25.986318','2024-02-25 06:13:25.986318',NULL,NULL),(749,'a0vJ7nrzMz05GdohUJwvNU64Y5uL1j','2024-02-25 18:05:01.916187','read write',9,8,'2024-02-25 08:05:01.922726','2024-02-25 08:05:01.922726',NULL,NULL),(750,'ot3oDcTi4JfnLW6EtMBgxaEZJxyCEk','2024-02-25 18:51:33.785802','read write',9,8,'2024-02-25 08:51:33.788794','2024-02-25 08:51:33.788794',NULL,NULL),(751,'k7RL1feLPnjWH8J2BBe4XZGbSghiTE','2024-02-25 18:53:12.370525','read write',9,8,'2024-02-25 08:53:12.372557','2024-02-25 08:53:12.372557',NULL,NULL),(752,'JdlPxvZFsU2X8uBzWWtoBMtkeP0X80','2024-02-25 18:54:16.397079','read write',9,8,'2024-02-25 08:54:16.398076','2024-02-25 08:54:16.398076',NULL,NULL),(753,'wY0MVyM6mfMTImoU59jNGmqshX0MvM','2024-02-25 21:02:51.899670','read write',9,8,'2024-02-25 11:02:51.902686','2024-02-25 11:02:51.902686',NULL,NULL),(754,'t4JFVjYP3qZzDTpfpLK64yX5JiX38j','2024-02-25 21:04:59.057710','read write',9,8,'2024-02-25 11:04:59.058709','2024-02-25 11:04:59.058709',NULL,NULL),(755,'KlTLr2Od2iBXAwSsmM34Q4qUClDw7i','2024-02-25 21:05:45.816730','read write',9,8,'2024-02-25 11:05:45.817727','2024-02-25 11:05:45.817727',NULL,NULL),(756,'p4T2P4h4ALRhRCWa0QeT0CdCMRplwf','2024-02-25 23:43:05.292938','read write',9,8,'2024-02-25 13:43:05.295497','2024-02-25 13:43:05.295497',NULL,NULL),(757,'O9JmU2EoFoFl12sUtPmlKSnlSfAfDO','2024-02-25 23:47:58.148542','read write',9,8,'2024-02-25 13:47:58.149542','2024-02-25 13:47:58.149542',NULL,NULL),(758,'xn1aijFoBHFCZJBBm5E9wSM35r21jR','2024-02-25 23:57:07.773880','read write',9,6,'2024-02-25 13:57:07.775358','2024-02-25 13:57:07.775358',NULL,NULL),(759,'POot5uk5TFE7BkmKRoXUsPCjStDfMv','2024-02-26 00:02:57.801308','read write',9,6,'2024-02-25 14:02:57.801308','2024-02-25 14:02:57.801308',NULL,NULL),(760,'u1ZSsyAsvqz9e6ErODuCZo3tX1FVGz','2024-02-26 00:04:11.663529','read write',9,8,'2024-02-25 14:04:11.673472','2024-02-25 14:04:11.673472',NULL,NULL),(761,'gizbxd5BPojAUt57q1iSAeNoPAoEjV','2024-02-26 00:21:53.304876','read write',9,8,'2024-02-25 14:21:53.305874','2024-02-25 14:21:53.305874',NULL,NULL),(762,'0ftaUnqDnnTdrBvOYXzEALmyGM5C3y','2024-02-26 00:21:54.893743','read write',9,8,'2024-02-25 14:21:54.893743','2024-02-25 14:21:54.893743',NULL,NULL),(763,'xFUisxbo8Z5VBUgjYl2l6lig2OjAPh','2024-02-26 00:21:55.375851','read write',9,8,'2024-02-25 14:21:55.375851','2024-02-25 14:21:55.375851',NULL,NULL),(764,'nTjgmuvbuoYQlf4qQIJji3RCqddgqo','2024-02-26 00:21:56.411388','read write',9,8,'2024-02-25 14:21:56.412388','2024-02-25 14:21:56.412388',NULL,NULL),(765,'nD7GPqFoCFkVBkTP00jSHZatzoTneN','2024-02-26 00:21:57.025989','read write',9,8,'2024-02-25 14:21:57.025989','2024-02-25 14:21:57.025989',NULL,NULL),(766,'23cPCscCsQIq006bVmJEhy3hZrxvF7','2024-02-26 00:21:57.671351','read write',9,8,'2024-02-25 14:21:57.671351','2024-02-25 14:21:57.671351',NULL,NULL),(767,'QSmToxlNHD9vVnETOkE8gW32zwPuLI','2024-02-26 00:21:58.403946','read write',9,8,'2024-02-25 14:21:58.403946','2024-02-25 14:21:58.403946',NULL,NULL),(768,'VJRHaTFYORl8vau3cMgLIft2KK483z','2024-02-26 00:21:59.052964','read write',9,8,'2024-02-25 14:21:59.052964','2024-02-25 14:21:59.052964',NULL,NULL),(769,'qlB3kv879vw2JuV0MNakRncCBHA6Qp','2024-02-26 00:21:59.616028','read write',9,8,'2024-02-25 14:21:59.616028','2024-02-25 14:21:59.616028',NULL,NULL),(770,'HdVXYLISJkW1MGD7naIs1E7yFD90jl','2024-02-26 00:21:59.696029','read write',9,8,'2024-02-25 14:21:59.697536','2024-02-25 14:21:59.697536',NULL,NULL),(771,'w8Opr7nO5LYTlQtoEueUqz51xsIJ6r','2024-02-26 00:22:00.211916','read write',9,8,'2024-02-25 14:22:00.211916','2024-02-25 14:22:00.211916',NULL,NULL),(772,'lB8hgeLQv3YDMwcmPsJxpRKZ9wiAbT','2024-02-26 00:22:00.983999','read write',9,8,'2024-02-25 14:22:00.984994','2024-02-25 14:22:00.984994',NULL,NULL),(773,'o1tsetcN0jvHtowH9TDr2rlsXi3Iep','2024-02-26 00:22:01.488639','read write',9,8,'2024-02-25 14:22:01.488639','2024-02-25 14:22:01.488639',NULL,NULL),(774,'1fmFK4JTF6A1y6Z6oqqMj9NLqDeC1t','2024-02-26 00:22:01.518821','read write',9,8,'2024-02-25 14:22:01.519819','2024-02-25 14:22:01.519819',NULL,NULL),(775,'x69hg6kbgjnaBi3gkOK28Ugq4PBujM','2024-02-26 00:22:29.886805','read write',9,8,'2024-02-25 14:22:29.886805','2024-02-25 14:22:29.886805',NULL,NULL),(776,'vG2tXnWRCSCytSoH06SCvhJGtFk093','2024-02-26 14:08:37.719787','read write',9,8,'2024-02-26 04:08:37.722778','2024-02-26 04:08:37.722778',NULL,NULL),(777,'sA06gHMXGbAP3I3E3pjReUpA6ChT03','2024-02-26 23:50:55.386372','read write',9,8,'2024-02-26 13:50:55.387372','2024-02-26 13:50:55.387372',NULL,NULL),(778,'bRank4aRf0dBR4Ud042NcqydsWQD3m','2024-02-27 01:23:46.864770','read write',9,8,'2024-02-26 15:23:46.867256','2024-02-26 15:23:46.867256',NULL,NULL),(779,'vxWBWJXnRIStjS7i8YCF8OzeDb7l7G','2024-02-27 01:47:57.915460','read write',9,8,'2024-02-26 15:47:57.917470','2024-02-26 15:47:57.917470',NULL,NULL),(780,'fL9KNgO8oA53dJ3c1eY1xW0kgmIbkw','2024-02-27 01:49:58.217923','read write',9,8,'2024-02-26 15:49:58.218920','2024-02-26 15:49:58.218920',NULL,NULL),(781,'aEis3xptPMCWNDye48PAB8ONKBY7Pr','2024-02-27 01:50:21.246167','read write',9,8,'2024-02-26 15:50:21.247166','2024-02-26 15:50:21.247166',NULL,NULL),(782,'AgRiNjyYbbfWTr9bLlcmVywjOLA79V','2024-02-27 02:47:15.720124','read write',9,8,'2024-02-26 16:47:15.731221','2024-02-26 16:47:15.731221',NULL,NULL),(783,'sAZNHGygcgTCWgESAUkXpGVgSjvxtx','2024-02-27 04:50:44.857466','read write',9,8,'2024-02-26 18:50:44.880716','2024-02-26 18:50:44.880716',NULL,NULL),(784,'VG8W1uUXyMdsZq9WzPxFRkNw27ZVtU','2024-02-27 04:57:00.533711','read write',9,8,'2024-02-26 18:57:00.535856','2024-02-26 18:57:00.535856',NULL,NULL),(785,'3kx3LgfOMkqojUfDeHF1zUIgAdqyG3','2024-02-27 05:24:52.044631','read write',9,8,'2024-02-26 19:24:52.047624','2024-02-26 19:24:52.047624',NULL,NULL),(786,'7CYwinmPT2uHZyIPbrflrpAvxVCeyR','2024-02-27 05:48:07.476808','read write',9,8,'2024-02-26 19:48:07.477806','2024-02-26 19:48:07.477806',NULL,NULL),(787,'O8IuKjomIc3mObPXuVI97b5TcXEyEg','2024-02-27 05:48:58.553126','read write',9,8,'2024-02-26 19:48:58.553126','2024-02-26 19:48:58.553126',NULL,NULL),(788,'YWQP8zPuyvjfoR9Ab7hssfKqx54Yi1','2024-02-27 05:49:26.111929','read write',9,8,'2024-02-26 19:49:26.111929','2024-02-26 19:49:26.111929',NULL,NULL),(789,'JtK7PSBdS6mpYgfknydZx63l8fSLim','2024-02-27 05:52:45.627275','read write',9,8,'2024-02-26 19:52:45.631771','2024-02-26 19:52:45.631771',NULL,NULL),(790,'JU1nRRzhBCiSvme2WbPGXLo4YWOcOR','2024-02-27 05:59:00.097195','read write',9,8,'2024-02-26 19:59:00.098192','2024-02-26 19:59:00.098192',NULL,NULL),(791,'DcAxNOaiyK3E16JKMnJKDPZ14KTSBu','2024-02-27 05:59:30.728018','read write',9,8,'2024-02-26 19:59:30.728018','2024-02-26 19:59:30.728018',NULL,NULL),(792,'nDCif6btMlKZLKnNS6kEvEQE1rR0ta','2024-02-27 06:01:06.776736','read write',9,8,'2024-02-26 20:01:06.776736','2024-02-26 20:01:06.776736',NULL,NULL),(793,'MHfNK90qfN8lPJXrRhvZJlbCa2N5Cn','2024-02-27 06:01:57.275060','read write',9,8,'2024-02-26 20:01:57.275060','2024-02-26 20:01:57.275060',NULL,NULL),(794,'N7sbH3W1ADP0nWcXuXBmh4RNZrQA4S','2024-02-27 06:03:42.212084','read write',9,8,'2024-02-26 20:03:42.212084','2024-02-26 20:03:42.212084',NULL,NULL),(795,'QutDfc6XD6qfiCp2HAiWJYRqUJD5y8','2024-02-27 06:04:32.060566','read write',9,8,'2024-02-26 20:04:32.060566','2024-02-26 20:04:32.060566',NULL,NULL),(796,'ptG0Y3gPBxCv1c66HnKkgLBJTd7GCf','2024-02-27 06:05:26.449067','read write',9,8,'2024-02-26 20:05:26.449067','2024-02-26 20:05:26.449067',NULL,NULL),(797,'iJndpXLwaZtB154nEi1IJOKVhH3up2','2024-02-27 06:07:38.794796','read write',9,8,'2024-02-26 20:07:38.796790','2024-02-26 20:07:38.796790',NULL,NULL),(798,'g62CnLeB7AEW1OFuKknXMwNorgqZaI','2024-02-27 06:08:36.843026','read write',9,8,'2024-02-26 20:08:36.843026','2024-02-26 20:08:36.843026',NULL,NULL),(799,'88qpTt60196JkJnjkG94iNLjTZ6tY2','2024-02-27 06:09:07.401755','read write',9,8,'2024-02-26 20:09:07.401755','2024-02-26 20:09:07.401755',NULL,NULL),(800,'5FJgMU9e3UB9MwZn5PalUy9e6IPUZ2','2024-02-27 06:11:38.172937','read write',9,8,'2024-02-26 20:11:38.172937','2024-02-26 20:11:38.172937',NULL,NULL),(801,'ozuKTexGtnIWPr7ZcwyKYyWHc9xyNI','2024-02-27 06:13:57.007211','read write',9,8,'2024-02-26 20:13:57.008209','2024-02-26 20:13:57.008209',NULL,NULL),(802,'yUc14vjoYghL4ggLqCdtKfYvdYlf5W','2024-02-27 06:14:37.877088','read write',9,8,'2024-02-26 20:14:37.878086','2024-02-26 20:14:37.878086',NULL,NULL),(803,'s7rh215vjPxvMT31x8h49zd0TBCXqu','2024-02-27 06:16:04.031190','read write',9,8,'2024-02-26 20:16:04.032191','2024-02-26 20:16:04.032191',NULL,NULL),(804,'V9VsL7RVY34zsH1wZfpgfyC20kODFT','2024-02-27 06:23:49.687899','read write',9,8,'2024-02-26 20:23:49.691884','2024-02-26 20:23:49.691884',NULL,NULL),(805,'3HFo35jlE2lOmuo3Gx9HWXzPH2NsUF','2024-02-27 06:28:10.868773','read write',9,8,'2024-02-26 20:28:10.872810','2024-02-26 20:28:10.872810',NULL,NULL),(806,'n0Ra2nibuo8FlyZ5K9ArbeT9f8nEzc','2024-02-27 06:28:53.911981','read write',9,8,'2024-02-26 20:28:53.912981','2024-02-26 20:28:53.912981',NULL,NULL),(807,'DtELcTo0IidVnktZwMv0KNUQXFbrgJ','2024-02-27 06:36:37.977657','read write',9,6,'2024-02-26 20:36:37.978655','2024-02-26 20:36:37.978655',NULL,NULL),(808,'YWDsOd6xGBwrMw8JJVk1oHjQx8zDw5','2024-02-27 06:37:32.905760','read write',9,6,'2024-02-26 20:37:32.905760','2024-02-26 20:37:32.905760',NULL,NULL),(809,'VYKvyoDqld69ufPgXgdQb75E17ABXw','2024-02-28 02:43:01.199754','read write',9,8,'2024-02-27 16:43:01.201018','2024-02-27 16:43:01.201018',NULL,NULL),(810,'2qfMtKdcCzt3PCmejfVgDYYYsumLqr','2024-02-28 02:43:56.486657','read write',9,8,'2024-02-27 16:43:56.486657','2024-02-27 16:43:56.486657',NULL,NULL),(811,'F3UPxMMPzNLKKkoQsnqTFVK0BI4CkM','2024-02-28 03:11:24.309569','read write',9,6,'2024-02-27 17:11:24.312217','2024-02-27 17:11:24.312217',NULL,NULL),(812,'jMPmrT84rsRV3JNdgSPpEoy9Bla6db','2024-02-28 03:12:20.475430','read write',9,6,'2024-02-27 17:12:20.476428','2024-02-27 17:12:20.476428',NULL,NULL),(813,'F6HqDhBq4Ov9xxDIPRXe20mqjeqVf3','2024-02-28 03:13:23.580231','read write',9,6,'2024-02-27 17:13:23.581232','2024-02-27 17:13:23.581232',NULL,NULL),(814,'r7CdRhP7Imb8MO6DfixBwzgcxH6I8d','2024-02-28 03:57:51.139666','read write',9,6,'2024-02-27 17:57:51.150026','2024-02-27 17:57:51.150026',NULL,NULL),(815,'ZxM0WAzgO2MB85f7XYZhfJ3ZNgvTd0','2024-02-28 03:58:04.046045','read write',9,8,'2024-02-27 17:58:04.047047','2024-02-27 17:58:04.047047',NULL,NULL),(816,'7jq4aaR4uMfQbS9jCljch14n0WrfPt','2024-02-28 04:06:23.138062','read write',9,8,'2024-02-27 18:06:23.144726','2024-02-27 18:06:23.144726',NULL,NULL),(817,'Xez5ONTQKq2iMteHydN28Pgpwojddh','2024-02-28 04:08:19.320748','read write',9,8,'2024-02-27 18:08:19.320748','2024-02-27 18:08:19.320748',NULL,NULL),(818,'EsC7E8v87bdtpaIg0z3vxFya64jHrP','2024-02-28 04:11:29.023991','read write',9,8,'2024-02-27 18:11:29.030398','2024-02-27 18:11:29.030398',NULL,NULL),(819,'aP2a8YaM25yC4bhUVhojeOFY2GhoJZ','2024-02-28 06:14:13.596266','read write',9,8,'2024-02-27 20:14:13.597773','2024-02-27 20:14:13.597773',NULL,NULL),(820,'Cz5ccnpZB5bdogsJGO2Vo9eTFDaKxT','2024-02-28 06:16:24.813638','read write',9,8,'2024-02-27 20:16:24.816618','2024-02-27 20:16:24.816618',NULL,NULL),(821,'i5CJltbvcHzEnVRQvv9kUEl8pvgKwk','2024-02-28 06:16:53.770986','read write',9,8,'2024-02-27 20:16:53.771983','2024-02-27 20:16:53.771983',NULL,NULL),(822,'B1MBp0IwJXd0Pix4kEn53VraHJJoAe','2024-02-28 06:17:56.160933','read write',9,8,'2024-02-27 20:17:56.161957','2024-02-27 20:17:56.161957',NULL,NULL),(823,'YI23OH7cZHYUccDsGoLmcNFyVWUJ3h','2024-02-28 06:19:23.697102','read write',9,8,'2024-02-27 20:19:23.698168','2024-02-27 20:19:23.698168',NULL,NULL),(824,'F0vYLUHfZtaqYFNdHgR7uc9shqFVhr','2024-02-28 06:20:21.174711','read write',9,8,'2024-02-27 20:20:21.174711','2024-02-27 20:20:21.174711',NULL,NULL),(825,'1ni4BGQC5fbgHT9YJZvwy30ldfrLPk','2024-02-28 06:27:54.422871','read write',9,8,'2024-02-27 20:27:54.424963','2024-02-27 20:27:54.424963',NULL,NULL),(826,'T8HzjRbAJTN3FSbIuuiC1treESb1bf','2024-02-28 06:35:18.143251','read write',9,8,'2024-02-27 20:35:18.147240','2024-02-27 20:35:18.147240',NULL,NULL),(827,'N1VzS3z30vxY9Vn6aCJwl4TNJM329k','2024-02-28 06:37:14.299566','read write',9,8,'2024-02-27 20:37:14.299566','2024-02-27 20:37:14.299566',NULL,NULL),(828,'vWYKIPyjhOEd51biAnihKxiN0I2uik','2024-02-28 22:20:24.773521','read write',9,8,'2024-02-28 12:20:24.774500','2024-02-28 12:20:24.774500',NULL,NULL),(829,'Zo9kvXDPUWg6lPkUKkgd1l71YMZSkt','2024-02-28 22:20:48.600110','read write',9,6,'2024-02-28 12:20:48.600110','2024-02-28 12:20:48.600110',NULL,NULL),(830,'BymoiiU8T4RxdEwkyIF6UB3Bv7MGNy','2024-02-28 22:33:49.624762','read write',9,6,'2024-02-28 12:33:49.633271','2024-02-28 12:33:49.633271',NULL,NULL),(831,'87h0lrffSRvchj1bWgQdUgnbXDLFtC','2024-02-28 22:36:33.429673','read write',9,6,'2024-02-28 12:36:33.430705','2024-02-28 12:36:33.430705',NULL,NULL),(832,'FDJkmsf9T2lvkvvOwfHwk58fZU7QTz','2024-02-28 22:37:52.436134','read write',9,6,'2024-02-28 12:37:52.436134','2024-02-28 12:37:52.436134',NULL,NULL),(833,'ixyV4GGEiodRbP344Sop4k6Pe0Puyg','2024-02-28 22:38:52.766429','read write',9,6,'2024-02-28 12:38:52.767934','2024-02-28 12:38:52.767934',NULL,NULL),(834,'IY92yUvtl8jAVASZUgUtfc6m8caDHG','2024-02-28 22:40:46.899274','read write',9,6,'2024-02-28 12:40:46.899274','2024-02-28 12:40:46.899274',NULL,NULL),(835,'IH5I1u9yCCU23gAdtymepb96cfgcwT','2024-02-28 22:44:54.342190','read write',9,6,'2024-02-28 12:44:54.343190','2024-02-28 12:44:54.343190',NULL,NULL),(836,'wvIeDft7pmLWbeacZm4hK86bxIXVE2','2024-02-28 22:46:09.762578','read write',9,6,'2024-02-28 12:46:09.763115','2024-02-28 12:46:09.763115',NULL,NULL),(837,'96fd7BIOmun9EMQnOlmDjRKtfc2uK8','2024-02-28 22:47:20.428461','read write',9,6,'2024-02-28 12:47:20.428461','2024-02-28 12:47:20.428461',NULL,NULL),(838,'zgdnPEKW6ssP3anQZtg4ymXgqV1oSF','2024-02-28 22:48:46.479715','read write',9,6,'2024-02-28 12:48:46.479715','2024-02-28 12:48:46.479715',NULL,NULL),(839,'OnOsLn34B6QrCDoNXBt9jb4Gw0BLrx','2024-02-28 22:50:13.711638','read write',9,6,'2024-02-28 12:50:13.711638','2024-02-28 12:50:13.711638',NULL,NULL),(840,'sSs8LMJFyi2JqhjFoUYysQgONCPIVP','2024-02-28 22:52:08.430972','read write',9,6,'2024-02-28 12:52:08.430972','2024-02-28 12:52:08.430972',NULL,NULL),(841,'K4snMd0aOyAya0DWxO4mzsQean3Umi','2024-02-28 23:09:34.640330','read write',9,6,'2024-02-28 13:09:34.648876','2024-02-28 13:09:34.648876',NULL,NULL),(842,'JXjlEHWBRGu6knW1JI5TEJKz7HBjcR','2024-02-28 23:10:14.390298','read write',9,6,'2024-02-28 13:10:14.390298','2024-02-28 13:10:14.390298',NULL,NULL),(843,'AgQuEt2ZiN357Cwyre0KrDXC5A9UCt','2024-02-28 23:12:42.573114','read write',9,6,'2024-02-28 13:12:42.575243','2024-02-28 13:12:42.575243',NULL,NULL),(844,'B2WiJjEk4SmQq8anLiRmNpv5lmdd4v','2024-02-28 23:14:35.117991','read write',9,6,'2024-02-28 13:14:35.117991','2024-02-28 13:14:35.117991',NULL,NULL),(845,'ejS9vdDLr54HfukDb0P7LAo8MgKvNE','2024-02-28 23:14:43.440032','read write',9,6,'2024-02-28 13:14:43.440032','2024-02-28 13:14:43.440032',NULL,NULL),(846,'dYrGRwSpuFoR5YUpUSVlKrbvdZymGV','2024-02-28 23:15:58.036158','read write',9,6,'2024-02-28 13:15:58.036158','2024-02-28 13:15:58.036158',NULL,NULL),(847,'Luzj0YhCGQxhTRUOjP2XfhtkOpoteZ','2024-02-28 23:17:21.771523','read write',9,6,'2024-02-28 13:17:21.771523','2024-02-28 13:17:21.771523',NULL,NULL),(848,'nGvo6xYH18siffD6eFTipintA83Bdf','2024-02-28 23:18:04.364357','read write',9,6,'2024-02-28 13:18:04.365391','2024-02-28 13:18:04.365391',NULL,NULL),(849,'ZARbCxEzNsorVZKyXC5UjCiwE5fQKT','2024-02-28 23:18:40.774977','read write',9,6,'2024-02-28 13:18:40.775974','2024-02-28 13:18:40.775974',NULL,NULL),(850,'KUzsvJppSbFtPobqCBort14Eunc1Jl','2024-02-28 23:23:42.379993','read write',9,6,'2024-02-28 13:23:42.383500','2024-02-28 13:23:42.383500',NULL,NULL),(851,'eh71Bo9h19TQ2lvfiwXpjeOd2pvvEu','2024-02-28 23:25:11.096260','read write',9,6,'2024-02-28 13:25:11.096260','2024-02-28 13:25:11.096260',NULL,NULL),(852,'YUm0Wa3eCjdadP3bp5iMf0cSfdrFUV','2024-02-28 23:26:08.374636','read write',9,6,'2024-02-28 13:26:08.375634','2024-02-28 13:26:08.375634',NULL,NULL),(853,'9zPzvWkD9SZmEuUMBUewOFA9mZEk3g','2024-02-28 23:27:23.404462','read write',9,6,'2024-02-28 13:27:23.404462','2024-02-28 13:27:23.404462',NULL,NULL),(854,'QqsSzDBEBIAig7Yv8xz6YpDhBS7Id8','2024-02-28 23:28:01.657239','read write',9,6,'2024-02-28 13:28:01.657239','2024-02-28 13:28:01.657239',NULL,NULL),(855,'QusZOFKt2CRZ7ma82X3VqMvyynXmY2','2024-02-28 23:33:52.493141','read write',9,6,'2024-02-28 13:33:52.494148','2024-02-28 13:33:52.494148',NULL,NULL),(856,'bSiTxBUNRcteR85cUcKi7pdiYikEDe','2024-02-28 23:34:24.105563','read write',9,6,'2024-02-28 13:34:24.105563','2024-02-28 13:34:24.105563',NULL,NULL),(857,'fBg9eWJnFm5hZxGsD9If2yctm4K0UB','2024-02-28 23:38:56.387100','read write',9,6,'2024-02-28 13:38:56.389094','2024-02-28 13:38:56.389094',NULL,NULL),(858,'g8BkJmncy1mCo34XQWhQuEFrQr4vPb','2024-02-28 23:40:31.996863','read write',9,6,'2024-02-28 13:40:31.997860','2024-02-28 13:40:31.997860',NULL,NULL),(859,'UfprOrj6OKOkf6yQrOuEqFzZTzax72','2024-02-28 23:41:19.800202','read write',9,6,'2024-02-28 13:41:19.800202','2024-02-28 13:41:19.800202',NULL,NULL),(860,'Kg4X4PFmYbu9t8UkqlqRrFhtSBwp9i','2024-02-28 23:46:54.204798','read write',9,6,'2024-02-28 13:46:54.205835','2024-02-28 13:46:54.205835',NULL,NULL),(861,'1UCo1bjpDbUPUfJIcgcYArkE0HHK1z','2024-02-28 23:48:14.266507','read write',9,6,'2024-02-28 13:48:14.266507','2024-02-28 13:48:14.266507',NULL,NULL),(862,'myAx95Ca76dtYabffdfNCUfYwtNqCl','2024-02-28 23:48:57.177106','read write',9,6,'2024-02-28 13:48:57.178104','2024-02-28 13:48:57.178104',NULL,NULL),(863,'vLlijwluYsD6Na0BxIJZSczQ8aOMNu','2024-02-28 23:49:07.450478','read write',9,6,'2024-02-28 13:49:07.450478','2024-02-28 13:49:07.450478',NULL,NULL),(864,'YEi3yAIRRrxXY1jYJp94bWaKneCCsO','2024-02-28 23:49:19.054192','read write',9,6,'2024-02-28 13:49:19.055189','2024-02-28 13:49:19.055189',NULL,NULL),(865,'y6NznGvph9P7O6V9GNRWybutl86RqO','2024-02-28 23:50:07.628326','read write',9,6,'2024-02-28 13:50:07.628326','2024-02-28 13:50:07.628326',NULL,NULL),(866,'aNQn68IynBD8dMlXktajxU3ewSQxsD','2024-02-28 23:50:17.576389','read write',9,6,'2024-02-28 13:50:17.576389','2024-02-28 13:50:17.576389',NULL,NULL),(867,'spFJxYICKLfbQmBCc5zbP2MDueI8DW','2024-02-28 23:50:32.481407','read write',9,6,'2024-02-28 13:50:32.481407','2024-02-28 13:50:32.481407',NULL,NULL),(868,'N9v1alIrUQN5ueFJg6ttrdcvnuUU6l','2024-02-28 23:50:50.519026','read write',9,6,'2024-02-28 13:50:50.519990','2024-02-28 13:50:50.519990',NULL,NULL),(869,'UpuECV4PR7Rxtmzv10lFP1KrPgtRJI','2024-02-28 23:51:05.966569','read write',9,6,'2024-02-28 13:51:05.967567','2024-02-28 13:51:05.967567',NULL,NULL),(870,'T1535V2qk4LP4qhighMZIl01mGUNWW','2024-02-28 23:52:48.479176','read write',9,6,'2024-02-28 13:52:48.479176','2024-02-28 13:52:48.479176',NULL,NULL),(871,'O4LWmk14dNSxZJMhDjo1x2kM5nq53K','2024-02-28 23:54:15.002363','read write',9,6,'2024-02-28 13:54:15.002363','2024-02-28 13:54:15.002363',NULL,NULL),(872,'B5CRMbRie3n6kqweG5NNMMQjNqyNz7','2024-02-28 23:54:36.582570','read write',9,6,'2024-02-28 13:54:36.583078','2024-02-28 13:54:36.583078',NULL,NULL),(873,'IhZ8zFGplwrgk9RjAcHSFxULqA1zZ7','2024-02-28 23:55:47.002340','read write',9,6,'2024-02-28 13:55:47.002340','2024-02-28 13:55:47.002340',NULL,NULL),(874,'OUeB3n2oXuYld4ctcGVTrvnCyGvfrf','2024-02-29 00:01:36.756493','read write',9,6,'2024-02-28 14:01:36.764532','2024-02-28 14:01:36.764532',NULL,NULL),(875,'JOE4PxBYSCkrop5gGU8bSWaOcYHnQe','2024-02-29 00:03:19.797225','read write',9,6,'2024-02-28 14:03:19.798731','2024-02-28 14:03:19.798731',NULL,NULL),(876,'zEyazi2WJWX8g7HHm835CudqA0XH60','2024-02-29 00:04:14.401619','read write',9,6,'2024-02-28 14:04:14.402617','2024-02-28 14:04:14.402617',NULL,NULL),(877,'9FDiRoyPDfV1AfGM56N3aLFCFxXIes','2024-02-29 00:04:25.067825','read write',9,6,'2024-02-28 14:04:25.067825','2024-02-28 14:04:25.067825',NULL,NULL),(878,'J76LYuFGD1telVJGNvybfx6KbbkUZM','2024-02-29 00:05:43.152364','read write',9,6,'2024-02-28 14:05:43.152364','2024-02-28 14:05:43.152364',NULL,NULL),(879,'r6EB7ELx0XoxhC2Xaoba0GSFKky9a8','2024-02-29 00:05:52.335153','read write',9,6,'2024-02-28 14:05:52.335153','2024-02-28 14:05:52.335153',NULL,NULL),(880,'XGIyvbn93lGKqsN2xvacjGFo8QGCHi','2024-02-29 00:06:03.455437','read write',9,6,'2024-02-28 14:06:03.456435','2024-02-28 14:06:03.456435',NULL,NULL),(881,'wOfyayHyvVqmrTMhiVpGf5XjzcOVF2','2024-02-29 00:06:16.228710','read write',9,6,'2024-02-28 14:06:16.229707','2024-02-28 14:06:16.229707',NULL,NULL),(882,'EBVWFFSoCuyJxaHdn4tJoksgTcqqOc','2024-02-29 00:06:52.157964','read write',9,6,'2024-02-28 14:06:52.157964','2024-02-28 14:06:52.157964',NULL,NULL),(883,'vVGCjS2HqeLh8FQ81GBEhzrE8Pm9fz','2024-02-29 00:07:09.166173','read write',9,6,'2024-02-28 14:07:09.167170','2024-02-28 14:07:09.167170',NULL,NULL),(884,'RbrYoJ6EabezdVYbyos3zUfS876rxo','2024-02-29 00:07:42.470350','read write',9,6,'2024-02-28 14:07:42.470350','2024-02-28 14:07:42.470350',NULL,NULL),(885,'5Tmf0sQ5hjTZ7F5HcEJf2hiGpQmgE1','2024-02-29 00:07:54.346264','read write',9,6,'2024-02-28 14:07:54.346264','2024-02-28 14:07:54.346264',NULL,NULL),(886,'prX7yzp9vDeV82cyueP1kIYPhsUhBk','2024-02-29 00:08:07.033413','read write',9,6,'2024-02-28 14:08:07.034413','2024-02-28 14:08:07.034413',NULL,NULL),(887,'aCpvuZVn3T9BOXjeygsqG0bxj7oQic','2024-02-29 00:08:27.769533','read write',9,6,'2024-02-28 14:08:27.769533','2024-02-28 14:08:27.769533',NULL,NULL),(888,'CPAdtv60TwGvKQIs6fWwLR3SLjfYPj','2024-02-29 00:08:48.306576','read write',9,6,'2024-02-28 14:08:48.307573','2024-02-28 14:08:48.307573',NULL,NULL),(889,'KYYAE9AcRijmhz54nU2ekmlsHw1ZPf','2024-02-29 00:10:05.044757','read write',9,6,'2024-02-28 14:10:05.044757','2024-02-28 14:10:05.044757',NULL,NULL),(890,'ZvXauCItX7FEOaZNdSTpvmvWAKMmc4','2024-02-29 00:11:23.836205','read write',9,6,'2024-02-28 14:11:23.836205','2024-02-28 14:11:23.836205',NULL,NULL),(891,'FYIsfr7g0UZ8Qx11KrocoOZWlMvy63','2024-02-29 00:12:28.694251','read write',9,6,'2024-02-28 14:12:28.694251','2024-02-28 14:12:28.694251',NULL,NULL),(892,'NDU2B6QZRCZiBDyQkWM8RoklOflKq2','2024-02-29 00:15:19.071185','read write',9,6,'2024-02-28 14:15:19.074523','2024-02-28 14:15:19.074523',NULL,NULL),(893,'S3NEvuD86lOIldjufMuhI2Ijf53sE5','2024-02-29 00:17:26.048235','read write',9,6,'2024-02-28 14:17:26.049237','2024-02-28 14:17:26.049237',NULL,NULL),(894,'TSTJ9J51Y4mf12Wu6x3qFTe8pqQ29F','2024-02-29 01:38:13.711358','read write',9,8,'2024-02-28 15:38:13.711358','2024-02-28 15:38:13.711358',NULL,NULL),(895,'Dp2WVOzXjMgMPeK1p6jChU3O9vTVG0','2024-02-29 01:53:04.623197','read write',9,8,'2024-02-28 15:53:04.626560','2024-02-28 15:53:04.626560',NULL,NULL),(896,'HUHwjBQuHiKpDObOMDWHJxBf1CtVdE','2024-02-29 01:54:50.041497','read write',9,8,'2024-02-28 15:54:50.041497','2024-02-28 15:54:50.041497',NULL,NULL),(897,'j1sp6xmpJoHVx4PaJNTkOx6YTZpGJy','2024-02-29 02:14:44.136837','read write',9,6,'2024-02-28 16:14:44.136837','2024-02-28 16:14:44.136837',NULL,NULL),(898,'vXjnv3sMnfcrdPkE2RQhMy2WmhKy5A','2024-02-29 02:15:08.419560','read write',9,8,'2024-02-28 16:15:08.420558','2024-02-28 16:15:08.420558',NULL,NULL),(899,'81pAy2K9mfNY8eTyfleplvt2luuzUJ','2024-02-29 02:50:03.547467','read write',9,8,'2024-02-28 16:50:03.550728','2024-02-28 16:50:03.550728',NULL,NULL),(900,'IbmGg8sEno2ocbvufHylB6PbApbAQ4','2024-02-29 02:58:39.463961','read write',9,8,'2024-02-28 16:58:39.478931','2024-02-28 16:58:39.478931',NULL,NULL),(901,'QPHNPCFuV3iM1UidL4EBAsJ5Pbccp0','2024-02-29 04:10:15.252409','read write',9,8,'2024-02-28 18:10:15.253406','2024-02-28 18:10:15.253406',NULL,NULL),(902,'IWqWCTkr9bASodncuvYTOi8dUGNNhF','2024-02-29 04:12:56.403703','read write',9,8,'2024-02-28 18:12:56.415723','2024-02-28 18:12:56.415723',NULL,NULL),(903,'m2GXeNqr9fO0NVWM9MWbGcmz4COYC9','2024-02-29 04:26:33.187618','read write',9,8,'2024-02-28 18:26:33.189445','2024-02-28 18:26:33.189445',NULL,NULL),(904,'aUQ767JaHuwD5GtzYImCEV206ZEpHt','2024-02-29 04:29:29.772635','read write',9,6,'2024-02-28 18:29:29.772635','2024-02-28 18:29:29.772635',NULL,NULL),(905,'9z2diLPfy6wRHaK8HjfyNKV9aoAqF2','2024-02-29 04:54:20.294071','read write',9,6,'2024-02-28 18:54:20.295077','2024-02-28 18:54:20.295077',NULL,NULL),(906,'hmG2qeySf8nIntR5YEHDWjkk7bTUbf','2024-02-29 04:55:12.860317','read write',9,8,'2024-02-28 18:55:12.860317','2024-02-28 18:55:12.860317',NULL,NULL),(907,'qlEOAunjdxOhlGB6ZqhmgIHLQHLjT5','2024-02-29 04:56:26.868389','read write',9,8,'2024-02-28 18:56:26.869388','2024-02-28 18:56:26.869388',NULL,NULL),(908,'o8gKznPXVidsrk00CNlrXhSFOyUikN','2024-02-29 05:17:02.540503','read write',9,8,'2024-02-28 19:17:02.540503','2024-02-28 19:17:02.540503',NULL,NULL),(909,'PoFANA4LDoSDn4wPd0fMXecjDufMHg','2024-02-29 05:17:48.038274','read write',9,8,'2024-02-28 19:17:48.039336','2024-02-28 19:17:48.039336',NULL,NULL),(910,'ZeadMqHuZjKm1PshMz7jjEec04u2jI','2024-02-29 05:18:08.351715','read write',9,8,'2024-02-28 19:18:08.351715','2024-02-28 19:18:08.351715',NULL,NULL),(911,'AKcNhOSRpkGXn0NuQLj1t9ZhS06NIW','2024-02-29 05:54:06.884779','read write',9,6,'2024-02-28 19:54:06.887988','2024-02-28 19:54:06.887988',NULL,NULL),(912,'uYMkEPAKdBMbnrEfGCz1ubPCc5Vjes','2024-02-29 05:54:51.189613','read write',9,6,'2024-02-28 19:54:51.190615','2024-02-28 19:54:51.190615',NULL,NULL),(913,'iVMDRxm7R2HOTgZx6kYUWWlmNgbPLH','2024-02-29 05:55:32.885817','read write',9,6,'2024-02-28 19:55:32.885817','2024-02-28 19:55:32.885817',NULL,NULL),(914,'Tb6lV5AJN9GAWhFAlOqmCRGXhVvwll','2024-02-29 05:58:21.162075','read write',9,6,'2024-02-28 19:58:21.162075','2024-02-28 19:58:21.162075',NULL,NULL),(915,'RDiRrohNREymQIORGUW1nLULFUcRAW','2024-02-29 06:03:36.355316','read write',9,6,'2024-02-28 20:03:36.358320','2024-02-28 20:03:36.358320',NULL,NULL),(916,'ADDhxAEZbga56DYKXUJJNmu0AB4Tjn','2024-02-29 06:05:19.888804','read write',9,6,'2024-02-28 20:05:19.888804','2024-02-28 20:05:19.888804',NULL,NULL),(917,'Ilwbme5tImodKXbcGocBY1AkJTLqeE','2024-02-29 06:06:23.149043','read write',9,8,'2024-02-28 20:06:23.149043','2024-02-28 20:06:23.149043',NULL,NULL),(918,'PhfmnaU37eyk0cb5SXdH0rqD9d1K1t','2024-02-29 06:06:58.333550','read write',9,8,'2024-02-28 20:06:58.334579','2024-02-28 20:06:58.334579',NULL,NULL),(919,'2oVbuQUgdjw85Gepp2Hw6PzLInr2rt','2024-02-29 06:24:14.457464','read write',9,8,'2024-02-28 20:24:14.459459','2024-02-28 20:24:14.459459',NULL,NULL),(920,'vx2eZ3h5CFqM5aqrtYuZkhNQ5asZy6','2024-02-29 06:34:25.217019','read write',9,8,'2024-02-28 20:34:25.218016','2024-02-28 20:34:25.218016',NULL,NULL),(921,'YPkpDIEKxlpHz4oTkUCb30d4EZ9h42','2024-02-29 06:39:17.044982','read write',9,8,'2024-02-28 20:39:17.045981','2024-02-28 20:39:17.045981',NULL,NULL),(922,'Tshl7AkWuUPZDZlEaoi1elW5k1c1K6','2024-02-29 07:11:02.330704','read write',9,8,'2024-02-28 21:11:02.332856','2024-02-28 21:11:02.332856',NULL,NULL),(923,'YPLhk4DbOrA6MXuGX7v3tkNYJQW1Pt','2024-02-29 07:31:16.029245','read write',9,9,'2024-02-28 21:31:16.045216','2024-02-28 21:31:16.045216',NULL,NULL),(924,'BpWR8yUTtckiGpJ6J7uY39YPwHIEMi','2024-02-29 07:32:06.934555','read write',9,9,'2024-02-28 21:32:06.935553','2024-02-28 21:32:06.935553',NULL,NULL),(925,'zRCGFICtPZ7Od2em0pMXiO3wHmPhQx','2024-02-29 07:32:31.084709','read write',9,9,'2024-02-28 21:32:31.084709','2024-02-28 21:32:31.084709',NULL,NULL),(926,'eN5QwlRn9odTKkhO89eXghoIcbANWi','2024-02-29 07:34:36.182299','read write',9,9,'2024-02-28 21:34:36.183297','2024-02-28 21:34:36.183297',NULL,NULL),(927,'gIU9xs4Hd7H1q6AkeKrNb1o7OEQpFk','2024-02-29 07:36:33.596487','read write',9,9,'2024-02-28 21:36:33.596487','2024-02-28 21:36:33.596487',NULL,NULL),(928,'0tKve7otw3tBKtnlNczPurLlSUaY4k','2024-02-29 07:41:09.582995','read write',9,9,'2024-02-28 21:41:09.583962','2024-02-28 21:41:09.583962',NULL,NULL),(929,'UMvNi9n5Tf4FrtsmEYCRNHI0pgkZLV','2024-02-29 07:45:48.910129','read write',9,9,'2024-02-28 21:45:48.914009','2024-02-28 21:45:48.914009',NULL,NULL),(930,'NhR7715dZddXCskrEL6Jq1nRIPf0Te','2024-02-29 07:46:14.055123','read write',9,8,'2024-02-28 21:46:14.055123','2024-02-28 21:46:14.055123',NULL,NULL),(931,'PrjjulgV3yDdKvPPlrpCwyp7BHAzG1','2024-02-29 07:54:34.162231','read write',9,8,'2024-02-28 21:54:34.163264','2024-02-28 21:54:34.163264',NULL,NULL);
/*!40000 ALTER TABLE `oauth2_provider_accesstoken` ENABLE KEYS */;
UNLOCK TABLES;

--
-- Table structure for table `oauth2_provider_application`
--

DROP TABLE IF EXISTS `oauth2_provider_application`;
/*!40101 SET @saved_cs_client     = @@character_set_client */;
/*!50503 SET character_set_client = utf8mb4 */;
CREATE TABLE `oauth2_provider_application` (
  `id` bigint NOT NULL AUTO_INCREMENT,
  `client_id` varchar(100) COLLATE utf8mb4_unicode_520_ci NOT NULL,
  `redirect_uris` longtext COLLATE utf8mb4_unicode_520_ci NOT NULL,
  `client_type` varchar(32) COLLATE utf8mb4_unicode_520_ci NOT NULL,
  `authorization_grant_type` varchar(32) COLLATE utf8mb4_unicode_520_ci NOT NULL,
  `client_secret` varchar(255) COLLATE utf8mb4_unicode_520_ci NOT NULL,
  `name` varchar(255) COLLATE utf8mb4_unicode_520_ci NOT NULL,
  `user_id` bigint DEFAULT NULL,
  `skip_authorization` tinyint(1) NOT NULL,
  `created` datetime(6) NOT NULL,
  `updated` datetime(6) NOT NULL,
  `algorithm` varchar(5) COLLATE utf8mb4_unicode_520_ci NOT NULL,
  `post_logout_redirect_uris` longtext COLLATE utf8mb4_unicode_520_ci NOT NULL DEFAULT (_utf8mb3''),
  PRIMARY KEY (`id`),
  UNIQUE KEY `client_id` (`client_id`),
  KEY `oauth2_provider_application_client_secret_53133678` (`client_secret`),
  KEY `outh2_taikhoan_idx` (`user_id`),
  CONSTRAINT `outh2_taikhoan` FOREIGN KEY (`user_id`) REFERENCES `mealmaster_taikhoan` (`id`)
) ENGINE=InnoDB AUTO_INCREMENT=10 DEFAULT CHARSET=utf8mb4 COLLATE=utf8mb4_unicode_520_ci;
/*!40101 SET character_set_client = @saved_cs_client */;

--
-- Dumping data for table `oauth2_provider_application`
--

LOCK TABLES `oauth2_provider_application` WRITE;
/*!40000 ALTER TABLE `oauth2_provider_application` DISABLE KEYS */;
INSERT INTO `oauth2_provider_application` VALUES (2,'oJAF4UBCDKqSMD85258M9CWZeKHQYdTz5rpAKv2I','','confidential','password','pbkdf2_sha256$720000$a5NEhVKpc5cyBs9M3dDZgk$P08Dug6h9etiwonyyHHvOQeU9rqmmAleDDchPYuKFsg=','Nguyễn Thanh Thuyền',2,0,'2023-12-15 09:55:30.467093','2023-12-15 09:55:30.467093','',''),(5,'9fhGXKs65LV3c57xloPSytp30K8xy2Zg7Uu7dSiR','','confidential','password','pbkdf2_sha256$720000$ZtJdoyzA5Ey3wjkc2tjaCB$gLv262lHDevAyUwbkhzWfaSiPl1rGBuFrWVcggarMU8=','meal',1,0,'2023-12-25 07:00:55.160172','2023-12-25 07:00:55.160172','',''),(9,'Us5JUNskwgNTtQZfw9xs0QmKEvb9trBS2HiKAuWS','','confidential','password','pbkdf2_sha256$720000$Txm17iaYqqbMEizAmBzdsR$cw1DScwhWrK+mu67NoT8Fh/xAM191FHimkSA0BWqGOg=','tanphat',9,0,'2023-12-27 03:31:33.353143','2023-12-27 03:31:33.353143','','');
/*!40000 ALTER TABLE `oauth2_provider_application` ENABLE KEYS */;
UNLOCK TABLES;

--
-- Table structure for table `oauth2_provider_grant`
--

DROP TABLE IF EXISTS `oauth2_provider_grant`;
/*!40101 SET @saved_cs_client     = @@character_set_client */;
/*!50503 SET character_set_client = utf8mb4 */;
CREATE TABLE `oauth2_provider_grant` (
  `id` bigint NOT NULL AUTO_INCREMENT,
  `code` varchar(255) COLLATE utf8mb4_unicode_520_ci NOT NULL,
  `expires` datetime(6) NOT NULL,
  `redirect_uri` longtext COLLATE utf8mb4_unicode_520_ci NOT NULL,
  `scope` longtext COLLATE utf8mb4_unicode_520_ci NOT NULL,
  `application_id` bigint NOT NULL,
  `user_id` bigint NOT NULL,
  `created` datetime(6) NOT NULL,
  `updated` datetime(6) NOT NULL,
  `code_challenge` varchar(128) COLLATE utf8mb4_unicode_520_ci NOT NULL,
  `code_challenge_method` varchar(10) COLLATE utf8mb4_unicode_520_ci NOT NULL,
  `nonce` varchar(255) COLLATE utf8mb4_unicode_520_ci NOT NULL,
  `claims` longtext COLLATE utf8mb4_unicode_520_ci NOT NULL DEFAULT (_utf8mb3''),
  PRIMARY KEY (`id`),
  UNIQUE KEY `code` (`code`),
  KEY `oauth2_provider_gran_application_id_81923564_fk_oauth2_pr` (`application_id`),
  KEY `oath2_taikhoan_idx` (`user_id`),
  CONSTRAINT `oauth2_provider_gran_application_id_81923564_fk_oauth2_pr` FOREIGN KEY (`application_id`) REFERENCES `oauth2_provider_application` (`id`),
  CONSTRAINT `oth2_taikhoan` FOREIGN KEY (`user_id`) REFERENCES `mealmaster_taikhoan` (`id`)
) ENGINE=InnoDB DEFAULT CHARSET=utf8mb4 COLLATE=utf8mb4_unicode_520_ci;
/*!40101 SET character_set_client = @saved_cs_client */;

--
-- Dumping data for table `oauth2_provider_grant`
--

LOCK TABLES `oauth2_provider_grant` WRITE;
/*!40000 ALTER TABLE `oauth2_provider_grant` DISABLE KEYS */;
/*!40000 ALTER TABLE `oauth2_provider_grant` ENABLE KEYS */;
UNLOCK TABLES;

--
-- Table structure for table `oauth2_provider_idtoken`
--

DROP TABLE IF EXISTS `oauth2_provider_idtoken`;
/*!40101 SET @saved_cs_client     = @@character_set_client */;
/*!50503 SET character_set_client = utf8mb4 */;
CREATE TABLE `oauth2_provider_idtoken` (
  `id` bigint NOT NULL AUTO_INCREMENT,
  `jti` char(32) COLLATE utf8mb4_unicode_520_ci NOT NULL,
  `expires` datetime(6) NOT NULL,
  `scope` longtext COLLATE utf8mb4_unicode_520_ci NOT NULL,
  `created` datetime(6) NOT NULL,
  `updated` datetime(6) NOT NULL,
  `application_id` bigint DEFAULT NULL,
  `user_id` bigint DEFAULT NULL,
  PRIMARY KEY (`id`),
  UNIQUE KEY `jti` (`jti`),
  KEY `oauth2_provider_idto_application_id_08c5ff4f_fk_oauth2_pr` (`application_id`),
  KEY `oth2_taikhoan_idx` (`user_id`),
  CONSTRAINT `oauth2_provider_idto_application_id_08c5ff4f_fk_oauth2_pr` FOREIGN KEY (`application_id`) REFERENCES `oauth2_provider_application` (`id`),
  CONSTRAINT `othu2_taikhoan` FOREIGN KEY (`user_id`) REFERENCES `mealmaster_taikhoan` (`id`)
) ENGINE=InnoDB DEFAULT CHARSET=utf8mb4 COLLATE=utf8mb4_unicode_520_ci;
/*!40101 SET character_set_client = @saved_cs_client */;

--
-- Dumping data for table `oauth2_provider_idtoken`
--

LOCK TABLES `oauth2_provider_idtoken` WRITE;
/*!40000 ALTER TABLE `oauth2_provider_idtoken` DISABLE KEYS */;
/*!40000 ALTER TABLE `oauth2_provider_idtoken` ENABLE KEYS */;
UNLOCK TABLES;

--
-- Table structure for table `oauth2_provider_refreshtoken`
--

DROP TABLE IF EXISTS `oauth2_provider_refreshtoken`;
/*!40101 SET @saved_cs_client     = @@character_set_client */;
/*!50503 SET character_set_client = utf8mb4 */;
CREATE TABLE `oauth2_provider_refreshtoken` (
  `id` bigint NOT NULL AUTO_INCREMENT,
  `token` varchar(255) COLLATE utf8mb4_unicode_520_ci NOT NULL,
  `access_token_id` bigint DEFAULT NULL,
  `application_id` bigint NOT NULL,
  `user_id` bigint NOT NULL,
  `created` datetime(6) NOT NULL,
  `updated` datetime(6) NOT NULL,
  `revoked` datetime(6) DEFAULT NULL,
  PRIMARY KEY (`id`),
  UNIQUE KEY `access_token_id` (`access_token_id`),
  UNIQUE KEY `oauth2_provider_refreshtoken_token_revoked_af8a5134_uniq` (`token`,`revoked`),
  KEY `oauth2_provider_refr_application_id_2d1c311b_fk_oauth2_pr` (`application_id`),
  KEY `oth2_taikhoan_idx` (`user_id`),
  CONSTRAINT `oauth2_provider_refr_access_token_id_775e84e8_fk_oauth2_pr` FOREIGN KEY (`access_token_id`) REFERENCES `oauth2_provider_accesstoken` (`id`),
  CONSTRAINT `oauth2_provider_refr_application_id_2d1c311b_fk_oauth2_pr` FOREIGN KEY (`application_id`) REFERENCES `oauth2_provider_application` (`id`),
  CONSTRAINT `th` FOREIGN KEY (`user_id`) REFERENCES `mealmaster_taikhoan` (`id`)
) ENGINE=InnoDB AUTO_INCREMENT=932 DEFAULT CHARSET=utf8mb4 COLLATE=utf8mb4_unicode_520_ci;
/*!40101 SET character_set_client = @saved_cs_client */;

--
-- Dumping data for table `oauth2_provider_refreshtoken`
--

LOCK TABLES `oauth2_provider_refreshtoken` WRITE;
/*!40000 ALTER TABLE `oauth2_provider_refreshtoken` DISABLE KEYS */;
INSERT INTO `oauth2_provider_refreshtoken` VALUES (1,'2FhRJLQ94bfSg0lU8n8SszADx5wySd',1,5,1,'2023-12-25 07:01:02.749316','2023-12-25 07:01:02.749316',NULL),(2,'qW9IWrevX6vTIpf2sldDt9VoUI8NBN',2,9,9,'2023-12-27 03:31:39.215818','2023-12-27 03:31:39.215818',NULL),(3,'AnkZQqIwNJxd2KlF11FI6uehpqvGUG',3,9,9,'2023-12-27 04:21:52.225232','2023-12-27 04:21:52.225232',NULL),(4,'hbUIXh1A6EL9EPstNPOpGrhUMixWxl',4,9,6,'2023-12-27 04:22:01.477882','2023-12-27 04:22:01.477882',NULL),(5,'iLRQeDYj9mUsOpOMsjCv7NGaZsaRNE',5,9,6,'2023-12-27 04:23:07.622426','2023-12-27 04:23:07.622426',NULL),(6,'bXqcMwcw63PJRP5bv5kpZfkyTntxmJ',6,9,9,'2023-12-27 08:17:17.192492','2023-12-27 08:17:17.192492',NULL),(7,'mJMYVYuNvwb0iI6q3rsO8L0pjNqEBz',7,9,6,'2023-12-27 08:17:52.927600','2023-12-27 08:17:52.927600',NULL),(8,'Vdp9WHALv4qGnQqi6tXFWouOgyh0qQ',8,9,6,'2023-12-27 08:53:49.694539','2023-12-27 08:53:49.694539',NULL),(9,'Nd2QszXVd0FkerAm7SOTcx0PufN47z',9,9,23,'2023-12-27 08:54:04.544817','2023-12-27 08:54:04.544817',NULL),(10,'gCydiOCyYTKeGjhgyqL14KEZ4k7jja',10,9,23,'2023-12-28 03:09:33.085880','2023-12-28 03:09:33.085880',NULL),(11,'71r5jMeZ74Qj2wAs0F9esBGwpkagmM',11,9,6,'2023-12-28 03:11:59.834665','2023-12-28 03:11:59.834665',NULL),(12,'ZcDkmEHYjvNtpENlFP3qIylVfXyDV5',12,9,6,'2023-12-28 03:34:35.526937','2023-12-28 03:34:35.528139',NULL),(13,'bih35w2Vbuj3nxfQsB8AKI0WTA65nR',13,9,6,'2023-12-28 04:22:46.204283','2023-12-28 04:22:46.204283',NULL),(14,'qohZpOMkWsrdeh9FfiDiovlg4xO9e6',14,9,6,'2023-12-28 04:23:27.234655','2023-12-28 04:23:27.234655',NULL),(15,'od7HlOro12iDmOnxJD81Rb340iYzAZ',15,9,6,'2023-12-28 04:24:35.524537','2023-12-28 04:24:35.524537',NULL),(16,'MRrnWHEYhsLkpNuZVnQ1y0o3Gl4B9S',16,9,6,'2023-12-28 04:24:38.927285','2023-12-28 04:24:38.927285',NULL),(17,'OQpDV5WkY4ykZSEy1TwamJuCnEhkoR',17,9,6,'2023-12-28 04:28:34.511946','2023-12-28 04:28:34.511946',NULL),(18,'Q0kLZigQoOgetBqDhCbcSHqlgBStSG',18,9,6,'2023-12-28 04:29:38.332969','2023-12-28 04:29:38.332969',NULL),(19,'0Pqn7NDJvTlKDNnitDr28YVpStiOrd',19,9,6,'2023-12-28 07:35:05.575809','2023-12-28 07:35:05.575809',NULL),(20,'RUUx2H5LTVkCVzAY0LrRbYyi3MHiSa',20,9,6,'2023-12-28 07:51:47.403812','2023-12-28 07:51:47.403812',NULL),(21,'WLsGni2Xtfw0rtZq7R51SduoLZVGhk',21,9,6,'2023-12-28 07:57:00.699666','2023-12-28 07:57:00.699666',NULL),(22,'ug7I4oAn2gN6iAbtkMfvZetOkDSNK3',22,9,6,'2023-12-28 08:12:10.573865','2023-12-28 08:12:10.573865',NULL),(23,'3QnTbmAyW9iWl4n6Tw5C9IVrGR98gg',23,9,6,'2023-12-28 08:29:43.505038','2023-12-28 08:29:43.505038',NULL),(24,'jwYsw7OGMWzTUnY016On6IMf0mLqjf',24,9,6,'2023-12-28 08:38:41.875160','2023-12-28 08:38:41.875160',NULL),(25,'q2o011niGaeh8hwEKWZNbXDfKplB96',25,9,6,'2023-12-28 08:50:02.236656','2023-12-28 08:50:02.236656',NULL),(26,'EFLmSE32p55whc4nIWDyEFB91iUI59',26,9,6,'2023-12-28 08:53:58.460229','2023-12-28 08:53:58.460229',NULL),(27,'6C0H01JeU97oGLLtYuW9Rz3LxCUAiG',27,9,6,'2023-12-28 08:55:31.840956','2023-12-28 08:55:31.840956',NULL),(28,'itN1g6uFEdJDnjIDTWyDS5E2WM2lAQ',28,9,6,'2023-12-28 08:58:17.403626','2023-12-28 08:58:17.403626',NULL),(29,'bYK6CC9DZi9WlGZZoarFJcJsQ1ztns',29,9,6,'2023-12-28 09:00:05.595876','2023-12-28 09:00:05.595876',NULL),(30,'C2oFdEzwy8gJt6OpyIj69K3MduFd3D',30,9,6,'2023-12-28 09:01:41.453695','2023-12-28 09:01:41.453695',NULL),(31,'R9XLZF8un9etWkgccYtP4KQ0hFE10i',31,9,6,'2023-12-28 09:06:06.597446','2023-12-28 09:06:06.597446',NULL),(32,'VeJWJmwuNiT9QNzcPoy7cx5gbSpnEG',32,9,6,'2023-12-28 09:07:23.884836','2023-12-28 09:07:23.884836',NULL),(33,'72MEBmvYma9YgSReygFKZYJvRF5Qn6',33,9,6,'2023-12-28 09:10:04.342540','2023-12-28 09:10:04.342540',NULL),(34,'jzWDbUOMDoF3TX7Y1gITWAClsolfFB',34,9,6,'2023-12-29 03:08:08.710339','2023-12-29 03:08:08.710339',NULL),(35,'E6tcMpr4wf70yGbcfLB4dF7pnXIq7x',35,9,6,'2023-12-29 03:19:42.778959','2023-12-29 03:19:42.778959',NULL),(36,'BE2GjQQ7o7ETz2N21CvsXbpNq9H2YO',36,9,6,'2023-12-29 03:38:57.961162','2023-12-29 03:38:57.961162',NULL),(37,'t6QCwy553hZ9C8t881xGixWbBAaneq',37,9,6,'2023-12-29 03:40:50.968005','2023-12-29 03:40:50.969002',NULL),(38,'zxM7hFYDn3D0wrOcx0ddiXKJblMvaW',38,9,6,'2023-12-29 03:42:48.177291','2023-12-29 03:42:48.177291',NULL),(39,'gfDTc1c8OCYL8ZznoBKbLArRmeGRAm',39,9,6,'2023-12-29 04:01:07.298937','2023-12-29 04:01:07.298937',NULL),(40,'wWVHlFIvHHcAtNGQ0G0e0MsGpFtIvV',40,9,6,'2023-12-29 04:01:13.110261','2023-12-29 04:01:13.110261',NULL),(41,'F35hbgukGosBq6fnR4xXUdssvUxTgq',41,9,6,'2023-12-29 04:02:10.370263','2023-12-29 04:02:10.370263',NULL),(42,'9QFtS6MqLopwH90LQL9gtqSsDNz3h8',42,9,6,'2023-12-29 04:04:10.611354','2023-12-29 04:04:10.611354',NULL),(43,'T8gBMNQksd43XncUWPm4lz1wBviiVn',43,9,8,'2023-12-29 04:04:53.383722','2023-12-29 04:04:53.383722',NULL),(44,'HrjSaQIxXmEXgtM3l5rVRxjznJwiDz',44,9,8,'2023-12-29 04:04:55.037140','2023-12-29 04:04:55.037140',NULL),(45,'C9mNmvaDJ82sbKY2D9bY9GB24EXBTr',45,9,8,'2023-12-29 04:05:05.997759','2023-12-29 04:05:05.997759',NULL),(46,'gO8HU8T1k2jgSkrVFwMIxgQjHH7VP2',47,9,6,'2024-01-02 04:13:35.362500','2024-01-02 04:13:35.362500',NULL),(47,'R4bW3ZVy0tKE6y9xX5CQODrUpCqsmP',46,9,6,'2024-01-02 04:13:35.361504','2024-01-02 04:13:35.361504',NULL),(48,'NJzNyiHSJkytQgffAH0eVgqdk8x83z',48,9,6,'2024-01-02 06:21:06.528965','2024-01-02 06:21:06.528965',NULL),(49,'GxK75S8bLOTAo35EasJMBA2g7ee3aD',49,9,6,'2024-01-07 01:06:05.436604','2024-01-07 01:06:05.436604',NULL),(50,'6tvzzvnwwoSHQ3sYulmQS3RFzUs1F6',50,9,6,'2024-01-08 03:57:40.826264','2024-01-08 03:57:40.826264',NULL),(51,'NwTt4FaeVwfpBeDK2Vl1QiHtZHlpjF',51,9,6,'2024-01-08 04:03:27.990868','2024-01-08 04:03:27.990868',NULL),(52,'QTE55mQSkMcZVaJtHszbYCc8v8x1Sb',52,9,6,'2024-01-08 04:37:49.436439','2024-01-08 04:37:49.436439',NULL),(53,'mDbfVOEonGiUA3r6nfEqFsstcwWGHN',53,9,6,'2024-01-08 04:37:55.963210','2024-01-08 04:37:55.963210',NULL),(54,'qxFKfka0JELCg1ncPCVz5DHQjdYMcB',54,9,6,'2024-01-08 04:40:44.213111','2024-01-08 04:40:44.213111',NULL),(55,'DQfgxvfzVfVD2chY4bqEjoX2FfAXyG',55,9,6,'2024-01-08 04:41:38.468826','2024-01-08 04:41:38.468826',NULL),(56,'0sMIFqYpYQ1Dn1w3dxpmpUczlEsIHf',56,9,6,'2024-01-08 04:47:09.546543','2024-01-08 04:47:09.546543',NULL),(57,'MGOOeJblJTpgUOglbXLWZCj8TpTM2V',57,9,6,'2024-01-08 04:47:43.557732','2024-01-08 04:47:43.557732',NULL),(58,'H3YsLo8MEKKbgQ0opIxoW70iKugrSI',58,9,6,'2024-01-08 04:47:56.859484','2024-01-08 04:47:56.859484',NULL),(59,'U1BXkLV3otgAJjPnvPknLHoqdP1j0C',59,9,6,'2024-01-08 04:49:12.661758','2024-01-08 04:49:12.661758',NULL),(60,'MhDQ3uefOhOITMMcomYC4Oqq9fNHY5',60,9,6,'2024-01-08 04:51:18.709615','2024-01-08 04:51:18.709615',NULL),(61,'oj93tAkDObl5bSEtZpIaLeIZwLvVnY',61,9,6,'2024-01-08 04:52:40.509981','2024-01-08 04:52:40.509981',NULL),(62,'gWJcZQYyh4WNHH3h213RpgRTGaAsOm',62,9,6,'2024-01-08 04:55:07.337508','2024-01-08 04:55:07.337508',NULL),(63,'eoQZPFxmtked6xGMGJbFmMA6UfdwMz',63,9,6,'2024-01-08 04:55:36.219843','2024-01-08 04:55:36.219843',NULL),(64,'6wvqjAJxje57Pa9DCYI03NZzo59Slg',64,9,6,'2024-01-08 04:56:32.612417','2024-01-08 04:56:32.612417',NULL),(65,'5aQKRfipihh08L6n0CkSTQPtn78AzT',65,9,6,'2024-01-08 04:59:17.431159','2024-01-08 04:59:17.431159',NULL),(66,'8P7qwWVuHSEAL5GQlZWCAp2kQU3O7N',66,9,6,'2024-01-08 06:43:57.800546','2024-01-08 06:43:57.800546',NULL),(67,'yKJb1BavM1zhLsfOUHqYmFzYAnZGLg',67,9,6,'2024-01-08 06:44:42.086958','2024-01-08 06:44:42.086958',NULL),(68,'KEj4RrG2HtSLC4y1RM5S8ORiQDZ4Hg',68,9,6,'2024-01-08 06:47:23.176704','2024-01-08 06:47:23.176704',NULL),(69,'jFsbJ9D91nhf6bH7KOydkUG9dYx0n8',69,9,6,'2024-01-08 06:48:14.434302','2024-01-08 06:48:14.434302',NULL),(70,'8rmtfKJLWVG5iiuw1v4Dkew5HhJZcL',70,9,6,'2024-01-08 06:57:52.998451','2024-01-08 06:57:52.998451',NULL),(71,'zxdJiBPRMxOWjw6wPDi32ae2LTWdgt',71,9,6,'2024-01-08 06:59:07.301351','2024-01-08 06:59:07.301351',NULL),(72,'ek3lfoLm4S5AHLnfMfvfYgkwTgK4b3',72,9,6,'2024-01-08 06:59:16.123868','2024-01-08 06:59:16.123868',NULL),(73,'lIfrfob3NqWTMOI0NNOk3EVYoZ3fm7',73,9,6,'2024-01-08 07:00:37.956505','2024-01-08 07:00:37.956505',NULL),(74,'p7lOPJ06ct0Z8F8R2V5zNMWNpc8gYn',74,9,6,'2024-01-08 07:02:22.283492','2024-01-08 07:02:22.283492',NULL),(75,'1aqmP9udmK54xXobF7neFNY0xXXCR4',75,9,6,'2024-01-08 07:26:19.328591','2024-01-08 07:26:19.328591',NULL),(76,'qEASbqvLrggKMKArEkwKKio8DwDP4j',76,9,6,'2024-01-08 07:27:55.727179','2024-01-08 07:27:55.727179',NULL),(77,'pXMZToLcQmhq2QkJsqXbIdyUezezpN',77,9,6,'2024-01-08 07:42:50.705686','2024-01-08 07:42:50.705686',NULL),(78,'YUnh6lRgVdDELj1SnjiUqAXh7jyRdw',78,9,6,'2024-01-08 07:44:39.261249','2024-01-08 07:44:39.261249',NULL),(79,'7wqjR2DJVN1Kz2MmlOV9eHaH2rSBil',79,9,6,'2024-01-08 07:46:30.394627','2024-01-08 07:46:30.394627',NULL),(80,'GF4rFqbHkX3K9kziHiZI29jzepfG1A',80,9,6,'2024-01-08 07:50:40.026687','2024-01-08 07:50:40.026687',NULL),(81,'JikyXvbNyI7GotfBU8URL9Ob4FEY6z',81,9,8,'2024-01-08 07:54:43.231933','2024-01-08 07:54:43.231933',NULL),(82,'qscxViVOGcl9r4x9nAbms37yj8UvnO',82,9,8,'2024-01-08 07:55:59.167418','2024-01-08 07:55:59.167418',NULL),(83,'gR5PicCZfE2y60doySFG5YjMsHWoaU',83,9,8,'2024-01-08 07:58:52.184892','2024-01-08 07:58:52.184892',NULL),(84,'3mEYuUvoTehgpXz4Ud6szh9X46s86a',84,9,6,'2024-01-08 08:20:15.206509','2024-01-08 08:20:15.206509',NULL),(85,'JVRZ7ZF27RPOkC5QJHbN1w23Oa9qFI',85,9,6,'2024-01-08 08:47:22.793786','2024-01-08 08:47:22.793786',NULL),(86,'M3MANjNhTzv5VgDHjH5t5Ajya3ckgo',86,9,6,'2024-01-12 03:17:22.920827','2024-01-12 03:17:22.920827',NULL),(87,'k17oqEZr4qP8WT4IXuJmJwB0mi9dTv',87,9,6,'2024-01-12 03:20:06.088736','2024-01-12 03:20:06.088736',NULL),(88,'WERWKhxOo9GSvqnfesWUoHuqwOFMXG',88,9,6,'2024-01-12 03:23:53.759036','2024-01-12 03:23:53.759036',NULL),(89,'B2EUMRNKM9nrpmfXsU9yI8bKVw7otD',89,9,6,'2024-01-12 03:32:01.888004','2024-01-12 03:32:01.888004',NULL),(90,'SRs7VGvoZoHB46LLR18bSV4iNOrKPq',90,9,6,'2024-01-12 03:35:25.395846','2024-01-12 03:35:25.395846',NULL),(91,'AMdUe6ZSECAS8OoeBEtIsQo2xaWc8K',91,9,6,'2024-01-12 03:37:14.056049','2024-01-12 03:37:14.056049',NULL),(92,'0xrhZviGHXolquYZPN3UgwgbbMyOy8',92,9,6,'2024-01-12 03:42:19.285077','2024-01-12 03:42:19.285077',NULL),(93,'zmqdSuc1WhfPRpjQVweJ9coRUG3AUz',93,9,6,'2024-01-12 03:44:26.366972','2024-01-12 03:44:26.366972',NULL),(94,'br7D7zWG0eXnJZyQQkJ1HMLt03XGeO',94,9,6,'2024-01-12 03:53:37.985917','2024-01-12 03:53:37.985917',NULL),(95,'6MpOP3BEY4AqPI5V9XPaAamJ0pUo9b',95,9,6,'2024-01-12 03:54:22.836524','2024-01-12 03:54:22.836524',NULL),(96,'MsTyHppS8gbXoAm0es2hFC6XqqIH4M',96,9,6,'2024-01-12 03:55:53.139778','2024-01-12 03:55:53.139778',NULL),(97,'e06VWo7mSoalY2ZLftW0CxEUm1y1BY',97,9,8,'2024-01-12 04:05:05.184905','2024-01-12 04:05:05.184905',NULL),(98,'z5RV0tOXwcMO1eM8UqFBn6anKTBU9X',98,9,8,'2024-01-12 04:06:13.720779','2024-01-12 04:06:13.720779',NULL),(99,'BiAw42wlG8dhiGmyoYRLQaKenJeXRS',99,9,6,'2024-01-12 04:07:19.743251','2024-01-12 04:07:19.743251',NULL),(100,'KEKVGZdgODU9gpXV1iWaGLpuSgTjd7',100,9,6,'2024-01-12 04:08:46.272780','2024-01-12 04:08:46.272780',NULL),(101,'1QodnJcz1lT29bwJsAAZU04KH2JblJ',101,9,6,'2024-01-12 04:16:46.367203','2024-01-12 04:16:46.367203',NULL),(102,'m5ySbn3YkmksUwa45XjCeepsRnSns1',102,9,6,'2024-01-12 04:16:53.730367','2024-01-12 04:16:53.730367',NULL),(103,'rWQzpItHlWxcBiFQo4145KS8qU2qAe',103,9,6,'2024-01-12 04:18:14.011019','2024-01-12 04:18:14.011019',NULL),(104,'ewIeQcHQravICrqVmFsolvN2lJuYnT',104,9,6,'2024-01-12 04:19:13.103635','2024-01-12 04:19:13.103635',NULL),(105,'meBkYOJa8xMTl46CWznWGIWyejv9wr',105,9,8,'2024-01-12 04:19:44.281006','2024-01-12 04:19:44.281006',NULL),(106,'8BwulQfewO5OUOOMieox4BZ0uRsjkc',106,9,6,'2024-01-12 04:21:14.713163','2024-01-12 04:21:14.713163',NULL),(107,'SAP21wBkHQEwqg8g5GhcZ34KPUkC8Y',107,9,8,'2024-01-12 04:21:56.943294','2024-01-12 04:21:56.943294',NULL),(108,'6kHEhwKuHt9hoF6hOh9D7VlsbRkiHQ',108,9,8,'2024-01-12 04:25:49.736307','2024-01-12 04:25:49.736307',NULL),(109,'kpNQ8zvD9Zd4LxeOwd2Qr9pRGyEj7N',109,9,8,'2024-01-12 04:28:57.247535','2024-01-12 04:28:57.247535',NULL),(110,'zwaPlYFqhDHFw9vrcBGj72YvLbPwtx',110,9,8,'2024-01-12 04:41:36.865827','2024-01-12 04:41:36.865827',NULL),(111,'pWgI5sao6o0kguybgFtXbdIkDOPXwW',111,9,8,'2024-01-12 04:42:59.303632','2024-01-12 04:42:59.303632',NULL),(112,'WwUaOmvtglCG7gV7Px4GmMncgrKkXe',112,9,6,'2024-01-12 04:43:16.222142','2024-01-12 04:43:16.223113',NULL),(113,'GWmdstAQmQh7o7LU4uvDIa9TqGq01s',113,9,8,'2024-01-12 07:11:42.422886','2024-01-12 07:11:42.422886',NULL),(114,'W40dg1PDwjH4IViQzi8XpQwzkucQ66',114,9,8,'2024-01-12 07:13:46.662473','2024-01-12 07:13:46.662473',NULL),(115,'aC56XankyaUKyBIQF6ubTbza572ITc',115,9,8,'2024-01-12 07:17:33.782577','2024-01-12 07:17:33.782577',NULL),(116,'UR8oC6CtWWxCbE1eO01rxpK5FXfUCC',116,9,8,'2024-01-12 07:18:08.519402','2024-01-12 07:18:08.519402',NULL),(117,'prf6fJBT29m4wPW0y7U6uRifyVvd7C',117,9,8,'2024-01-12 07:18:27.117652','2024-01-12 07:18:27.117652',NULL),(118,'78px90zLO8wRHHbytVBiaPNb2RmfNK',118,9,8,'2024-01-12 07:21:51.485304','2024-01-12 07:21:51.485304',NULL),(119,'MLfvWhbxOGpxZUBWm0VVC3RRT4axtI',119,9,8,'2024-01-12 07:25:16.423459','2024-01-12 07:25:16.423459',NULL),(120,'g4pB0sV4WteBKoVByvdxDngflzLgAZ',120,9,8,'2024-01-12 07:27:24.176080','2024-01-12 07:27:24.176080',NULL),(121,'NU59ojOjxlGSsUnaJdtQi7JdTGfY5V',121,9,8,'2024-01-12 07:29:28.560293','2024-01-12 07:29:28.560293',NULL),(122,'dXOfbd3z4BD9EMMHccssgGYPdeuSDP',122,9,8,'2024-01-12 07:31:11.489427','2024-01-12 07:31:11.489427',NULL),(123,'dqWyTPWFoOW9HHYjGefB2U04uvo969',123,9,8,'2024-01-12 07:32:44.268533','2024-01-12 07:32:44.268533',NULL),(124,'FQn4H7uYXv2WLbp5aiyzFKp03gAiXA',124,9,8,'2024-01-12 07:40:15.114541','2024-01-12 07:40:15.114541',NULL),(125,'oIrDcCzr8fCDwJNmxB1EwzKSBs207L',125,9,8,'2024-01-12 07:44:23.855192','2024-01-12 07:44:23.855192',NULL),(126,'4ZB4TzDAMHejwEoCNBuYwffu1LcfEg',126,9,8,'2024-01-12 07:50:23.236265','2024-01-12 07:50:23.236265',NULL),(127,'3DTIYJmcHiuLTcJg2cQW5VEu9ZAFeS',127,9,8,'2024-01-12 07:55:27.821145','2024-01-12 07:55:27.821145',NULL),(128,'d5HnRMQbO6ycKo8rVjGDCdmr3RaB9m',128,9,8,'2024-01-12 08:01:28.262269','2024-01-12 08:01:28.262269',NULL),(129,'KQQ3QruhtlZQSfcyQMgZ36RtWcRMAC',129,9,8,'2024-01-12 08:08:53.838387','2024-01-12 08:08:53.838387',NULL),(130,'DYDzNVRbwPNKGWgztVjNGgXgFwKPvx',130,9,8,'2024-01-12 08:10:18.603841','2024-01-12 08:10:18.603841',NULL),(131,'S06jEud7qZJpfVH87yVEfPJZWUte6Y',131,9,8,'2024-01-12 08:18:10.582005','2024-01-12 08:18:10.582005',NULL),(132,'PlgihE2MBkVYI0YS0PpPQcUUFGrj9r',132,9,8,'2024-01-12 08:37:53.402225','2024-01-12 08:37:53.402225',NULL),(133,'2cEuR9cILFHvyEiTXTgJFIVRsEThem',133,9,8,'2024-01-14 16:52:52.900170','2024-01-14 16:52:52.900170',NULL),(134,'kD6U5yd9pd3HdjAvtJ74bYMpmY7m40',134,9,8,'2024-01-14 17:05:48.023935','2024-01-14 17:05:48.023935',NULL),(135,'cr7NcdwKy1P2BIhjXMNOVrzLv0H3Bl',135,9,8,'2024-01-14 17:09:59.489719','2024-01-14 17:09:59.489719',NULL),(136,'rIGysPfGkd0ZVfvzq96LzD5bJhPh6Q',136,9,8,'2024-01-14 17:21:21.078072','2024-01-14 17:21:21.078072',NULL),(137,'OIpGof48DIHpG7dbNXtxVWU4QEGbsU',137,9,8,'2024-01-14 17:22:24.631641','2024-01-14 17:22:24.631641',NULL),(138,'WiTwRIe3iGpsHXzi80RcZlTuX7RWM6',138,9,8,'2024-01-14 17:42:46.605402','2024-01-14 17:42:46.605402',NULL),(139,'T89fna4DQfAFqbBxhL5AbqZyka3YH6',139,9,8,'2024-01-14 17:57:41.455495','2024-01-14 17:57:41.455495',NULL),(140,'Gff8HJH7pE0INGVxslzdqfVL2L2Q60',140,9,8,'2024-01-14 18:00:42.568808','2024-01-14 18:00:42.568808',NULL),(141,'qyUWNbAWicUAsjRrcIA8aSQmYrZKSb',141,9,8,'2024-01-14 18:02:11.399472','2024-01-14 18:02:11.399472',NULL),(142,'Uctswus5qbwIic44hnPK1I3jQ9SDXr',142,9,8,'2024-01-14 18:05:07.672653','2024-01-14 18:05:07.672653',NULL),(143,'YTms7JszyR3NiDgAzsv5vJGCHfwCtp',143,9,8,'2024-01-14 18:15:47.898065','2024-01-14 18:15:47.898065',NULL),(144,'71wCnL9xIFwaO03WyvwYc8oG85hK4K',144,9,8,'2024-01-14 18:30:50.672605','2024-01-14 18:30:50.673602',NULL),(145,'0eCR8fVR8XnyhFylamINRrRPPf8jAc',145,9,8,'2024-01-14 18:34:20.874305','2024-01-14 18:34:20.874305',NULL),(146,'n76alYyg2jF4atUge0x0lJCTuAbnzS',146,9,8,'2024-01-14 18:36:44.969471','2024-01-14 18:36:44.969471',NULL),(147,'1uqZ1WVeps24li9cZhEuD5gCPBErmG',147,9,8,'2024-01-14 18:55:06.416355','2024-01-14 18:55:06.416355',NULL),(148,'OYR5AIDMLu38MUzGWSEonhuBa2b1xC',148,9,8,'2024-01-14 19:33:21.783545','2024-01-14 19:33:21.783545',NULL),(149,'ozmRPt0Rjx2EaQP22bQMSduVEBumKr',149,9,8,'2024-01-14 20:10:53.556836','2024-01-14 20:10:53.556836',NULL),(150,'M5l0z7A4xmslFffHPFLmeW5fsSxjMQ',150,9,8,'2024-01-14 20:11:31.517592','2024-01-14 20:11:31.517592',NULL),(151,'RG3Xcl437fJN1v1fawoX7cMFxiWqKv',151,9,8,'2024-01-14 20:12:41.032763','2024-01-14 20:12:41.033760',NULL),(152,'KhGRELz2WCwdOQ8phGIwPNY1LVeVvg',152,9,8,'2024-01-14 20:24:25.498574','2024-01-14 20:24:25.498574',NULL),(153,'BzOXk6RCcN9ooSB5e4ANddZerTm5D2',153,9,8,'2024-01-14 20:33:38.058322','2024-01-14 20:33:38.058322',NULL),(154,'mi9IndG81z0o8gOev9qfQcH9aOCvsP',154,9,8,'2024-01-14 20:40:29.077447','2024-01-14 20:40:29.077447',NULL),(155,'G73N69BIArFYZEKqcjzmas8dR6XPPC',155,9,8,'2024-01-16 06:32:43.582055','2024-01-16 06:32:43.582055',NULL),(156,'3LKe9hbZmdIhflQOUJl8hM3VBFJZbv',156,9,8,'2024-01-16 07:30:46.676423','2024-01-16 07:30:46.676423',NULL),(157,'pNPNeVux3ioTmi3fHwwbdPdUKpCqEh',157,9,8,'2024-01-16 07:41:14.184957','2024-01-16 07:41:14.184957',NULL),(158,'H4cb8H7w0NLn00PVWHo2dbULCx10S4',158,9,8,'2024-01-16 07:47:16.064785','2024-01-16 07:47:16.064785',NULL),(159,'ydtS3eYSAbHPYq12J6btBLBdAEVXzb',159,9,8,'2024-01-16 08:10:30.834164','2024-01-16 08:10:30.834164',NULL),(160,'QVsHZs5cD6tCljyRCfBsJxp6BmjcYQ',160,9,8,'2024-01-16 08:12:22.330734','2024-01-16 08:12:22.330734',NULL),(161,'SBPPFk9XnstY1Xtu8mSFaDPR3z16ED',161,9,8,'2024-01-16 08:58:20.659754','2024-01-16 08:58:20.659754',NULL),(162,'rhgkXiyuonlqdUnw5fuTL65oQLWxb7',162,9,8,'2024-01-16 09:03:18.775454','2024-01-16 09:03:18.775454',NULL),(163,'8ZUwrQEcjI5jKXnmEav0Xf5eaJ8wuO',163,9,8,'2024-01-16 09:23:11.191433','2024-01-16 09:23:11.191433',NULL),(164,'D1adyTwPCJNOSUF8IvOYQyMqsoydHF',164,9,8,'2024-01-16 09:28:47.005474','2024-01-16 09:28:47.005474',NULL),(165,'u7ym4QDDVBHdnDCiqm4Sjyl9LGHMnN',165,9,8,'2024-01-16 09:35:40.266280','2024-01-16 09:35:40.266280',NULL),(166,'M6tV0myoCryomehw1h5OEp6lFJGjnr',166,9,8,'2024-01-16 09:36:37.913733','2024-01-16 09:36:37.913733',NULL),(167,'IpDT5LT2yyXvZJo9DG6mX6fAFnhe0l',167,9,8,'2024-01-16 09:41:23.026983','2024-01-16 09:41:23.026983',NULL),(168,'CVavbdedt36ERX1egsuCxi26KYEDrR',168,9,8,'2024-01-16 09:48:54.049708','2024-01-16 09:48:54.049708',NULL),(169,'8D492ujaVDaWziSatVqbepTeByEHA8',169,9,8,'2024-01-16 10:07:11.012934','2024-01-16 10:07:11.012934',NULL),(170,'3SVk8pBea3mpOhTUWf327GNFuMGTMj',170,9,8,'2024-01-16 10:17:41.382802','2024-01-16 10:17:41.382802',NULL),(171,'DqodDCc8wfqa6o0vmT6uTOnT5MTMfr',171,9,8,'2024-01-16 10:18:25.935683','2024-01-16 10:18:25.935683',NULL),(172,'M9s238wwSLKYNM3ABjX6MDPv12XGqX',172,9,8,'2024-01-16 10:27:41.730817','2024-01-16 10:27:41.730817',NULL),(173,'uzl1hKccXueV2ylShkOV6s4XVDwcck',173,9,8,'2024-01-16 10:39:53.745694','2024-01-16 10:39:53.745694',NULL),(174,'QyuKDT6oplMPJGJNxs8MTulgoNvPvD',174,9,8,'2024-01-16 10:40:52.467068','2024-01-16 10:40:52.467068',NULL),(175,'NOq54rrU75qRdiBNwNbpoYmpt68mwL',175,9,8,'2024-01-16 10:44:43.969102','2024-01-16 10:44:43.969102',NULL),(176,'2LrOlCkp53aAouqdxO6IDn5ILCrRn6',176,9,8,'2024-01-16 10:48:30.555822','2024-01-16 10:48:30.555822',NULL),(177,'SY1B3Q6oKp5J8v1V3X6GCYHGzeV54t',177,9,8,'2024-01-16 10:56:22.772636','2024-01-16 10:56:22.772636',NULL),(178,'K75FuH9EePjjhHFT1Kr91Js4tbndqD',178,9,8,'2024-01-16 10:57:01.540716','2024-01-16 10:57:01.540716',NULL),(179,'rBTDLhiY6fJBketsJdTzd0eg9zfwdn',179,9,8,'2024-01-16 11:01:09.703919','2024-01-16 11:01:09.703919',NULL),(180,'l1ocqyuIX3FluWFthJvHMempPpExa1',180,9,8,'2024-01-17 03:47:23.900995','2024-01-17 03:47:23.900995',NULL),(181,'xx6ieFuAqFnWOMRn4Oc15eQUA2RvIi',181,9,8,'2024-01-17 03:55:37.395905','2024-01-17 03:55:37.395905',NULL),(182,'hmVrTJh9950QP6nJFM44PgXX9JzDWx',182,9,8,'2024-01-17 04:01:49.517466','2024-01-17 04:01:49.517466',NULL),(183,'Vt4pSqJko1Hc5VHra21HmQPxBoF9QE',183,9,8,'2024-01-17 04:05:38.330147','2024-01-17 04:05:38.330147',NULL),(184,'0taqa1NuIk8bPl4McjKm28Yamm2p3T',184,9,8,'2024-01-17 04:23:42.282785','2024-01-17 04:23:42.282785',NULL),(185,'dn9EilPCPSubP2rbh6oYuvWdX1lJKi',185,9,8,'2024-01-17 04:27:21.969459','2024-01-17 04:27:21.969459',NULL),(186,'ForrwXv2JZq5LkQpw792LTUoatyjmv',186,9,8,'2024-01-17 04:42:48.880670','2024-01-17 04:42:48.880670',NULL),(187,'VF5sKk7bz306g8vgJopoONznXAIMIo',187,9,8,'2024-01-17 04:44:27.076515','2024-01-17 04:44:27.076515',NULL),(188,'b2n2PEFMvQbTcKXv8tNPt2rb9yoALu',188,9,8,'2024-01-17 07:00:47.221855','2024-01-17 07:00:47.221855',NULL),(189,'RB7piZNpRZqUFt389GhEh32PKUdmZ4',189,9,8,'2024-01-17 07:27:40.082689','2024-01-17 07:27:40.082689',NULL),(190,'cctwBiFmQWcZmQocXUyrOYtHMeWelx',190,9,6,'2024-01-17 07:29:46.782546','2024-01-17 07:29:46.782546',NULL),(191,'Pfj6Rjr6aICaXPV6czkj5zc6lWST7G',191,9,8,'2024-01-17 08:37:18.184313','2024-01-17 08:37:18.184313',NULL),(192,'OnPGPKlY3cuIwNG5jY7GMmGDdOLcYK',192,9,26,'2024-01-17 08:39:48.531598','2024-01-17 08:39:48.531598',NULL),(193,'PCsFoVs0ewtBvYeMhWe10R3dgx2TB6',193,9,29,'2024-01-17 09:31:43.204993','2024-01-17 09:31:43.204993',NULL),(194,'aSy6Tx25bHMZMSKh8jBhpgBuZeOf4L',194,9,29,'2024-01-17 09:41:52.772765','2024-01-17 09:41:52.772765',NULL),(195,'Bl0fTPsg2zkOufW5PPNf8MXNFYUcop',195,9,29,'2024-01-17 09:43:25.731934','2024-01-17 09:43:25.731934',NULL),(196,'85cJh3H0iW6qBJQAyhAXPO8OdyeWVZ',196,9,29,'2024-01-17 09:47:43.363625','2024-01-17 09:47:43.363625',NULL),(197,'O4yr5lmneqdexsMnHUjw8aU1CucT3Q',197,9,29,'2024-01-17 09:48:15.559048','2024-01-17 09:48:15.559048',NULL),(198,'0KiJPM4Nl45vNdvb7VQ6YWMQZ19ZvD',198,9,29,'2024-01-17 09:49:11.675638','2024-01-17 09:49:11.675638',NULL),(199,'oDTmtFVkLJmdiDIejGFJoNuRDjApa2',199,9,29,'2024-01-17 10:00:20.840927','2024-01-17 10:00:20.840927',NULL),(200,'NHpWFwKQIrXOAgFKunzsEPWzFJ7cQt',200,9,29,'2024-01-17 10:09:01.922961','2024-01-17 10:09:01.922961',NULL),(201,'6T5g6n4dGTEowCxXeQrhDgJTdM8G7h',201,9,29,'2024-01-17 10:13:25.084067','2024-01-17 10:13:25.084067',NULL),(202,'4IGmZ8TcjAdek7vWEZZlKyNvAFrqWd',202,9,8,'2024-01-17 10:14:37.729953','2024-01-17 10:14:37.729953',NULL),(203,'r01VCFejXwsxHRAVA5eLO4csXYUtnl',203,9,6,'2024-01-17 10:14:56.243978','2024-01-17 10:14:56.243978',NULL),(204,'FqUjV8Hc6TtxlCNPtKsi62PIsWXYIu',204,9,6,'2024-01-17 10:15:47.982120','2024-01-17 10:15:47.982120',NULL),(205,'39fRP7yTk2oBEK6KnGl2unXGH6eHBh',205,9,6,'2024-01-17 10:18:29.698237','2024-01-17 10:18:29.698237',NULL),(206,'Gko6ddg43uZ0qdtTLRjPNLjds7xtbn',206,9,6,'2024-01-17 10:29:34.365349','2024-01-17 10:29:34.365349',NULL),(207,'mESvsCRJjjlcvl5mzqjbeh175xwAw7',207,9,8,'2024-01-17 10:46:39.721706','2024-01-17 10:46:39.721706',NULL),(208,'kGztkIZQb4sdKkrHDpr2Nudd1w19Xn',208,9,8,'2024-01-18 03:08:44.794412','2024-01-18 03:08:44.794412',NULL),(209,'RsZaMrYMs1MJvUmAarQzGM93tT12KG',209,9,6,'2024-01-18 03:08:54.767881','2024-01-18 03:08:54.767881',NULL),(210,'1dWifGALePSFL0XN8xHLNo8UaEsZ4B',210,9,6,'2024-01-18 03:20:33.956955','2024-01-18 03:20:33.956955',NULL),(211,'tVmcr1Wvjx3oOGCHvB2Jt7KO0lj91o',211,9,6,'2024-01-18 03:22:15.542900','2024-01-18 03:22:15.542900',NULL),(212,'afhXG2CAgtj5xWlVIDC1TmKi0HMTVn',212,9,6,'2024-01-18 03:23:22.585036','2024-01-18 03:23:22.585036',NULL),(213,'2w7fV5YOPefSNxiFoQo1YAOse95TzZ',213,9,6,'2024-01-18 03:25:26.531401','2024-01-18 03:25:26.531401',NULL),(214,'3arDvUJttYWFNMtQ9JAQTOHez9ZsDp',214,9,6,'2024-01-18 03:27:42.044648','2024-01-18 03:27:42.044648',NULL),(215,'7Fpj6QYSWE3ERLjOhOoytc8ORbxXqs',215,9,8,'2024-01-18 03:30:49.671392','2024-01-18 03:30:49.671392',NULL),(216,'YvVOSVhuU63ACPhONcXxOuQijV1czt',216,9,8,'2024-01-18 03:31:06.336747','2024-01-18 03:31:06.336747',NULL),(217,'OcqeL65MFUT0ClOAAD3R4YD1UcblL8',217,9,6,'2024-01-18 03:31:20.752661','2024-01-18 03:31:20.752661',NULL),(218,'q5P2kaEE9lbPZrK0MuM74bdZ8VAt04',218,9,8,'2024-01-18 03:31:35.109941','2024-01-18 03:31:35.109941',NULL),(219,'QumY0BnfRgws72bs2gMD26dSx7S5Ho',219,9,8,'2024-01-18 03:52:57.834237','2024-01-18 03:52:57.834237',NULL),(220,'zQZrvboRdcqov5iU2QLS8eQJQvRdiw',220,9,8,'2024-01-18 03:55:05.994381','2024-01-18 03:55:05.994381',NULL),(221,'7eayyOjIFazeBbeKMjiGucScAhtuWb',221,9,8,'2024-01-18 04:34:26.314296','2024-01-18 04:34:26.314296',NULL),(222,'CuWNCVx8X4cit4j9FQNENPDTr4Kd4Z',222,9,6,'2024-01-18 04:34:41.256692','2024-01-18 04:34:41.256692',NULL),(223,'m8OdZrG67mnP94ZKHnyh0mXw0LWXzv',223,9,6,'2024-01-18 04:37:00.815966','2024-01-18 04:37:00.815966',NULL),(224,'Cii4E13CugFJMdK6yhH6Fhtbvx6GP2',224,9,6,'2024-01-18 04:50:47.156060','2024-01-18 04:50:47.156060',NULL),(225,'CXKzdc0SM5iMPyClqufGQEK52AvFI1',225,9,6,'2024-01-18 06:31:58.173942','2024-01-18 06:31:58.173942',NULL),(226,'gnMD5jhrpD63h3qKyRfLN3bMhvo9KO',226,9,10,'2024-01-18 06:33:07.110437','2024-01-18 06:33:07.110437',NULL),(227,'JGf6qpiOQ9nls1h3kFgagXO3QOw4dC',227,9,10,'2024-01-18 06:36:35.754154','2024-01-18 06:36:35.754154',NULL),(228,'4eUwgqGb1eFTOlVWdsXBaKSrfEWfMB',228,9,10,'2024-01-18 06:39:18.241694','2024-01-18 06:39:18.241694',NULL),(229,'dsgJHxBqrBpTIaqzIb1IIGwsaMDphB',229,9,10,'2024-01-18 06:41:43.411587','2024-01-18 06:41:43.411587',NULL),(230,'toeqy9dNYHLi6uBJj2wNwHOqb5ggmR',230,9,10,'2024-01-18 06:58:24.431236','2024-01-18 06:58:24.431236',NULL),(231,'JmeKKT6yLP88pfykK9p67SqG5NTjwR',231,9,10,'2024-01-18 07:09:46.342262','2024-01-18 07:09:46.342262',NULL),(232,'yKiQuIeAom0xOW5DzLYbkB2q2tL0Sd',232,9,10,'2024-01-18 07:12:19.271509','2024-01-18 07:12:19.271509',NULL),(233,'7d0vQ0TirUIAPaewj6CZSipoODGNhU',233,9,10,'2024-01-18 07:21:23.318350','2024-01-18 07:21:23.318350',NULL),(234,'NfGcx9IRsG4BxqxN5EQxmdcFUwbCj4',234,9,10,'2024-01-18 07:25:10.664337','2024-01-18 07:25:10.664337',NULL),(235,'CK9JjWUymxAhEx47rZ5mU1REQRmW87',235,9,10,'2024-01-18 07:26:17.716529','2024-01-18 07:26:17.716529',NULL),(236,'IA54r1HWCH1IWhoJT6c9fG3dxw9TYv',236,9,10,'2024-01-18 07:35:55.823925','2024-01-18 07:35:55.823925',NULL),(237,'pmMu4a6F9KGtrzJKIk9HmiPtFfIvaR',237,9,10,'2024-01-18 07:39:04.120849','2024-01-18 07:39:04.120849',NULL),(238,'dEng62KcJ2NEjS5zgAal4CLNzVna8r',238,9,6,'2024-01-18 08:02:06.854193','2024-01-18 08:02:06.854193',NULL),(239,'74SfHIiOESXW3XIr3d5pmb4856McAR',239,9,6,'2024-01-18 08:24:46.914633','2024-01-18 08:24:46.914633',NULL),(240,'Ksqmy4E3oszOj9ZOQUvJwYT6yEWibY',240,9,6,'2024-01-18 08:26:42.745869','2024-01-18 08:26:42.745869',NULL),(241,'qsgljvJhOPhzen9ALOSIlgthePWvxm',241,9,6,'2024-01-18 08:28:44.044332','2024-01-18 08:28:44.044332',NULL),(242,'rLftDulfla5FcRG7GcErzb6CpzlLsR',242,9,8,'2024-01-18 08:33:55.092334','2024-01-18 08:33:55.092334',NULL),(243,'S2v1rlly5507JfK71EC3HaRzDWaRRv',243,9,6,'2024-01-18 08:35:49.064084','2024-01-18 08:35:49.064084',NULL),(244,'5PLEgqfQ8uanzWuIljkynAz92TE2rx',244,9,8,'2024-01-18 09:35:56.300983','2024-01-18 09:35:56.300983',NULL),(245,'NtK3rAr98yZzefqRQdQEvQaiS2g5Iz',245,9,6,'2024-01-18 09:36:10.404915','2024-01-18 09:36:10.404915',NULL),(246,'c1aBNyQRw5J7l67O1gu9u5YIGfP1Sy',246,9,6,'2024-01-18 09:52:12.802914','2024-01-18 09:52:12.802914',NULL),(247,'Y2i98qQjD33zE3noFnCbkHQr6lOD0O',247,9,6,'2024-01-18 10:11:51.661882','2024-01-18 10:11:51.661882',NULL),(248,'14NwAa2BH8c4bsvepKuP3bY4aigodn',248,9,6,'2024-01-18 10:31:09.937992','2024-01-18 10:31:09.937992',NULL),(249,'aS4f127C5QUC126H5IdZEA6L0ku2RF',249,9,6,'2024-01-18 10:31:40.410002','2024-01-18 10:31:40.410002',NULL),(250,'Vq5WhkmWRVO2ElgAx0gT89Fo27M1hL',250,9,6,'2024-01-22 02:47:45.254675','2024-01-22 02:47:45.254675',NULL),(251,'VQ4OKdrw3rrELW6ltXuPKNq4SrOzBo',251,9,8,'2024-01-22 03:17:26.221989','2024-01-22 03:17:26.221989',NULL),(252,'OqqCHOSi8KHdGORPyjqL4ryaxAdWQs',252,9,8,'2024-01-22 03:27:49.475525','2024-01-22 03:27:49.475525',NULL),(253,'nMAxuKZOWd2cgfLskopys7veTSs2RJ',253,9,8,'2024-01-22 04:16:38.182935','2024-01-22 04:16:38.182935',NULL),(254,'s6co7DGvK4scSFzmfVvMF01OzjfTh0',254,9,8,'2024-01-22 04:20:10.518468','2024-01-22 04:20:10.518468',NULL),(255,'GZwtzc54HGjgiTPacROn6mUs6KYyBE',255,9,8,'2024-01-22 04:22:37.827546','2024-01-22 04:22:37.827546',NULL),(256,'KSU71gT2Qp6zJQZaucSr5N2s3Ln6D6',256,9,8,'2024-01-22 04:27:27.310117','2024-01-22 04:27:27.310117',NULL),(257,'yVBifGQwx8DUqum0re12KNUkNzGpo0',257,9,8,'2024-01-22 04:28:28.539670','2024-01-22 04:28:28.539670',NULL),(258,'IzhNTPJzzAYTiAwfY5TuUQ5PrOxMgs',258,9,6,'2024-01-22 04:28:50.543473','2024-01-22 04:28:50.543473',NULL),(259,'FMbDCrHm0hepJMYHf025ZNeiU4r7Xz',259,9,6,'2024-01-22 04:33:36.586203','2024-01-22 04:33:36.586203',NULL),(260,'FqNI49NSBJgNvri4oq0VCQ29piioaP',260,9,6,'2024-01-22 04:40:02.434305','2024-01-22 04:40:02.434305',NULL),(261,'xleRrk14ldRVqeUurGKXQPPY7WwyQW',261,9,6,'2024-01-22 04:44:04.635360','2024-01-22 04:44:04.635360',NULL),(262,'70pXpEkAyFemPf72HOxtZHvpEC3muC',262,9,6,'2024-01-22 04:49:47.987368','2024-01-22 04:49:47.987368',NULL),(263,'WpXwQidxCkjkDpW1yXgQcl39cZVRLU',263,9,6,'2024-01-22 04:51:29.428706','2024-01-22 04:51:29.428706',NULL),(264,'LBTkYGlApOFbuueQHNnyvC1KORNzNE',264,9,6,'2024-01-22 04:59:54.196360','2024-01-22 04:59:54.196360',NULL),(265,'5lKWjF4zKlOsFR9xh02fnzys4wRFYY',265,9,6,'2024-01-22 05:00:20.126168','2024-01-22 05:00:20.126168',NULL),(266,'c5Bd9JwRgfOIjMJgNbMNjOJOkOX1qo',266,9,6,'2024-01-22 06:32:31.761466','2024-01-22 06:32:31.761466',NULL),(267,'AIUzmvmVonzJst6OSpJFhsaIJ7lHx8',267,9,6,'2024-01-22 06:35:25.304494','2024-01-22 06:35:25.304494',NULL),(268,'Ihntxttw1DeUFOWUsPBKgPWNGFIrkB',268,9,6,'2024-01-22 06:40:48.920018','2024-01-22 06:40:48.920018',NULL),(269,'sJwUz4CtFuLSmScadt1OUDj5D60nLM',269,9,6,'2024-01-22 06:44:35.664873','2024-01-22 06:44:35.664873',NULL),(270,'Ze1CrUve9O6x6f3Gjzif4mzL2dXLXs',270,9,6,'2024-01-22 06:51:42.631682','2024-01-22 06:51:42.631682',NULL),(271,'IriqrpTJhmDP3tp8lARm0Z49J73UuD',271,9,6,'2024-01-22 06:55:39.712593','2024-01-22 06:55:39.712593',NULL),(272,'pM40NTIAmdWPxxJAIEIkJ0ZB1MwuDX',272,9,8,'2024-01-22 07:01:42.297827','2024-01-22 07:01:42.297827',NULL),(273,'37SGMuidbsmZdwdpqhoAwkSsZZc2pD',273,9,8,'2024-01-22 07:10:02.372362','2024-01-22 07:10:02.372362',NULL),(274,'SpN1rdPqVArWE86wChMrCrbLYvpNXQ',274,9,8,'2024-01-22 07:11:46.243291','2024-01-22 07:11:46.243291',NULL),(275,'h4hhAmBESbbjz3IPSIDOdQ8R59xrl8',275,9,8,'2024-01-22 07:13:54.965929','2024-01-22 07:13:54.965929',NULL),(276,'ubRtHZ2mwj5OX4kn4OtPkvkZfSjNNQ',276,9,8,'2024-01-22 07:14:55.540721','2024-01-22 07:14:55.540721',NULL),(277,'px6G0cm3K99AE1b3zWjLJ4aIAMjWb0',277,9,8,'2024-01-22 07:15:36.772716','2024-01-22 07:15:36.772716',NULL),(278,'erLeN4n73aPICEv8f8dzKK3A0H5zSt',278,9,6,'2024-01-22 07:59:20.751711','2024-01-22 07:59:20.751711',NULL),(279,'PFcCChmzrHTbuNhTygltVkUcgSZq3f',279,9,6,'2024-01-22 07:59:57.134230','2024-01-22 07:59:57.135413',NULL),(280,'WjxAs3wqsHf95pUNUetLUFmYbhXsJ7',280,9,6,'2024-01-22 08:00:29.627180','2024-01-22 08:00:29.627180',NULL),(281,'hJOcvwD0t7lnF8HpdAJO3lVrSRkLLZ',281,9,6,'2024-01-22 08:00:30.891240','2024-01-22 08:00:30.891240',NULL),(282,'dHlFr2GbAgmOPhGH5JfMVcsV1LILfN',282,9,6,'2024-01-22 08:00:58.699105','2024-01-22 08:00:58.699105',NULL),(283,'VJh4OPeHCaC4cAh900Cb5TPgOKk7D2',283,9,6,'2024-01-22 08:01:24.256340','2024-01-22 08:01:24.256340',NULL),(284,'AfBbMytO7J3vXmcxb98PNy5xmMi42t',284,9,6,'2024-01-22 08:01:48.937814','2024-01-22 08:01:48.937814',NULL),(285,'ErEqqjSZddoW65uJUHNWhLyjaH2DiP',285,9,6,'2024-01-22 08:02:16.122937','2024-01-22 08:02:16.122937',NULL),(286,'EAeuRspZhSMkkhHGdi63bDw3osIpfW',286,9,6,'2024-01-22 08:18:20.732919','2024-01-22 08:18:20.732919',NULL),(287,'nYlPAbkt46Jz35pYfvs9nMUzQVLJsZ',287,9,6,'2024-01-22 08:27:49.516293','2024-01-22 08:27:49.516293',NULL),(288,'NBuO10x9Wge34P8GjhlLr0q3dTEbio',288,9,6,'2024-01-22 08:30:49.059021','2024-01-22 08:30:49.059021',NULL),(289,'VkbQ5nS2byaBJMN8FifaJOfieNgFuL',289,9,6,'2024-01-22 08:40:32.695552','2024-01-22 08:40:32.695552',NULL),(290,'MyfqCoQLxmcuuxx0CaqXAg775CYlpH',290,9,6,'2024-01-22 08:41:22.791746','2024-01-22 08:41:22.791746',NULL),(291,'Yk79NNaS0sNsENyjDpznrT3SS69bte',291,9,6,'2024-01-22 08:47:35.302334','2024-01-22 08:47:35.302334',NULL),(292,'WEU6YBt2W5Vu97jGPCCnQd1vFE8Wef',292,9,6,'2024-01-22 08:48:31.436100','2024-01-22 08:48:31.436100',NULL),(293,'64DCp2UUD0Hva7MnE7ToDYqzLXNMpR',293,9,6,'2024-01-22 08:48:48.444600','2024-01-22 08:48:48.444600',NULL),(294,'fPup1GRZGjz11TRPUXyhHR1M4TsblZ',294,9,6,'2024-01-22 08:58:28.184626','2024-01-22 08:58:28.184626',NULL),(295,'lZx5cVp2AHiIwcCqpITjBeF8S8Wfd1',295,9,6,'2024-01-22 09:12:31.645570','2024-01-22 09:12:31.645570',NULL),(296,'HTLFuRyccHlAmvBkkMg2OGBCMYUjKU',296,9,6,'2024-01-22 09:20:32.402026','2024-01-22 09:20:32.402026',NULL),(297,'JLKu68SpmDE3JlVHlcB1H2BqagsgbJ',297,9,6,'2024-01-22 09:31:05.752314','2024-01-22 09:31:05.752314',NULL),(298,'rW6fc9qcl2gkd8ZVdI1wOaMjepnoR2',298,9,6,'2024-01-22 09:31:55.634364','2024-01-22 09:31:55.634364',NULL),(299,'ky8kElHLcV6sI8uDjliykdA9E2gPpf',299,9,6,'2024-01-22 09:34:03.826068','2024-01-22 09:34:03.826068',NULL),(300,'Y36qV7E2PHW3UZptelq3cxkDSQzb2f',300,9,6,'2024-01-22 09:55:22.830765','2024-01-22 09:55:22.830765',NULL),(301,'dXHjBaB7tldnDDxv0ZUQpkc2pqWyUX',301,9,6,'2024-01-22 09:56:31.293707','2024-01-22 09:56:31.293707',NULL),(302,'jjcF2LxNV9Bpnp9iTI4DY0GkqXKNGR',302,9,6,'2024-01-22 09:58:06.090211','2024-01-22 09:58:06.090211',NULL),(303,'mF1XzTgxpwWLJGpCpZELf9fQbaMcJI',303,9,6,'2024-01-22 10:02:06.866941','2024-01-22 10:02:06.866941',NULL),(304,'0UW5oJQGP3bmidYdmZA6y9CsJJG4x7',304,9,6,'2024-01-22 10:04:52.126967','2024-01-22 10:04:52.126967',NULL),(305,'JHS2HUMigAULffQg0T5S6IbW0FletU',305,9,6,'2024-01-22 10:07:41.393165','2024-01-22 10:07:41.393165',NULL),(306,'GoUjvoZYseuINZGjT3ICtg6dlBHFM6',306,9,8,'2024-01-23 02:43:00.728284','2024-01-23 02:43:00.728284',NULL),(307,'rkzTZEZLfyCznLKlw8YxlBaDANkTjl',307,9,6,'2024-01-23 02:48:14.631110','2024-01-23 02:48:14.631110',NULL),(308,'tKCUkM7iCkiF6guJXT28MPxOnukc7m',308,9,6,'2024-01-23 02:54:02.376066','2024-01-23 02:54:02.376066',NULL),(309,'iZANE35YpEJ1dusk6QTccTOjPFUxav',309,9,6,'2024-01-23 02:56:18.590034','2024-01-23 02:56:18.590034',NULL),(310,'1CXeuJ7nc09WCii4PxroCxj2TwjNTs',310,9,6,'2024-01-23 03:02:20.295459','2024-01-23 03:02:20.295459',NULL),(311,'ypGqc2fVCiyL6SrosOmCo2E448kDhm',311,9,6,'2024-01-23 03:04:03.827691','2024-01-23 03:04:03.827691',NULL),(312,'r1eEcz5w7816lD4UFdqN9dDQAV48Hi',312,9,6,'2024-01-23 03:09:47.723947','2024-01-23 03:09:47.723947',NULL),(313,'2RTl7Tncn1mcul0CWvihWrWvdyU2cs',313,9,6,'2024-01-23 03:18:38.858071','2024-01-23 03:18:38.858071',NULL),(314,'4bd13lyN0557KXIsszsOtMhxNqKHej',314,9,6,'2024-01-23 03:29:14.911254','2024-01-23 03:29:14.911254',NULL),(315,'xqTqn0qDBDhlpcxUkMSownWQsxUems',315,9,6,'2024-01-23 03:32:26.790740','2024-01-23 03:32:26.790740',NULL),(316,'MyjOYAComhfUhY4tYpQyz7UUEjg2pL',316,9,6,'2024-01-23 03:36:56.322536','2024-01-23 03:36:56.322536',NULL),(317,'tafCXM0kPNCFitHhu0PmXD0rRpiFED',317,9,6,'2024-01-23 03:39:51.104238','2024-01-23 03:39:51.104238',NULL),(318,'6lqkPlAJu2f0QViqJ0bcQJ98kef52F',318,9,6,'2024-01-23 03:45:04.343931','2024-01-23 03:45:04.343931',NULL),(319,'CAWvnQITlb6hrMSDpMdNO50K7o2VRo',319,9,6,'2024-01-23 03:45:51.268813','2024-01-23 03:45:51.268813',NULL),(320,'MftPlUcvLV0ktainhHn0z1KAKbqYI5',320,9,6,'2024-01-23 03:55:49.296840','2024-01-23 03:55:49.296840',NULL),(321,'dhaubgVa1vi3mXxMYafqzuYYtJ5UQJ',321,9,6,'2024-01-23 04:04:00.441735','2024-01-23 04:04:00.441735',NULL),(322,'dpTc8fQDKVJxSKeWwjkA18kYuCutNp',322,9,6,'2024-01-23 04:05:29.551593','2024-01-23 04:05:29.551593',NULL),(323,'CdVwXnXmxkaEKFOkbsY5KEyFQAJ7Jk',323,9,6,'2024-01-23 04:09:15.982410','2024-01-23 04:09:15.982410',NULL),(324,'dyfqWRMKh30aIJ7zl7peuv8aTJ7E3r',324,9,6,'2024-01-23 04:11:29.517795','2024-01-23 04:11:29.517795',NULL),(325,'54IxKHMt65zJ7kTrpCPIjhmNSGXdM1',325,9,6,'2024-01-23 04:12:04.010590','2024-01-23 04:12:04.010590',NULL),(326,'ysdQFIAJprI7AZmd7ctuX6pCzCQ6rV',326,9,6,'2024-01-23 04:17:14.352969','2024-01-23 04:17:14.352969',NULL),(327,'b1vvEe6WrVtrsTXzdolNoOW3ADOzrW',327,9,6,'2024-01-23 04:28:38.070734','2024-01-23 04:28:38.070734',NULL),(328,'R9ZhdcfshtHfRF2swgBtJqbc8iWwWn',328,9,6,'2024-01-23 04:29:00.902082','2024-01-23 04:29:00.902082',NULL),(329,'cAfkY0GVTstILpqmZILTEhM2oZ4ccG',329,9,6,'2024-01-23 04:44:31.608297','2024-01-23 04:44:31.608297',NULL),(330,'AhSql5Er3q9YeGUvYZq7uv2aZ7HYhC',330,9,6,'2024-01-23 04:45:03.963216','2024-01-23 04:45:03.963216',NULL),(331,'tWJIn4y7AoUSqWg6LXg9IYebSrYPHo',331,9,6,'2024-01-23 04:45:55.029378','2024-01-23 04:45:55.029378',NULL),(332,'PWkr0ZkgcP2ULBYblRZ2751vBew8rs',332,9,6,'2024-01-23 04:48:14.890253','2024-01-23 04:48:14.890253',NULL),(333,'j8pwJAWN0CpMORRw4faL7ZhqzQm3W2',333,9,6,'2024-01-23 04:50:31.235745','2024-01-23 04:50:31.235745',NULL),(334,'0eOrvVASAOuGiBJbHKgtRbqwg7EfA0',334,9,6,'2024-01-23 04:55:33.024592','2024-01-23 04:55:33.024592',NULL),(335,'7fqZ69hMZzKRpF4PRSzssGfAkNG1PA',335,9,6,'2024-01-23 04:59:34.623119','2024-01-23 04:59:34.623119',NULL),(336,'4EPh4XC4Y9HhfrZEnVzEBJxORapkDt',336,9,6,'2024-01-23 05:00:05.520159','2024-01-23 05:00:05.520159',NULL),(337,'7614PuorV8tViLzEEfA04T3VoYPCA4',337,9,6,'2024-01-23 05:58:52.335590','2024-01-23 05:58:52.335590',NULL),(338,'QII9wzQLeKk2DVVqKdoTc72bbMaYc0',338,9,6,'2024-01-23 06:45:21.234558','2024-01-23 06:45:21.234558',NULL),(339,'8YaLSEuSvGQcoaKm79Z2WKDBUmYeO4',339,9,6,'2024-01-23 07:03:58.252131','2024-01-23 07:03:58.252131',NULL),(340,'n1HjayqBt32aKCSnGKzZCJhInFimT8',340,9,6,'2024-01-23 07:21:14.936949','2024-01-23 07:21:14.936949',NULL),(341,'pdoSXwPcvUmSz5UNPgOthbB1izay7c',341,9,6,'2024-01-23 07:22:22.200440','2024-01-23 07:22:22.200440',NULL),(342,'5C583hwLTaCrdQwwjxGM3szw3TFBO0',342,9,6,'2024-01-23 07:32:44.450502','2024-01-23 07:32:44.450502',NULL),(343,'OXb7jZ22xpJX5Ks7CczfhYbgeVb0dr',343,9,6,'2024-01-23 07:44:44.179215','2024-01-23 07:44:44.179215',NULL),(344,'jhhG35LbWvTuZ5bB6isLQPeWWWpEAx',344,9,8,'2024-01-23 08:14:49.658254','2024-01-23 08:14:49.658254',NULL),(345,'3TKuOO3d6vJ9H3LkNiNq3WNtrvyoLw',345,9,8,'2024-01-23 08:16:06.551000','2024-01-23 08:16:06.551000',NULL),(346,'zgSWFWcdCM6GxItNREK51sj2i5PIIL',346,9,8,'2024-01-23 08:17:44.020407','2024-01-23 08:17:44.020407',NULL),(347,'QMKyGJnfWoaH1CCSb9DlN3lF3JvJX8',347,9,8,'2024-01-23 08:28:31.501569','2024-01-23 08:28:31.501569',NULL),(348,'Fn0yxdqIZJ7cMOGs08cOE2x2uFpZTg',348,9,6,'2024-01-23 08:28:49.381495','2024-01-23 08:28:49.381495',NULL),(349,'hxHBsJ16en1XDdoeIUvqV0GJ6vuf70',349,9,6,'2024-01-23 08:34:51.215321','2024-01-23 08:34:51.216316',NULL),(350,'Czmyn0uPrMDD5iurjPYeZfN2g2krYK',350,9,6,'2024-01-23 08:39:10.932024','2024-01-23 08:39:10.932024',NULL),(351,'vj4DG8rloMcLKIZ4waeXyi3OtfeYL6',351,9,6,'2024-01-23 08:39:55.557742','2024-01-23 08:39:55.557742',NULL),(352,'zVTf7bagLd6eFgoeQ1DVxt0cjNRPs1',352,9,6,'2024-01-23 08:41:58.791254','2024-01-23 08:41:58.791254',NULL),(353,'pVVsF9cK6NWZ2CLNoPGsxEqdVu6UVq',353,9,6,'2024-01-23 08:45:07.522453','2024-01-23 08:45:07.522453',NULL),(354,'31RNkWfmpLAQXDVtJX8WlAGPBDtFG8',354,9,6,'2024-01-23 08:49:35.637967','2024-01-23 08:49:35.637967',NULL),(355,'G1hvaQbsgZdhkjsPX57VwSYGjCnUFb',355,9,6,'2024-01-23 08:50:37.832778','2024-01-23 08:50:37.832778',NULL),(356,'n5aH4dQ8R2iygyZ1opXzrbVJt9yonh',356,9,6,'2024-01-23 08:51:31.733716','2024-01-23 08:51:31.733716',NULL),(357,'raVyz4fi8YmUEkFpRBvvB9atWIMD0t',357,9,6,'2024-01-23 08:51:31.765751','2024-01-23 08:51:31.765751',NULL),(358,'x50c5ZfuaQM1QYhjtqthLoqhf82Cjg',358,9,6,'2024-01-23 08:52:25.217918','2024-01-23 08:52:25.217918',NULL),(359,'pejTQZzoyX13yUxtv6Uyz3Kfaz4BZ2',359,9,6,'2024-01-23 08:53:11.637563','2024-01-23 08:53:11.637563',NULL),(360,'W7B6ceVSvqiNvD7seJUa34SNaCJFre',360,9,6,'2024-01-23 08:54:04.569747','2024-01-23 08:54:04.569747',NULL),(361,'wj57UjuLbi1NFeFVvODF5Uwrz1DdYN',361,9,8,'2024-01-23 09:00:06.575896','2024-01-23 09:00:06.575896',NULL),(362,'aYWizqfLwhTbFhls3DxLUNQ34LPX9Q',362,9,8,'2024-01-23 09:07:19.129027','2024-01-23 09:07:19.129027',NULL),(363,'XirguwgywwkwTnDKOjFFm5y3WsgAyV',363,9,8,'2024-01-23 09:21:45.995546','2024-01-23 09:21:45.995546',NULL),(364,'ZsncQo75en5V78Yzxo7XnFUSlCEpVJ',364,9,8,'2024-01-23 09:22:15.774836','2024-01-23 09:22:15.774836',NULL),(365,'YbgJjWtli5U2gFxoviYbdfcyqMwpSW',365,9,8,'2024-01-23 09:25:26.991660','2024-01-23 09:25:26.992198',NULL),(366,'tOeb7tB6GVvxmugFGW3MrEjw7DnTS3',366,9,8,'2024-01-23 09:54:53.390691','2024-01-23 09:54:53.390691',NULL),(367,'xPe4bKo0A84nF0gUFbnFeBnzA9Qby6',367,9,8,'2024-01-23 09:55:05.488516','2024-01-23 09:55:05.488516',NULL),(368,'cHMfn4jg4BYUmxu3MgXFSOAfEk3H7X',368,9,8,'2024-01-23 09:55:44.671136','2024-01-23 09:55:44.671136',NULL),(369,'XMuLJ4jyuDFKGUcHy9rdcUjwaO4uXT',369,9,8,'2024-01-23 09:56:01.563997','2024-01-23 09:56:01.563997',NULL),(370,'OR9ER3mX5qNsJDfeCNADRS4FBoSrs4',370,9,8,'2024-01-23 09:57:48.073332','2024-01-23 09:57:48.073332',NULL),(371,'JUO5HFoGM7nEw77sj1xW2yDYOKg9Xc',371,9,8,'2024-01-23 09:59:48.166883','2024-01-23 09:59:48.166883',NULL),(372,'CmMNzVmnFJgdxSEI0xvlHOAxsKdnHF',372,9,8,'2024-01-23 10:00:30.703924','2024-01-23 10:00:30.703924',NULL),(373,'TJ1Cp1dNQXqLAdjUmBunPiVAYRU1Mx',373,9,8,'2024-01-23 10:00:54.636934','2024-01-23 10:00:54.636934',NULL),(374,'fI4w5dcPyldkBziCC6eG9W9J0Ak1R0',374,9,8,'2024-01-23 10:01:26.711055','2024-01-23 10:01:26.711055',NULL),(375,'kczh0xWzEZ3ryoMeD9EtbE8NBGv7iA',375,9,6,'2024-01-23 10:39:07.995624','2024-01-23 10:39:07.995624',NULL),(376,'2TVMVtnlPMTdxwKyjiAnqNs9tgx3he',377,9,6,'2024-01-23 10:51:25.647791','2024-01-23 10:51:25.647791',NULL),(377,'r48XaT78jCUEwiHX0pLJf0RTyM1DsX',376,9,6,'2024-01-23 10:51:25.647791','2024-01-23 10:51:25.647791',NULL),(378,'Vl7KdZ12ZlrJzCnmbpmW0iVeXU9aCE',378,9,6,'2024-01-23 10:52:02.757439','2024-01-23 10:52:02.757439',NULL),(379,'M3vliJkTCw6Cu7oLBoDFM4FEHNaqLT',379,9,6,'2024-01-23 10:56:11.775292','2024-01-23 10:56:11.775292',NULL),(380,'ITv0rgqivbKS7hXH71udLT7UjC2H7f',380,9,6,'2024-01-24 02:45:10.081553','2024-01-24 02:45:10.081553',NULL),(381,'L5gxPxUDkPeop2XrejX1B6GjmV36is',381,9,6,'2024-01-24 02:53:51.131374','2024-01-24 02:53:51.131374',NULL),(382,'tzJYaVWiaCYYWOylAPcTq8GXiW4Fa2',382,9,6,'2024-01-24 02:55:26.188646','2024-01-24 02:55:26.188646',NULL),(383,'VKg0HCKhA3ohq9tziA6SLQ833cYcql',383,9,6,'2024-01-24 03:17:41.648197','2024-01-24 03:17:41.648197',NULL),(384,'y4BozGJhMIoTwcsTI1OSINxXXGqmOH',384,9,6,'2024-01-24 03:17:49.393234','2024-01-24 03:17:49.393234',NULL),(385,'1xRFdo1Qo2iVGkEmFoDxzJxpyp03i9',385,9,6,'2024-01-24 03:42:58.874151','2024-01-24 03:42:58.874151',NULL),(386,'EStxFKJSjHM2T8QFxndfdvV6Rvp1Rp',386,9,6,'2024-01-24 03:47:52.750537','2024-01-24 03:47:52.750537',NULL),(387,'3hwL7ZoYCavratOya5WIfW2WashSaZ',387,9,6,'2024-01-24 03:51:10.758167','2024-01-24 03:51:10.758167',NULL),(388,'UbHsOHW2VuOk3TmSNj7FfCl2tQC4iu',388,9,6,'2024-01-24 03:51:43.814660','2024-01-24 03:51:43.814660',NULL),(389,'lz9kwZ0gTdps7QgaWRVIiczsh892EM',389,9,6,'2024-01-24 03:55:35.500574','2024-01-24 03:55:35.500574',NULL),(390,'EQa5TGb04Pfg9xzXpnXsbUtYOPGLcP',390,9,6,'2024-01-24 03:58:01.131205','2024-01-24 03:58:01.131205',NULL),(391,'mtEfr4ChKbuEQhcgpPljcfx2Vz0UOL',391,9,6,'2024-01-24 04:09:24.537361','2024-01-24 04:09:24.537361',NULL),(392,'hQgz3dFHLQzhRhyA5Mz7o42GfIkIOM',392,9,6,'2024-01-24 04:11:52.972260','2024-01-24 04:11:52.972260',NULL),(393,'z3M6pclOmKEUK5HMJhulXNXwcmuUBS',393,9,6,'2024-01-24 04:14:32.063473','2024-01-24 04:14:32.063473',NULL),(394,'EhMZi3bx0ZrQql2yHiOMFeHQQ4XenC',394,9,6,'2024-01-24 04:15:47.743840','2024-01-24 04:15:47.743840',NULL),(395,'3NGI8HwyhZwRTRSyqNTAlGX3NG8FJe',395,9,6,'2024-01-24 04:36:47.275095','2024-01-24 04:36:47.275095',NULL),(396,'w8ioYDmVkXjbWGvqVKKQvDFJx7S0Be',396,9,6,'2024-01-24 04:44:59.992232','2024-01-24 04:44:59.992232',NULL),(397,'PvKv5VUYu1HKBlVmpOHLoc2QUvNN13',397,9,6,'2024-01-24 04:48:36.945628','2024-01-24 04:48:36.945628',NULL),(398,'Vh6FS9IcvUvx8dE1CO65W1d4koKR62',398,9,6,'2024-01-24 04:52:35.015101','2024-01-24 04:52:35.016098',NULL),(399,'b0OVIBZjlPJAmZb7UMrokYsuvm94xL',399,9,6,'2024-01-24 06:31:46.078343','2024-01-24 06:31:46.078343',NULL),(400,'CA9tVVec3D2II8Ydamy2J0yNFTPk5a',400,9,6,'2024-01-24 06:45:49.017178','2024-01-24 06:45:49.017178',NULL),(401,'K64IlVhnYO95NZU7KvSCr3oEeG3vJd',401,9,6,'2024-01-24 06:50:33.833667','2024-01-24 06:50:33.833667',NULL),(402,'4lPppekWPUTj3gBE0yrxl5HxH4W07c',402,9,8,'2024-01-24 06:51:00.562657','2024-01-24 06:51:00.562657',NULL),(403,'rUDxI3iSUZBILafAIA6sEwCCDAJ83L',403,9,8,'2024-01-24 06:51:42.032797','2024-01-24 06:51:42.032797',NULL),(404,'FCTc1Urby7OXa4tTRDKmxc1Vmsnq5P',404,9,6,'2024-01-24 06:57:35.137533','2024-01-24 06:57:35.137533',NULL),(405,'An9vcXi8TLaYfy78g6Qqv66cHIvVFW',405,9,8,'2024-01-24 06:57:55.040913','2024-01-24 06:57:55.040913',NULL),(406,'Y8SpBQGthCH6bkKglD9DewzbVDb1GK',406,9,8,'2024-01-24 06:58:55.249480','2024-01-24 06:58:55.249480',NULL),(407,'9SHEu2g3WmBgONdLiMJSRlbQZNxXKE',407,9,8,'2024-01-24 07:06:01.607951','2024-01-24 07:06:01.607951',NULL),(408,'ztKD0i0FejWPO1frCRUyfWqFlzvKyo',408,9,8,'2024-01-24 07:06:43.603257','2024-01-24 07:06:43.603257',NULL),(409,'vV0w1L8G62tv0SUQBst2NUlfn0euAC',409,9,8,'2024-01-24 07:23:14.253525','2024-01-24 07:23:14.253525',NULL),(410,'Ug03D29Dt02993HJkW00tCEnc1aYFV',410,9,8,'2024-01-24 07:27:55.653154','2024-01-24 07:27:55.653154',NULL),(411,'oXU3cnvAiJ2jjqIkoKH2nYUkg5acJX',411,9,8,'2024-01-24 07:34:08.478176','2024-01-24 07:34:08.478176',NULL),(412,'o0Ln3tCRhcZiFESnMGqTG6f3oNOPGf',412,9,32,'2024-01-24 07:38:36.263665','2024-01-24 07:38:36.263665',NULL),(413,'4uYoqJaXSrSRwWYVminDOGixhy5QNM',413,9,33,'2024-01-24 07:51:31.864186','2024-01-24 07:51:31.864186',NULL),(414,'aeXA87CFxRiVTMNlQOIfjb16Er66B8',414,9,34,'2024-01-24 07:56:02.346767','2024-01-24 07:56:02.346767',NULL),(415,'iFJnnnBZ21mc2QvhcqOZ0c5tTzkWpb',415,9,34,'2024-01-24 10:18:34.316930','2024-01-24 10:18:34.318437',NULL),(416,'NXlHns26VB52nluohBv7aNYPsFsP75',416,9,34,'2024-01-24 10:25:49.155203','2024-01-24 10:25:49.155203',NULL),(417,'wl3pWD8fRo22PjtXssaPO7YQvfxOem',417,9,34,'2024-01-24 10:31:12.205060','2024-01-24 10:31:12.205060',NULL),(418,'qzzIdH4jzHelU5QFwenlTMlK5xN23y',418,9,34,'2024-01-24 10:32:59.715758','2024-01-24 10:32:59.715758',NULL),(419,'KRBxu9ZRq3AFBgCAjDLx93Q8kGLLOh',419,9,34,'2024-01-24 14:39:52.340491','2024-01-24 14:39:52.340491',NULL),(420,'pd1Nn3X6bU80N6wr6RsqpideotjCqI',420,9,34,'2024-01-24 14:43:21.730396','2024-01-24 14:43:21.730396',NULL),(421,'W5cRXcl7zVtFrmU63Mza9VPLgBP45P',421,9,34,'2024-01-24 14:46:10.172829','2024-01-24 14:46:10.172829',NULL),(422,'ZaYA2BXsikx3CcklPY3U2Ji1AWDm33',422,9,34,'2024-01-24 15:06:06.557037','2024-01-24 15:06:06.557037',NULL),(423,'FNk8aNP8hLlpiab2oRoYowJlvVLTEr',423,9,34,'2024-01-24 15:06:52.144048','2024-01-24 15:06:52.144048',NULL),(424,'RutFbZxXjkPcHXGpNQKmyaMJieUHLI',424,9,34,'2024-01-24 15:07:33.797475','2024-01-24 15:07:33.797475',NULL),(425,'d5wAkGBML8TIRzikDuQGJ7BfOOAhWc',425,9,34,'2024-01-24 15:50:31.695457','2024-01-24 15:50:31.695457',NULL),(426,'DPCRadh9mtgb9XrMmzMcPrV4TjiS0P',426,9,34,'2024-01-24 16:17:09.241717','2024-01-24 16:17:09.241717',NULL),(427,'lGSSQKd4Nnx3NxeFmIl2VzVeBVsEYf',427,9,34,'2024-01-24 16:17:26.120395','2024-01-24 16:17:26.120395',NULL),(428,'BWVHOFYbrREz8ZoMvJ2s8WlZN3dWka',428,9,34,'2024-01-24 16:17:27.234778','2024-01-24 16:17:27.234778',NULL),(429,'lMdFWzQn6OgIEalW77OE9R2DIswCxN',429,9,34,'2024-01-24 17:00:10.894733','2024-01-24 17:00:10.894733',NULL),(430,'uI4pYE6fuo3GF9DIuL5Fk699jYME89',430,9,34,'2024-01-24 17:06:12.829426','2024-01-24 17:06:12.829426',NULL),(431,'O1ydXQ4F6NLCF5Um2A7txsSB3RzOR3',431,9,34,'2024-01-24 17:12:27.855426','2024-01-24 17:12:27.855426',NULL),(432,'hTCQBTPmLJV4ipOeW21YkrnuKjdIMe',432,9,34,'2024-01-24 17:12:58.120818','2024-01-24 17:12:58.120818',NULL),(433,'pnDjbcUujoxT9t5wPuIiRCekNGgiGX',433,9,30,'2024-01-24 17:14:04.197485','2024-01-24 17:14:04.197485',NULL),(434,'OUXwPIVXUVXOzo7l6n4l62XW3js5qx',434,9,34,'2024-01-24 17:15:33.275707','2024-01-24 17:15:33.275707',NULL),(435,'Ktn7Uv8vf2V1UeF4eDHtY01TJXUtds',435,9,34,'2024-01-24 17:18:20.248407','2024-01-24 17:18:20.248407',NULL),(436,'wZ7wDNyf0Ufmkgl7VdH40tE1ZnISPH',436,9,34,'2024-01-25 02:46:02.415676','2024-01-25 02:46:02.415676',NULL),(437,'QJ7GVtxeOJX0CaRoFnl2E0Brwyi5Fq',437,9,34,'2024-01-25 03:49:00.201085','2024-01-25 03:49:00.201085',NULL),(438,'j6vrMhCjTpo4mkANyZIS1BjGIGqIAv',438,9,34,'2024-01-25 03:53:03.740659','2024-01-25 03:53:03.740659',NULL),(439,'qniJEDS5pN0hw4PbzMf5h4hNkaucj5',439,9,34,'2024-01-25 04:09:28.749982','2024-01-25 04:09:28.749982',NULL),(440,'sVMPdPPNOsZUnWGt0p8tAZEqCqapcy',440,9,34,'2024-01-25 04:13:44.858729','2024-01-25 04:13:44.858729',NULL),(441,'nooQMdfULVrj9GzcrL9lPzb6L9UaDA',441,9,34,'2024-01-25 04:22:09.410677','2024-01-25 04:22:09.410677',NULL),(442,'cJzvFyEVN3XEnrvabonp4EvA594eTy',442,9,34,'2024-01-25 04:26:33.524302','2024-01-25 04:26:33.524302',NULL),(443,'UGXYAsUvR0ShEktmU29Ro2ykdrpEeS',443,9,34,'2024-01-25 04:28:42.164483','2024-01-25 04:28:42.164483',NULL),(444,'uejPXwz1kWV97cHVax3dcdGYO350Rl',444,9,34,'2024-01-25 04:29:55.500880','2024-01-25 04:29:55.500880',NULL),(445,'JWy6bmInFSfuCmPfinRBdM7qhcRf8u',445,9,34,'2024-01-25 04:31:34.575597','2024-01-25 04:31:34.575597',NULL),(446,'myUDqODHQn9eUfv5aUshMlafBW67an',446,9,34,'2024-01-25 04:49:28.066833','2024-01-25 04:49:28.066833',NULL),(447,'Sdbj9rvyjZSMcb3ZS3vpWr6iLADVv5',447,9,34,'2024-01-25 06:43:55.562326','2024-01-25 06:43:55.562326',NULL),(448,'1zgbhl5GZSY2THO28xpd4WWxH1w4ZU',448,9,34,'2024-01-25 06:45:45.161649','2024-01-25 06:45:45.161649',NULL),(449,'cgw3Q8vMIEr7A1ZkYO5X0ULPQ5X1Ni',449,9,34,'2024-01-25 06:46:10.122703','2024-01-25 06:46:10.122703',NULL),(450,'B1mJogZs3ugWqaxsxbDbKQ9LWMA061',450,9,34,'2024-01-25 06:49:00.903510','2024-01-25 06:49:00.903510',NULL),(451,'w7zGbGuW7iLwSdr64uHQtJtWWxnsZ0',451,9,34,'2024-01-25 06:58:11.571429','2024-01-25 06:58:11.571429',NULL),(452,'5dh47AhbYkjBImfXBOsGKx1fujCHR0',452,9,34,'2024-01-25 07:03:13.442150','2024-01-25 07:03:13.442150',NULL),(453,'nx0bZAoYTIAkBtw047LvhCPhQhziCK',453,9,34,'2024-01-25 07:11:45.287003','2024-01-25 07:11:45.287003',NULL),(454,'ORALGEW6VAliBH79Gmxv7c266Vz1Vu',454,9,34,'2024-01-25 07:22:20.445832','2024-01-25 07:22:20.445832',NULL),(455,'8JqQgPlpuZdCxL9kLXCSvszrQLtDDo',455,9,34,'2024-01-25 07:24:25.846570','2024-01-25 07:24:25.846570',NULL),(456,'FIWsP1hoDDpW3YJe4F7CIBxGlCrIlM',456,9,34,'2024-01-26 03:01:20.320132','2024-01-26 03:01:20.320132',NULL),(457,'mr2GF1SbUXPFVdWYPoxlxGpe9Ux1Lq',457,9,34,'2024-01-26 03:04:04.266342','2024-01-26 03:04:04.266342',NULL),(458,'qJxdIlp0XTNNkhrPn0EH741q55159A',458,9,34,'2024-01-26 03:34:58.095098','2024-01-26 03:34:58.095098',NULL),(459,'sPdYUeslT1EmSUi6BBzF7JBFhsqmGI',459,9,34,'2024-01-26 04:08:29.616389','2024-01-26 04:08:29.616389',NULL),(460,'UyKGXNGJ1TYvF4nZc5phda7d0Pcdwk',460,9,34,'2024-01-26 04:22:14.527917','2024-01-26 04:22:14.527917',NULL),(461,'dIt1fng5zoBBlgur0dThxGPCalYl6l',461,9,34,'2024-01-26 04:28:25.382930','2024-01-26 04:28:25.382930',NULL),(462,'zROWba6OjzTrZJDyruCEY6J5lwRIfo',462,9,34,'2024-01-26 04:28:46.455197','2024-01-26 04:28:46.455197',NULL),(463,'tqP8W422itND1d2fEpDMY5kKzm8llY',463,9,6,'2024-01-26 04:46:07.447035','2024-01-26 04:46:07.447035',NULL),(464,'6LktYSnaUV6f5zIiSyDvxMCZoRZ2TL',464,9,6,'2024-01-26 04:48:26.844864','2024-01-26 04:48:26.844864',NULL),(465,'Oj0icnoOe4pVBQfRzgbOQ377xFkVVD',465,9,6,'2024-01-26 06:38:23.857884','2024-01-26 06:38:23.859389',NULL),(466,'nHlNqtGwrfFP4Hmo4fbKWKHyhKqdwB',466,9,6,'2024-01-26 06:40:58.948033','2024-01-26 06:40:58.948033',NULL),(467,'FjsgBwdIiJ4X5T1xvcbFaeGKxqw65f',467,9,34,'2024-01-26 06:42:16.834497','2024-01-26 06:42:16.834497',NULL),(468,'05TIbXjM1RlxpkrpE8EFdc2DOB7FJC',468,9,6,'2024-01-26 06:42:32.192663','2024-01-26 06:42:32.192663',NULL),(469,'IKitevV1aCjKKJdD9nyWvbBQsmWY3q',469,9,6,'2024-01-26 06:43:09.506007','2024-01-26 06:43:09.506007',NULL),(470,'re9INGsjXOCDhabTNMPRoaTYFUcYTN',470,9,6,'2024-01-26 06:43:16.048205','2024-01-26 06:43:16.048205',NULL),(471,'e71CC8MCB026gnft0XnIl3dFUwMzGJ',471,9,34,'2024-01-26 16:43:17.188256','2024-01-26 16:43:17.188256',NULL),(472,'AfHBLuaYMRUPBS0DK05e1uKLMgDuE0',472,9,8,'2024-01-26 16:54:23.413903','2024-01-26 16:54:23.413903',NULL),(473,'yJcLpiLVG9CUQXExpg8DSeb8mEhceh',473,9,8,'2024-01-26 16:58:19.275494','2024-01-26 16:58:19.275494',NULL),(474,'O4hFPy5BjJ66jxUFJFFznq7brYMXJK',474,9,34,'2024-01-26 18:14:09.152290','2024-01-26 18:14:09.152290',NULL),(475,'g8Tkv3x3xAblFm5Zd9421jkFRzMSHt',475,9,34,'2024-01-26 18:44:01.688514','2024-01-26 18:44:01.688514',NULL),(476,'lpyb40ojvJMi4tGfjrTDt7sVXNPaDw',476,9,34,'2024-01-26 18:51:44.806383','2024-01-26 18:51:44.806383',NULL),(477,'CDmVQT3BVrl4X1vXjrN2zxMhykk4h0',477,9,34,'2024-01-26 18:55:03.750711','2024-01-26 18:55:03.750711',NULL),(478,'8WURpUmgYTGUPzdm0kf6qL3hP9Nx72',478,9,34,'2024-01-26 19:05:41.495543','2024-01-26 19:05:41.495543',NULL),(479,'A3V9yHZ65ScgHcFXUfG09tVvKtSyF7',479,9,34,'2024-01-26 19:05:45.726562','2024-01-26 19:05:45.726562',NULL),(480,'XkLNO1ZobVXxHbicFaOxNsQynFTKKK',480,9,34,'2024-01-26 19:06:39.913272','2024-01-26 19:06:39.913272',NULL),(481,'dG7bSghWmG6049vcdStcf0aDtduxl8',481,9,34,'2024-01-26 19:09:32.302700','2024-01-26 19:09:32.302700',NULL),(482,'QjtdwALcTbHIZZQZ8qZw5TSSSrwDYV',482,9,34,'2024-01-26 19:15:02.124051','2024-01-26 19:15:02.124051',NULL),(483,'UblVwtxtiH03wesBwinkxX0GhgvlcK',483,9,34,'2024-01-26 19:15:29.604175','2024-01-26 19:15:29.604175',NULL),(484,'unp4YDlA4Mwq1PBp915wiEz5GSWpes',484,9,34,'2024-01-26 19:15:48.932510','2024-01-26 19:15:48.932510',NULL),(485,'ahWvRIKtKgQh375mqEn7krZW1EDO2C',485,9,34,'2024-01-26 20:03:17.624090','2024-01-26 20:03:17.624090',NULL),(486,'G4sEiEGUi0YVYk7z9B8ysszmmRq4p8',486,9,34,'2024-01-26 20:11:41.075316','2024-01-26 20:11:41.075316',NULL),(487,'q49mM94kpgIGAfSKvDmJJTDWBapJek',487,9,34,'2024-01-26 20:24:51.058253','2024-01-26 20:24:51.058253',NULL),(488,'DP9ydicYbgWApzjpwbaOOaOGh8sV84',488,9,34,'2024-01-26 20:28:38.740330','2024-01-26 20:28:38.740330',NULL),(489,'ikbAcV7dBqgeVoZEqdXUxrQvMpVZZi',489,9,34,'2024-01-26 20:33:18.167445','2024-01-26 20:33:18.167445',NULL),(490,'wL9RvSRkWPwhAbIqLLwVhVDlCChjay',490,9,34,'2024-01-28 16:41:40.814505','2024-01-28 16:41:40.814505',NULL),(491,'9tCBC6pfF8jHMTxhsAyfyzyxcrYBWY',491,9,34,'2024-01-28 16:42:35.258141','2024-01-28 16:42:35.258141',NULL),(492,'BVWC3jzcxF35IqfJlqrufl4QMIG4PX',492,9,34,'2024-01-28 16:46:44.926244','2024-01-28 16:46:44.926244',NULL),(493,'immoUQYQg6edv7XhMHCrgGsYM9MD3L',493,9,34,'2024-01-28 17:09:46.369819','2024-01-28 17:09:46.369819',NULL),(494,'Ol9ObntftJYa2rRJt4JHVyakfQKfqh',494,9,34,'2024-01-28 17:10:19.582290','2024-01-28 17:10:19.582290',NULL),(495,'tFUW0dijjk4Scu4PKMmaunGw4WD3WT',495,9,34,'2024-01-28 17:22:37.297693','2024-01-28 17:22:37.297693',NULL),(496,'rH4jmIbNiIkQDQztvrt9ezT58V6Qrt',496,9,34,'2024-01-28 18:11:06.503047','2024-01-28 18:11:06.503047',NULL),(497,'77XpLPulEgmnj8yKuL5ha6CKadwyGa',497,9,34,'2024-01-28 18:24:56.117292','2024-01-28 18:24:56.117292',NULL),(498,'I557AnSW7L7GKjzyUChHUzVZVZ3NCv',498,9,34,'2024-01-28 18:58:15.448924','2024-01-28 18:58:15.448924',NULL),(499,'nxhgR3FAUxamO4eXVQWa7Rqlfw1REo',499,9,34,'2024-01-28 19:20:12.775232','2024-01-28 19:20:12.775232',NULL),(500,'lEFPWB1GO1fxtjFYjD0y5LYCRj4vXl',500,9,34,'2024-01-28 19:21:32.941458','2024-01-28 19:21:32.941458',NULL),(501,'tcXCybgI94QFUlp3YjcUWebou7itVd',501,9,34,'2024-01-28 19:24:02.345987','2024-01-28 19:24:02.345987',NULL),(502,'Ol81oiD8XJavolvT8QoE0noU8PfgJ3',502,9,34,'2024-01-28 19:26:48.835002','2024-01-28 19:26:48.835002',NULL),(503,'L30zTvI0RyWOnkmy0K4jctXKrCT8Lt',503,9,34,'2024-01-28 19:48:29.985061','2024-01-28 19:48:29.985061',NULL),(504,'DM1KJj9H4OnZ589pgO58WbnEDEOWtl',504,9,34,'2024-01-28 19:55:56.902698','2024-01-28 19:55:56.902698',NULL),(505,'tLtcZxdyea4RsywAVIPanH6dqfLaWv',505,9,34,'2024-01-29 15:14:24.657079','2024-01-29 15:14:24.657079',NULL),(506,'Qw223CNiCS1BlcX7QCi6oIR43rCy7c',506,9,34,'2024-01-29 15:17:39.459533','2024-01-29 15:17:39.459533',NULL),(507,'hofWT8tj7WwaXekgFFt5ZEupCgSqoU',507,9,34,'2024-01-29 15:22:12.096951','2024-01-29 15:22:12.096951',NULL),(508,'iFzlSr0aEVEpUIa3Y8wGGF712BmX7v',508,9,34,'2024-01-29 15:31:31.879041','2024-01-29 15:31:31.879041',NULL),(509,'sMgkAe56LZEfmLldsJE7va1bGngR9x',509,9,34,'2024-01-29 15:50:13.636352','2024-01-29 15:50:13.636352',NULL),(510,'ya35hULDgTPk87yzXCjtp9fEwXwDE4',510,9,34,'2024-01-29 16:16:52.568197','2024-01-29 16:16:52.568197',NULL),(511,'RLlLmdYZAEalrEQvQqynUjZSkBdGyv',511,9,34,'2024-01-29 16:19:36.611057','2024-01-29 16:19:36.611057',NULL),(512,'1RduapuGFmAH7IvDaB2QfJef5cVkT8',512,9,34,'2024-01-29 16:28:26.883417','2024-01-29 16:28:26.883417',NULL),(513,'7GlQSjX0qbZGd5FePI6PhMOnqeEITc',513,9,34,'2024-01-29 17:08:32.451086','2024-01-29 17:08:32.451086',NULL),(514,'kyGBJvjZIs4SpgTapB7Bj9iULEUO8U',514,9,34,'2024-01-29 17:12:32.991951','2024-01-29 17:12:32.991951',NULL),(515,'0y5yUYuZO6hPSRekCTXzbup9iwIarX',515,9,34,'2024-01-29 17:15:44.520737','2024-01-29 17:15:44.520737',NULL),(516,'QgCe6IKLPvGBijaezaUvarE4poz2wC',516,9,34,'2024-01-29 17:17:39.204448','2024-01-29 17:17:39.204448',NULL),(517,'X5qAbzhm0M0MjQGIiC1ASaOc70okD6',517,9,34,'2024-01-29 17:18:41.096245','2024-01-29 17:18:41.096245',NULL),(518,'cJMpZZilbewiZKUIJNXiyZnBrpuxxP',518,9,34,'2024-01-29 17:19:14.326218','2024-01-29 17:19:14.326218',NULL),(519,'OTpT6LaDoBQw78Tl98NdhuyipCwHnX',519,9,34,'2024-01-29 17:26:39.264129','2024-01-29 17:26:39.264129',NULL),(520,'mmRSTmUfy5sFSa1Xv6j785lmIFZQT3',520,9,34,'2024-01-29 17:28:12.560211','2024-01-29 17:28:12.560211',NULL),(521,'nMp10c7J6N3zrvQaFR04vptjj4hIkO',521,9,34,'2024-01-29 17:39:25.035277','2024-01-29 17:39:25.035277',NULL),(522,'W1m4js4hUt9lwJXNMudXOXJMb42t67',522,9,34,'2024-01-30 13:25:34.750282','2024-01-30 13:25:34.750282',NULL),(523,'hKu8CdfdDEZ5KA8SoCogM6DRGLM4dD',523,9,34,'2024-01-30 13:29:47.292265','2024-01-30 13:29:47.292265',NULL),(524,'oIHnbsv9og37K5L8jPf1NDy9GjbJne',524,9,8,'2024-01-30 13:31:30.091674','2024-01-30 13:31:30.091674',NULL),(525,'tUJmISaQt7zC66zcJ5bqQKQCvwNFYd',525,9,6,'2024-01-30 13:31:43.964386','2024-01-30 13:31:43.964386',NULL),(526,'wKtjgWTmGv70Wb3JZ4D8hQKasachnf',526,9,34,'2024-01-30 13:32:16.011888','2024-01-30 13:32:16.011888',NULL),(527,'5Yyxy6WFnOj36avDhwsS2OrVuoZiMc',527,9,34,'2024-01-30 13:35:16.272470','2024-01-30 13:35:16.272470',NULL),(528,'r4o9NIz6p0v9HMAbXPsVfTuQbfYq58',528,9,34,'2024-01-30 14:33:17.384870','2024-01-30 14:33:17.384870',NULL),(529,'CMJRFmUUI0onaIJmADxSUFkMzqaFxt',529,9,34,'2024-01-30 16:11:20.956929','2024-01-30 16:11:20.956929',NULL),(530,'Z5E3yX6LXk2tGAZBP8Xsy7Wmj0kvsU',530,9,34,'2024-01-30 16:16:01.999097','2024-01-30 16:16:01.999097',NULL),(531,'ai6P5zkB0tl8E1tWb3pMEEIVWddwuJ',531,9,34,'2024-01-30 16:20:44.933907','2024-01-30 16:20:44.933907',NULL),(532,'f5UQIC4tVHdVRQ6SNle2rJDhqqhi1f',532,9,8,'2024-02-11 15:39:27.192628','2024-02-11 15:39:27.192628',NULL),(533,'OjuDD0JypLyGspUPB3HzxrU4tlpOnV',533,9,8,'2024-02-15 05:28:22.870697','2024-02-15 05:28:22.870697',NULL),(534,'MySCbTHi1X4TX9DhKXFmtMJZy1E4Z9',534,9,8,'2024-02-16 12:56:12.870881','2024-02-16 12:56:12.870881',NULL),(535,'L8egW9c1s8YamGutMvDxaSkjQfrcYP',535,9,8,'2024-02-16 13:00:15.274840','2024-02-16 13:00:15.274840',NULL),(536,'0hm0u3AS6qJsgfCkp1whpHH4pTNNQR',536,9,8,'2024-02-17 02:31:17.922619','2024-02-17 02:31:17.922619',NULL),(537,'HxZfdLU3MsKkQhWHNdRRN5TJmM4nVQ',537,9,8,'2024-02-17 03:52:45.612726','2024-02-17 03:52:45.612726',NULL),(538,'e6cKOkC08w5GTfeTYLHviduurzaX9h',538,9,8,'2024-02-17 03:56:37.677092','2024-02-17 03:56:37.677092',NULL),(539,'dcBtcdIamHx7NZNur4LxT5DCEg8Pip',539,9,8,'2024-02-17 03:58:39.090100','2024-02-17 03:58:39.090100',NULL),(540,'eFMgNrVX1dfw6cAJT6e8CVG9KeB9zy',540,9,8,'2024-02-17 04:02:59.731250','2024-02-17 04:02:59.731250',NULL),(541,'8U0HXzeXxsIcXzqxNI4BVe6rEjbunr',541,9,8,'2024-02-17 04:11:13.212929','2024-02-17 04:11:13.212929',NULL),(542,'oqBpkEUWLsTsWb06BnaitbOwh2HMxK',542,9,8,'2024-02-17 04:33:42.718106','2024-02-17 04:33:42.718106',NULL),(543,'A5qNGjcUG9NhYP8drFcDcuLSwupAL7',543,9,8,'2024-02-17 04:44:17.463708','2024-02-17 04:44:17.463708',NULL),(544,'Bcll6pSAEQxdseUJQDTKIzWru0012e',544,9,8,'2024-02-17 07:36:11.725127','2024-02-17 07:36:11.725127',NULL),(545,'DnvVcAverhuiEvCMc9pTaL4LER5EqQ',545,9,8,'2024-02-17 07:38:26.925970','2024-02-17 07:38:26.925970',NULL),(546,'XvzNo5Cuv3iBsEhs6nun01vnYssamq',546,9,6,'2024-02-17 08:33:08.297349','2024-02-17 08:33:08.297349',NULL),(547,'T9lzIlPglaEOBeyMqtpQpBZAdIyfev',547,9,6,'2024-02-17 08:35:31.879772','2024-02-17 08:35:31.879772',NULL),(548,'FLz2XtawxpEx64xsvLVQj9zCqBKMtc',548,9,6,'2024-02-17 08:38:00.749661','2024-02-17 08:38:00.749661',NULL),(549,'EqaTk5CGbBeOH926Kaq55A44PndSdl',549,9,6,'2024-02-17 08:40:23.313621','2024-02-17 08:40:23.313621',NULL),(550,'WN22cdObnUb8lIBjqamZhLqROEZ4HN',550,9,6,'2024-02-17 08:41:16.690637','2024-02-17 08:41:16.690637',NULL),(551,'gqlwVQMK0Fi6mwaAaE62oTQ0T87YZv',551,9,6,'2024-02-18 02:07:17.658028','2024-02-18 02:07:17.658028',NULL),(552,'9e0kvt4fzMWlRyRwwXiSQAz5r335nr',552,9,6,'2024-02-18 02:07:55.309953','2024-02-18 02:07:55.309953',NULL),(553,'RHqraEyilyxcMdfc2axTh9RE3eayFk',553,9,6,'2024-02-18 02:24:34.202050','2024-02-18 02:24:34.202050',NULL),(554,'jwj6gfkSTXqaAaChNpAaschXDWhWAF',554,9,6,'2024-02-18 02:24:51.078038','2024-02-18 02:24:51.078038',NULL),(555,'h0N5uQgpJC5M4OP38mVOr1QShmK2ZK',555,9,6,'2024-02-18 02:25:54.829706','2024-02-18 02:25:54.829706',NULL),(556,'FBzka3ma4AblNWDFco7g3Z5df3vub7',556,9,6,'2024-02-18 02:26:17.442316','2024-02-18 02:26:17.442316',NULL),(557,'OxCEOB96Ti0E5a8sjuzSmJ9u1hzV7q',557,9,6,'2024-02-18 02:27:03.185031','2024-02-18 02:27:03.185031',NULL),(558,'r9XtuKNfztl86SS4iR4S0ALGBeZfUC',558,9,6,'2024-02-18 03:00:45.009905','2024-02-18 03:00:45.009905',NULL),(559,'5P6mJaHDRZTps2JvSIQoGXseAjiQI0',559,9,6,'2024-02-18 03:01:07.918803','2024-02-18 03:01:07.918803',NULL),(560,'98k6uOEfx6W4xi3VBlDLNtLUUYloFc',560,9,6,'2024-02-18 03:05:37.054349','2024-02-18 03:05:37.054349',NULL),(561,'SP0zHpQ7SIZgMHi7ZiIhF7UY1jpMlG',561,9,6,'2024-02-18 03:07:13.843868','2024-02-18 03:07:13.843868',NULL),(562,'sBYSg3bViW2fLa0MxNCbFtkQY6GtIo',562,9,6,'2024-02-18 03:07:41.792659','2024-02-18 03:07:41.792659',NULL),(563,'KttWZKRIMLhvEJuSxwxloOXRCqC2gE',563,9,6,'2024-02-18 03:08:11.318924','2024-02-18 03:08:11.318924',NULL),(564,'mJMI0Vfy3wLw3oafAi5E19mFA00lwd',564,9,8,'2024-02-18 03:15:22.613619','2024-02-18 03:15:22.613619',NULL),(565,'4hltcOPIDV5IjLyyZ8yXkkxNYltsXn',565,9,8,'2024-02-18 03:28:26.596914','2024-02-18 03:28:26.596914',NULL),(566,'BQy1IH6C7Bkkzt5Ei8zANdiJWIEkzB',566,9,8,'2024-02-18 03:29:45.675580','2024-02-18 03:29:45.675580',NULL),(567,'PS7lREfRGj4Zedz7PVUkmjQHjzgtW1',567,9,8,'2024-02-18 03:33:18.757780','2024-02-18 03:33:18.757780',NULL),(568,'9C472QCCPSyx70eMHkwbnJxZ569Jok',568,9,6,'2024-02-18 03:42:57.020820','2024-02-18 03:42:57.020820',NULL),(569,'mbOMt3wabJQK6Mhqw62ZYji7OToVNj',569,9,6,'2024-02-18 03:49:33.513391','2024-02-18 03:49:33.513391',NULL),(570,'0EqgD5LMHcAhnz7H3OYH4nOhcbAaHF',570,9,6,'2024-02-19 08:05:19.346731','2024-02-19 08:05:19.346731',NULL),(571,'cOu92F8DopG1jDfLFxkLBBMr3Cv3bV',571,9,6,'2024-02-19 08:05:34.358296','2024-02-19 08:05:34.358296',NULL),(572,'MFQUUhR0t1v3QAlbNTukBboSwXy17e',572,9,6,'2024-02-19 08:05:44.345876','2024-02-19 08:05:44.345876',NULL),(573,'MRV6akFYOaWAZbDahbTrmNuYY2yoOe',573,9,8,'2024-02-19 08:06:01.887526','2024-02-19 08:06:01.887526',NULL),(574,'1IzZuWGFwf9huQvSy3QvFkg1wksmXi',574,9,8,'2024-02-19 08:06:55.661041','2024-02-19 08:06:55.661041',NULL),(575,'8d5UdjKexyQl6QH9cw9CyTqJae7exG',575,9,8,'2024-02-19 08:21:39.995680','2024-02-19 08:21:39.995680',NULL),(576,'VaDGU6JQ1ZAZ4NHND0yXuoRpUQOcR3',576,9,8,'2024-02-19 08:39:08.559183','2024-02-19 08:39:08.559183',NULL),(577,'YWYJvaXYQjFjwJBmeD5qXXnwtZ97ob',577,9,8,'2024-02-19 08:50:25.880319','2024-02-19 08:50:25.880319',NULL),(578,'eWSAjuksWkT84cht9B41wvbd8YPTBs',578,9,8,'2024-02-19 09:08:59.144868','2024-02-19 09:08:59.144868',NULL),(579,'xj2rDAnF2Xmr2BzocOIZk6HMMCVPtW',579,9,8,'2024-02-20 03:30:25.783145','2024-02-20 03:30:25.783145',NULL),(580,'mE3eLx6TaJbccwF80R8dtAYJX4vBTn',580,9,8,'2024-02-20 03:49:52.075417','2024-02-20 03:49:52.075417',NULL),(581,'SWpbK3ZPeeGu23t8EJXr0Idm8s9Ub2',581,9,8,'2024-02-20 03:50:26.282403','2024-02-20 03:50:26.282403',NULL),(582,'HMVdgSF2VgOFJGHRx28IieU79okvrp',582,9,8,'2024-02-20 03:51:37.865555','2024-02-20 03:51:37.865555',NULL),(583,'pC092uWvZ0bx9a0EOQniooh084zlLO',583,9,8,'2024-02-20 03:53:26.827780','2024-02-20 03:53:26.827780',NULL),(584,'KZhGd3WC85hC7MrrGTol08xGfSt4Xn',584,9,8,'2024-02-20 03:53:47.345733','2024-02-20 03:53:47.345733',NULL),(585,'UDeMEqDOlSX0NpvZ8HnagVCBtbw2T8',585,9,8,'2024-02-20 03:54:43.673520','2024-02-20 03:54:43.673520',NULL),(586,'gMnhNvf49a8WHsaBcqSPMRBpVU4MAa',586,9,8,'2024-02-20 04:34:11.928823','2024-02-20 04:34:11.928823',NULL),(587,'mFoCz0R0Mcd5iCerqCuiKxRQVVXGZT',587,9,8,'2024-02-20 04:40:00.041324','2024-02-20 04:40:00.041324',NULL),(588,'RBdjkuZEEjNpeoyI6pNKhNJDqb2M71',588,9,8,'2024-02-20 04:42:20.722447','2024-02-20 04:42:20.722447',NULL),(589,'5xkoe6bPv8wgHi1QO6Tg6WN3WZpUsM',589,9,6,'2024-02-20 04:42:34.007802','2024-02-20 04:42:34.007802',NULL),(590,'SDtEw65Qh8r7FrhGmWWHe653w8Mv49',590,9,8,'2024-02-20 04:46:10.382870','2024-02-20 04:46:10.382870',NULL),(591,'bJULEx663wptDpdAkAKaXh3mYxUPTq',591,9,8,'2024-02-20 04:47:02.014265','2024-02-20 04:47:02.014265',NULL),(592,'JqovtvOkckcqjclVpcM5lu9RioXYWs',592,9,8,'2024-02-20 04:50:12.610279','2024-02-20 04:50:12.610279',NULL),(593,'zeZxnVW5l5IC43PxXuAcXr58WTpWZT',593,9,8,'2024-02-20 04:52:20.344430','2024-02-20 04:52:20.344430',NULL),(594,'shdrXIWaXPmAfqQ7MMvFKzthjyAYNd',594,9,8,'2024-02-20 04:54:43.690454','2024-02-20 04:54:43.690454',NULL),(595,'2LLSUsa65zfcWOQVfMwFQHFLkzQsAL',595,9,6,'2024-02-20 04:56:05.221560','2024-02-20 04:56:05.221560',NULL),(596,'YjyvDwtY2ZnoWb6ZbMYlz5hcGaQIDj',596,9,6,'2024-02-20 04:57:31.833780','2024-02-20 04:57:31.833780',NULL),(597,'WNgmioCcYJngfzuYJxFj3aVCWuNMi0',597,9,6,'2024-02-20 04:58:03.951395','2024-02-20 04:58:03.951395',NULL),(598,'kB7h6JUCoTVCIkOZ25rKUQdIsDQzDe',598,9,8,'2024-02-20 05:03:27.291156','2024-02-20 05:03:27.291156',NULL),(599,'wOad7YmUFmt8hKY0iD7k3AQ3HiNUxs',599,9,8,'2024-02-20 05:04:53.931840','2024-02-20 05:04:53.931840',NULL),(600,'eeocxPcV1mlnaJTSHSX2DqhaFnobER',600,9,8,'2024-02-20 05:15:02.581435','2024-02-20 05:15:02.581435',NULL),(601,'QITceNiQd9cGzqgOY5lM2su3MnSiSp',601,9,8,'2024-02-20 05:16:26.456197','2024-02-20 05:16:26.456197',NULL),(602,'6pxJ7cu0wM1ObmgAkRYZIya6SgKdQK',602,9,8,'2024-02-20 05:16:38.837814','2024-02-20 05:16:38.837814',NULL),(603,'dNMe7UhqFUJbzjWvN9y4oLiyn3qFvW',603,9,8,'2024-02-20 05:45:01.060585','2024-02-20 05:45:01.060585',NULL),(604,'d7CWyWwQyUGCYypFKGG8LvDyynFssk',604,9,8,'2024-02-20 05:47:34.216752','2024-02-20 05:47:34.216752',NULL),(605,'7pylkjuFEBgCkT6uSS4Ybwp37Cp0FL',605,9,8,'2024-02-20 06:05:56.861070','2024-02-20 06:05:56.861070',NULL),(606,'Q9c1b4RVztg7TE1wgrT4KQ16sjo6pW',606,9,8,'2024-02-20 06:09:34.798651','2024-02-20 06:09:34.798651',NULL),(607,'WunMKRxaBPJRZjHqZhuZRUBIT4acxD',607,9,8,'2024-02-20 06:10:18.864815','2024-02-20 06:10:18.864815',NULL),(608,'hJ7MbGj7hMvkKaShdAa3AVDJUQ1xbc',608,9,8,'2024-02-20 06:12:08.709282','2024-02-20 06:12:08.709282',NULL),(609,'4ZC1z0vFeh9acdhQhDxZYs3armIcEP',609,9,8,'2024-02-20 06:21:10.674830','2024-02-20 06:21:10.674830',NULL),(610,'A7cxtGVCWWwHzr8VkDpV0IZK7kg997',610,9,8,'2024-02-20 06:21:53.821672','2024-02-20 06:21:53.821672',NULL),(611,'JpbTQaJYEhlaE4IKGs3lyNy1Cvt9mH',611,9,8,'2024-02-20 06:23:18.794879','2024-02-20 06:23:18.794879',NULL),(612,'MaSv2rySb1swLDRlR8LGMnruZv9w2T',612,9,8,'2024-02-20 06:26:34.318315','2024-02-20 06:26:34.318315',NULL),(613,'9kVu2jMK4uIkOycnc6p6uwp2kUn0TO',613,9,8,'2024-02-20 06:33:50.370353','2024-02-20 06:33:50.370353',NULL),(614,'MR5JoAgOQNBI9infNn3qMogJkCiS4X',614,9,8,'2024-02-20 06:36:13.231329','2024-02-20 06:36:13.231329',NULL),(615,'KJV1RknY8BCKtsm1vHoMaptEsNiy4z',615,9,8,'2024-02-20 06:36:30.353625','2024-02-20 06:36:30.353625',NULL),(616,'WVWPYto8S1STmEOm1vMIvk80E9ZQNs',616,9,6,'2024-02-20 06:46:46.139608','2024-02-20 06:46:46.139608',NULL),(617,'S7iSmQYrlQPVunOMBCSev3vCmBIWt0',617,9,6,'2024-02-20 06:54:22.636553','2024-02-20 06:54:22.636553',NULL),(618,'fgI519Httif5FpzsBMZc6Ppr3lb0hP',618,9,6,'2024-02-20 06:55:01.556484','2024-02-20 06:55:01.556484',NULL),(619,'qyQ5ppa2jtBSCbWPTECOtqIF0njj5E',619,9,6,'2024-02-20 06:57:38.145708','2024-02-20 06:57:38.145708',NULL),(620,'MwHhYCpEVukhQV9wlGdlqGmp1uTNjb',620,9,6,'2024-02-20 06:58:06.778330','2024-02-20 06:58:06.778330',NULL),(621,'D7cNNQs7J81N2xcZJC6RaDXfmEymO9',621,9,6,'2024-02-20 07:01:18.554078','2024-02-20 07:01:18.554078',NULL),(622,'g72hdc4pGL5F6kgBB1NeSj8sw9Ib5E',622,9,6,'2024-02-20 07:04:16.979088','2024-02-20 07:04:16.979088',NULL),(623,'0tG7mRz21QXgQF8OPz6W2jU996H9u0',623,9,6,'2024-02-20 07:04:41.071892','2024-02-20 07:04:41.071892',NULL),(624,'i8G1fXoIe5BnRnu7uVSb943mu1rArv',624,9,6,'2024-02-20 07:05:01.527894','2024-02-20 07:05:01.527894',NULL),(625,'9k30VdRLlZ4OT3BXNAA3z9GyfEd5cK',625,9,6,'2024-02-20 07:11:20.566963','2024-02-20 07:11:20.566963',NULL),(626,'EBYLGoydpKuBDyfZpYNkKw1qD2ivNv',626,9,6,'2024-02-20 07:11:34.091705','2024-02-20 07:11:34.091705',NULL),(627,'55DkQRflV52TKGuSqp0zyjY8xjYgdK',627,9,8,'2024-02-20 07:17:24.707678','2024-02-20 07:17:24.707678',NULL),(628,'GnlW0136Ms7KBxx5beM2QYIX0pwBST',628,9,8,'2024-02-20 07:25:29.848399','2024-02-20 07:25:29.848399',NULL),(629,'DQTIfZVBY6RtUlXdS5ErHjYvlRabR4',629,9,8,'2024-02-20 07:27:15.177653','2024-02-20 07:27:15.177653',NULL),(630,'FBvyOFGZ1ecF0yF4p78RlCUVzU7KcO',630,9,8,'2024-02-20 07:29:11.221590','2024-02-20 07:29:11.221590',NULL),(631,'iVGx1HgQ9VUdDMNMxnJBGY3sv7tWBr',631,9,8,'2024-02-20 07:41:42.364806','2024-02-20 07:41:42.364806',NULL),(632,'BGgBKifTl2WS2VG1PCrwxrAftquV1y',632,9,8,'2024-02-20 07:42:49.610622','2024-02-20 07:42:49.610622',NULL),(633,'7tGG9WITfyph3yHIf6LXNXpV7mSnZr',633,9,8,'2024-02-20 08:35:26.684819','2024-02-20 08:35:26.684819',NULL),(634,'wBqIHNwg2rCGBW2cTJtq8s8GmfP7Fn',634,9,8,'2024-02-20 08:37:12.818642','2024-02-20 08:37:12.818642',NULL),(635,'dIAOo5iAmcihgx5oH3Q4b0ziscwm9U',635,9,8,'2024-02-20 08:43:14.304806','2024-02-20 08:43:14.304806',NULL),(636,'ChSPG8KUxZOkL6FFsgp9L8lHxcHw4d',636,9,8,'2024-02-20 08:43:53.832156','2024-02-20 08:43:53.832156',NULL),(637,'iXUkcaYzEmFb7hJanKipKIYDfSn31r',637,9,8,'2024-02-20 14:23:47.335724','2024-02-20 14:23:47.335724',NULL),(638,'9WGKXymvAXL471RfKWMyq2jVxFQA2o',638,9,8,'2024-02-20 14:29:53.833876','2024-02-20 14:29:53.833876',NULL),(639,'UcvCMAdhXACTydRBQvAs0UdD6qLLbV',639,9,8,'2024-02-20 14:31:27.502038','2024-02-20 14:31:27.502038',NULL),(640,'cf9i32kjp9DcoORWn8fHSOPyGGijXx',640,9,8,'2024-02-20 14:34:44.214960','2024-02-20 14:34:44.214960',NULL),(641,'7wLk1QiRejdH28zPw0Q9tJFIjtllNm',641,9,8,'2024-02-20 14:35:09.248024','2024-02-20 14:35:09.248024',NULL),(642,'0KjnoiKsUkFvdUHEG5EjGF787dDsdO',642,9,8,'2024-02-20 14:36:54.330327','2024-02-20 14:36:54.330327',NULL),(643,'qpdnnBW3VUTJeV92f0Qb49ftkCQncy',643,9,8,'2024-02-20 14:45:17.012556','2024-02-20 14:45:17.012556',NULL),(644,'fTaKafk1BysDFocxwwKsXmoFM1FGAF',644,9,8,'2024-02-20 14:50:44.735808','2024-02-20 14:50:44.735808',NULL),(645,'fgSfoPc7SFyNEGX3PKhKz7VRGZ9tKZ',645,9,8,'2024-02-20 14:54:18.199782','2024-02-20 14:54:18.199782',NULL),(646,'QyC6Ty5IIdGGoDdYZFgwza5IbCq5Bt',646,9,8,'2024-02-20 15:14:48.241990','2024-02-20 15:14:48.241990',NULL),(647,'PJwOmot8PbRDbIvj2Ki3zVhPHQ1LY2',647,9,8,'2024-02-20 15:17:07.760344','2024-02-20 15:17:07.760344',NULL),(648,'x15QhGUiFMlyiPXM1CbFpYEiafkbgG',648,9,8,'2024-02-20 15:17:53.201957','2024-02-20 15:17:53.201957',NULL),(649,'Pvg8OyjLfSanEDggvTH4Ylgme0VjnS',649,9,8,'2024-02-20 15:18:56.694240','2024-02-20 15:18:56.694240',NULL),(650,'XlxHxfq80aViIJA1uC9Jt4lObWwQBn',650,9,8,'2024-02-20 15:22:38.823197','2024-02-20 15:22:38.823197',NULL),(651,'37BMfpInsla81cbaccCF7M672cv94g',651,9,8,'2024-02-20 15:52:49.304473','2024-02-20 15:52:49.304473',NULL),(652,'dTMPMye2fz6cEaP9OdBdko60OXKsxQ',652,9,8,'2024-02-20 15:56:12.283281','2024-02-20 15:56:12.283281',NULL),(653,'xy9Y2gKGWQDyyyOfwAryuWjsnT0uwu',653,9,8,'2024-02-20 16:29:25.209915','2024-02-20 16:29:25.209915',NULL),(654,'Mkm8bQ7MrClddiNdsQlP2yfCHn6aWf',654,9,8,'2024-02-20 16:43:57.916222','2024-02-20 16:43:57.916222',NULL),(655,'CkZzSh2JG5ok4MHWCqzVvb5kRaD3Gu',655,9,8,'2024-02-20 16:48:31.301850','2024-02-20 16:48:31.301850',NULL),(656,'xx2yI8R3pc5F66CBX1GUL9UiUqKkOw',656,9,8,'2024-02-20 17:06:42.406882','2024-02-20 17:06:42.406882',NULL),(657,'qu8k648MTQnf0CPJ3o9gaB2wMnUYFz',657,9,47,'2024-02-20 17:14:31.095762','2024-02-20 17:14:31.095762',NULL),(658,'bhp3aheOeatFr7f5EN6qhDPgAOAuMj',658,9,47,'2024-02-20 17:36:08.239917','2024-02-20 17:36:08.239917',NULL),(659,'VJlNjusaZv1pp40Bm8SyVKRHYSPRIf',659,9,8,'2024-02-20 17:42:59.833885','2024-02-20 17:42:59.833885',NULL),(660,'dS9O9uXUCMdiQFMU4iY60CTUt3o72h',660,9,6,'2024-02-20 17:49:00.124222','2024-02-20 17:49:00.124222',NULL),(661,'JCX85sugIddI5ilHtbmRuG5KPqjWIg',661,9,6,'2024-02-20 17:51:57.849812','2024-02-20 17:51:57.849812',NULL),(662,'XdRvm0XCr8tdjbzH1dgZTQeYHxZIbP',662,9,6,'2024-02-20 17:53:12.632599','2024-02-20 17:53:12.632599',NULL),(663,'KbF93msIEIk080pGSkubnvS8TGxkEg',663,9,6,'2024-02-20 17:53:37.742300','2024-02-20 17:53:37.742300',NULL),(664,'ovBn7GTzw8uxkFYgeacwjPV1O0pRU5',664,9,8,'2024-02-21 06:15:37.978833','2024-02-21 06:15:37.978833',NULL),(665,'IWuZcoQjsNotzfYVtGty93N8MvCnzH',665,9,8,'2024-02-21 06:21:35.708648','2024-02-21 06:21:35.708648',NULL),(666,'4ribZZFqAiMb6WxpEmIbl59LvdAW5t',666,9,6,'2024-02-21 06:49:25.619454','2024-02-21 06:49:25.620464',NULL),(667,'yzzWzTQVGbgcwbrYYHTovpiqGsXLHT',667,9,6,'2024-02-21 06:55:12.002230','2024-02-21 06:55:12.002230',NULL),(668,'cWUafEq7GFCyXibytmbKFx9AFRe60U',668,9,6,'2024-02-21 06:59:42.724519','2024-02-21 06:59:42.724519',NULL),(669,'6m1T9AzcCtUuQ7bJXgvklOLD1Zi9Mh',669,9,6,'2024-02-21 07:00:09.577065','2024-02-21 07:00:09.577065',NULL),(670,'MVzFPHlGUrxiXMsLTYRLf4K97etbfD',670,9,6,'2024-02-21 07:04:01.612780','2024-02-21 07:04:01.612780',NULL),(671,'mAm3o6mAeNS0k4ivhW9D2ZO78bcfe6',671,9,6,'2024-02-21 07:09:35.659618','2024-02-21 07:09:35.659618',NULL),(672,'VhpvJHB5Jvjvw7HS9xhFk4u7mjlkDP',672,9,6,'2024-02-21 07:23:59.063728','2024-02-21 07:23:59.063728',NULL),(673,'FvZMZ8iV08LuLHhunaQbuTRVxBCA59',673,9,6,'2024-02-21 07:42:32.118243','2024-02-21 07:42:32.118243',NULL),(674,'Sye9B64S2tjD2rLeJrwiH9cnOPVIHi',674,9,6,'2024-02-21 07:49:03.921061','2024-02-21 07:49:03.921061',NULL),(675,'b0SAZvvTZQfMPse98Oo4XWG0RjCIjD',675,9,6,'2024-02-21 07:49:57.379552','2024-02-21 07:49:57.381058',NULL),(676,'jL8q0vAjumDISJMzA0JFBAoUDigdEv',676,9,6,'2024-02-21 07:58:56.813263','2024-02-21 07:58:56.813263',NULL),(677,'iF3L4S7aEctJq236Ii8WQjkRqvNBir',677,9,6,'2024-02-21 08:05:57.858654','2024-02-21 08:05:57.858654',NULL),(678,'g3ewGfp0MWIOhB7Sxe3q8PJMnntxUw',678,9,6,'2024-02-21 08:09:50.233699','2024-02-21 08:09:50.233699',NULL),(679,'bSxKv9EXvVeNcFplLSLnL2g8Qq4gcd',679,9,6,'2024-02-21 08:14:20.659946','2024-02-21 08:14:20.659946',NULL),(680,'zFC5AyJgp6b8tyRtrwRgBqzHL4uLFK',680,9,6,'2024-02-21 08:34:03.396955','2024-02-21 08:34:03.396955',NULL),(681,'3tlhijsAp3k4A73vA5vTZOiOH2CCh8',681,9,6,'2024-02-21 08:43:23.548258','2024-02-21 08:43:23.548258',NULL),(682,'fIcLXgfY4mbtOYHi6Q1A92Rd5BGVlO',682,9,6,'2024-02-21 08:43:23.676098','2024-02-21 08:43:23.676098',NULL),(683,'QInNMBBH9q0I9FIvYxPJ9CtnxfBY4W',683,9,6,'2024-02-21 09:08:54.364450','2024-02-21 09:08:54.364450',NULL),(684,'wSZR0TiWS2UIEflc4WBwQlZSudWYok',684,9,6,'2024-02-21 09:20:42.152906','2024-02-21 09:20:42.152906',NULL),(685,'FXOH6GAt5rJI7InjPjXATpQweCqvxe',685,9,6,'2024-02-21 09:31:30.643291','2024-02-21 09:31:30.643291',NULL),(686,'b6VQsp91dy4C4JHPbRYL1OUX9rmjfF',686,9,8,'2024-02-21 15:04:52.333011','2024-02-21 15:04:52.333011',NULL),(687,'vTYKAxMYn9u51ytX8iBiqYC3OybrER',687,9,8,'2024-02-21 15:08:05.796358','2024-02-21 15:08:05.796358',NULL),(688,'gpG1WgxCPuOAnw3KLxB7DdtEk2qeaa',688,9,8,'2024-02-21 15:48:25.963271','2024-02-21 15:48:25.963271',NULL),(689,'SRZVQky3JGZeeCwaLvagn1dEX1aV8s',689,9,8,'2024-02-21 15:53:53.190008','2024-02-21 15:53:53.190008',NULL),(690,'AS7ck7jVAYqTp0INSLkQSytJCStYm0',690,9,8,'2024-02-21 16:23:10.682850','2024-02-21 16:23:10.682850',NULL),(691,'TsbXduNp6ZXR5cQ4R734FXEbRELrvE',691,9,8,'2024-02-21 16:37:47.504043','2024-02-21 16:37:47.504043',NULL),(692,'KvUcU3XCsoI7lpSGMshB7JxGekQOwr',692,9,8,'2024-02-21 16:51:45.996201','2024-02-21 16:51:45.996201',NULL),(693,'dsgXy2Wh21MTqZVWDVXr1aL7t2ehW9',693,9,8,'2024-02-21 17:02:53.461440','2024-02-21 17:02:53.462437',NULL),(694,'WxXVNinrgPtytN83aTAOso5ehzcFzg',694,9,8,'2024-02-21 17:04:06.212855','2024-02-21 17:04:06.212855',NULL),(695,'suXUrUfBAPHf2tUV16kIVe42m26UWr',695,9,8,'2024-02-21 17:38:12.232284','2024-02-21 17:38:12.232788',NULL),(696,'9isAP8Xx9SYJDebr4U56s71mi8Tgka',696,9,8,'2024-02-22 14:49:28.884549','2024-02-22 14:49:28.884549',NULL),(697,'73rypRvgi1BCcp38vNwvp93s3BZeBE',697,9,8,'2024-02-22 15:46:06.617244','2024-02-22 15:46:06.617244',NULL),(698,'Ekj6MjV6xmCya0CUM4KFvohNc9d14E',698,9,8,'2024-02-22 15:53:52.693851','2024-02-22 15:53:52.693851',NULL),(699,'Zm5874GrQO643WSBo7oe1hB4h24U91',699,9,8,'2024-02-22 16:25:07.221270','2024-02-22 16:25:07.221270',NULL),(700,'6Fe42TNUhnNfNUnMZdyiSztjehqwqU',700,9,8,'2024-02-22 16:54:53.316241','2024-02-22 16:54:53.316241',NULL),(701,'acUaVu4JIU2mQVHaL1A0Jva133F5yh',701,9,8,'2024-02-22 16:58:05.822507','2024-02-22 16:58:05.822507',NULL),(702,'rY4W0j6WAqVh5Q2xhv8gOzugEv4sKS',702,9,8,'2024-02-22 17:04:59.259887','2024-02-22 17:04:59.259887',NULL),(703,'lnhWwAY7qTIQNwyy9azCb3kJ7jy7UN',703,9,8,'2024-02-22 17:12:09.070599','2024-02-22 17:12:09.070599',NULL),(704,'3BFO8Ga1WtAfk1k6q4AhaLzRgacKz7',704,9,8,'2024-02-22 18:22:46.860754','2024-02-22 18:22:46.860754',NULL),(705,'vzrvALildWss6YYaP8MdvzGVz3xiO3',705,9,8,'2024-02-22 18:23:22.398172','2024-02-22 18:23:22.398172',NULL),(706,'3NWzPhYThm3GZ8ct1g6WF0wRcGRBBZ',706,9,8,'2024-02-22 18:37:52.334661','2024-02-22 18:37:52.334661',NULL),(707,'ZQojUcoUh6XJsEq6M5nzB1BWbFKXG6',707,9,8,'2024-02-22 18:42:25.773635','2024-02-22 18:42:25.773635',NULL),(708,'8cCMdBo1Cg7rqEIuxglt82bj16ec4l',708,9,8,'2024-02-22 18:44:40.518112','2024-02-22 18:44:40.518112',NULL),(709,'a1rc3GTzZRjBCBOEuVqEIpQJ4O3Kkb',709,9,8,'2024-02-22 18:45:53.127669','2024-02-22 18:45:53.127669',NULL),(710,'bywnpNu47guuX05r15DbF18w6uOWT0',710,9,8,'2024-02-22 19:40:21.809413','2024-02-22 19:40:21.809413',NULL),(711,'czGNoihwPyuQLrGgUA7oLBugpU8Ddg',711,9,8,'2024-02-22 19:47:43.985613','2024-02-22 19:47:43.985613',NULL),(712,'gIjxhdt3t4rPmxpVIO38jxR5cVZup3',712,9,8,'2024-02-22 20:04:08.166894','2024-02-22 20:04:08.166894',NULL),(713,'cn8Aef11hlNAt2gVyAEUn9olWPCnn7',713,9,8,'2024-02-22 20:21:40.212018','2024-02-22 20:21:40.212018',NULL),(714,'2XZgFtoU39KQ6FM0mragVJ1a6KUF2A',714,9,8,'2024-02-22 20:27:39.694640','2024-02-22 20:27:39.694640',NULL),(715,'0eR8dg5TMcINHS3NrN3oU32MCoGA4k',715,9,8,'2024-02-22 20:42:29.522747','2024-02-22 20:42:29.522747',NULL),(716,'K83wYG35WolthRqLQvWlYlhPlobRP7',716,9,8,'2024-02-22 20:42:56.828199','2024-02-22 20:42:56.828199',NULL),(717,'sw5apIR9SI2Q7wprc2kOP4ZYjKLyfb',717,9,8,'2024-02-22 20:49:40.031551','2024-02-22 20:49:40.031551',NULL),(718,'EChuDRLVeVp7UFwo4XMyREJGjvgtks',718,9,8,'2024-02-23 06:48:02.362321','2024-02-23 06:48:02.362321',NULL),(719,'MSxDNca7He5nMVdH4yp2W3T2RS8kD4',719,9,8,'2024-02-23 06:57:46.434542','2024-02-23 06:57:46.434542',NULL),(720,'Ad0OiXxkVsUw53mPiiqvNG8V5AiqwF',720,9,8,'2024-02-23 07:01:38.505020','2024-02-23 07:01:38.505020',NULL),(721,'yxxo62oYw5WAewaHJ5HFRasl3AbOHd',721,9,8,'2024-02-23 07:12:42.750703','2024-02-23 07:12:42.750703',NULL),(722,'rIviphSUdwEhKhGiU3tez7OaCQpgB6',722,9,8,'2024-02-23 07:13:55.405846','2024-02-23 07:13:55.405846',NULL),(723,'j0Cv5KgLWpNmXxzewqPgmRj3ZenLWv',723,9,8,'2024-02-23 07:31:01.708368','2024-02-23 07:31:01.708368',NULL),(724,'nZZr37wNShlXgueUsASiffKBLOZIDr',724,9,8,'2024-02-23 07:51:34.010175','2024-02-23 07:51:34.010175',NULL),(725,'tkMdP0rZ1G54mktIVl5DPNGhs6zv1j',725,9,8,'2024-02-23 07:57:52.847588','2024-02-23 07:57:52.847588',NULL),(726,'snLuNv3m4gdclrHBOmFjpcBHApaEDG',726,9,8,'2024-02-23 08:14:27.551126','2024-02-23 08:14:27.551126',NULL),(727,'RdaHW0eByyxeFpDQ1rvaef4OFIKNRh',727,9,8,'2024-02-23 08:16:06.077999','2024-02-23 08:16:06.077999',NULL),(728,'FEJpD2bRmCTAD5fT9gWuMvSrZzMwAD',728,9,8,'2024-02-23 09:03:41.287470','2024-02-23 09:03:41.287470',NULL),(729,'fDcEzTsZaeTE6HVDFAaG0cPxvmOG3p',729,9,8,'2024-02-23 10:36:22.270692','2024-02-23 10:36:22.270692',NULL),(730,'uFmTlrPxfdlcMdHh24YuL86VSogeSv',730,9,8,'2024-02-24 16:26:37.395464','2024-02-24 16:26:37.395464',NULL),(731,'jGsj3UXg4tKMXdB9WfaNgAlfIBkYz6',731,9,8,'2024-02-24 16:30:24.791665','2024-02-24 16:30:24.791665',NULL),(732,'i7KUQhUFPsw7REgqbnJoo9ZnfflYwH',732,9,8,'2024-02-24 16:34:31.540187','2024-02-24 16:34:31.540187',NULL),(733,'Je4tR4IjtjqYXh6uMo0Uke2WTg4wyr',733,9,8,'2024-02-24 16:37:56.526154','2024-02-24 16:37:56.526154',NULL),(734,'AVA5Ek21B0yZ6kBmxv6FgBKKfagjqd',734,9,8,'2024-02-24 16:43:40.488244','2024-02-24 16:43:40.488244',NULL),(735,'GdqIGi9C5F4IcF3VSEiqicapKGH07f',735,9,8,'2024-02-24 16:45:01.495138','2024-02-24 16:45:01.495138',NULL),(736,'LfBLOBbRkXZM9BSAh3wiPd5oRraecV',736,9,8,'2024-02-24 16:46:22.772193','2024-02-24 16:46:22.772193',NULL),(737,'sw9nbRR3OUUqVLEj0qRja0oF6spEnS',737,9,8,'2024-02-24 16:47:51.043355','2024-02-24 16:47:51.043355',NULL),(738,'p0PvDJmNpvr2ROlpqM2LXDeFZn3bKq',738,9,8,'2024-02-24 16:51:37.927116','2024-02-24 16:51:37.927116',NULL),(739,'exRiL2VdLwPETmF881htQgbW0RLtbt',739,9,8,'2024-02-24 17:05:43.854371','2024-02-24 17:05:43.854371',NULL),(740,'9T7eSuBITP8aFlCI2ZeewGfPQa9E7p',740,9,8,'2024-02-24 17:07:54.361413','2024-02-24 17:07:54.361413',NULL),(741,'HScHn0j6KRW3SiJKHcJeWnlKP9qxeE',741,9,8,'2024-02-24 17:39:06.575241','2024-02-24 17:39:06.575241',NULL),(742,'6dnaVlop3IG1TyH2loo9O7YJscHI4w',742,9,8,'2024-02-24 17:51:18.651122','2024-02-24 17:51:18.651122',NULL),(743,'NNPDv3jUj9dtV9RNGK1YgQrIMy0EX2',743,9,8,'2024-02-24 18:07:33.519038','2024-02-24 18:07:33.519038',NULL),(744,'B2q8sMNr01S8am8WDlgi3uEYInqhui',744,9,8,'2024-02-24 18:38:32.617365','2024-02-24 18:38:32.618363',NULL),(745,'odCWb4UZH54uchUSVIkhnDLJYQ4rLP',745,9,8,'2024-02-24 19:16:30.583743','2024-02-24 19:16:30.583743',NULL),(746,'YFZIlDrqsDOwNMXkxB2T83jSc9Pa5E',746,9,8,'2024-02-24 19:18:08.380130','2024-02-24 19:18:08.380130',NULL),(747,'2x4u4ihRsM25eMSeVgzpX6uDhIQwYp',747,9,8,'2024-02-24 19:19:17.595908','2024-02-24 19:19:17.595908',NULL),(748,'6fiXUV2TR9sE6XMag7fraJzOYpeKhT',748,9,8,'2024-02-25 06:13:26.003500','2024-02-25 06:13:26.003500',NULL),(749,'4R21tg9rpAkmyz9M3kL42Ann6nSmY4',749,9,8,'2024-02-25 08:05:01.942571','2024-02-25 08:05:01.942571',NULL),(750,'eIqcvFBi92QPWT1kfpvjhzXvC4ZAoC',750,9,8,'2024-02-25 08:51:33.834446','2024-02-25 08:51:33.834446',NULL),(751,'MDuiJPRBDnaPqw1HcKmmG1j06XSTLz',751,9,8,'2024-02-25 08:53:12.393765','2024-02-25 08:53:12.393765',NULL),(752,'0eakk9M1q77EPgwwO9dTKIVMkzzIcU',752,9,8,'2024-02-25 08:54:16.403345','2024-02-25 08:54:16.403345',NULL),(753,'pSMxxXnbjb7o3llfEV9usaCgFKpXux',753,9,8,'2024-02-25 11:02:51.933131','2024-02-25 11:02:51.933131',NULL),(754,'KZVL2dvU2Y104k5TY76LcARY06Irac',754,9,8,'2024-02-25 11:04:59.062221','2024-02-25 11:04:59.062221',NULL),(755,'qaG12a2b6YPBAMxavyKBT2J4NiSlUm',755,9,8,'2024-02-25 11:05:45.821726','2024-02-25 11:05:45.821726',NULL),(756,'GmwyyI12WzTvEu3rcMMquvges8PSZD',756,9,8,'2024-02-25 13:43:05.340817','2024-02-25 13:43:05.340817',NULL),(757,'V6KKzbAQ8CEmvR2x4iLwIS62EcpARQ',757,9,8,'2024-02-25 13:47:58.181246','2024-02-25 13:47:58.181246',NULL),(758,'sVd9aGae5J7pEnyRynAOxe6KMVRh7B',758,9,6,'2024-02-25 13:57:07.787507','2024-02-25 13:57:07.787507',NULL),(759,'kUCkq8xAiBLE03nfZ4hnhXmk1ACxBm',759,9,6,'2024-02-25 14:02:57.809816','2024-02-25 14:02:57.809816',NULL),(760,'80CVWrGCT6Gti8MtDGiAG4TaVyXx28',760,9,8,'2024-02-25 14:04:11.712652','2024-02-25 14:04:11.712652',NULL),(761,'jaG5wgjgTjRgMuKEjSo7v8eaggnNdr',761,9,8,'2024-02-25 14:21:53.329472','2024-02-25 14:21:53.329472',NULL),(762,'9cwuiTHaFg2gvBZvGMYUbl1Mk0HnsR',762,9,8,'2024-02-25 14:21:54.899245','2024-02-25 14:21:54.899245',NULL),(763,'3bpTERNogLko84ZpbVTfJq0dr3PEoZ',763,9,8,'2024-02-25 14:21:55.377846','2024-02-25 14:21:55.377846',NULL),(764,'Sb7349xfD1RM5WOLgUVhY9zzXM29yT',764,9,8,'2024-02-25 14:21:56.414903','2024-02-25 14:21:56.414903',NULL),(765,'Tc88iKdY5cnl7kBQBVpQwLqkpepKPF',765,9,8,'2024-02-25 14:21:57.037967','2024-02-25 14:21:57.037967',NULL),(766,'QZK0YZ1PVrrNhwKuNhzO2Cf5tdFMd6',766,9,8,'2024-02-25 14:21:57.676663','2024-02-25 14:21:57.676663',NULL),(767,'bcXBfR3iTTIETGcd0mbhReE6toX9BB',767,9,8,'2024-02-25 14:21:58.404943','2024-02-25 14:21:58.404943',NULL),(768,'5bek1Hnuhx3sGDI83lrta7CZQR6y8v',768,9,8,'2024-02-25 14:21:59.054960','2024-02-25 14:21:59.054960',NULL),(769,'LgvWkstZzy3dCrF5szrrFy34AaoaZm',769,9,8,'2024-02-25 14:21:59.616995','2024-02-25 14:21:59.616995',NULL),(770,'akTHSvPY05l5jXkCtA2boy9eFiP4xF',770,9,8,'2024-02-25 14:21:59.698543','2024-02-25 14:21:59.698543',NULL),(771,'A4FDWziVlnvPbOjJwMMrJ5kVMsETp1',771,9,8,'2024-02-25 14:22:00.213910','2024-02-25 14:22:00.213910',NULL),(772,'uNGknAgm7xZvCdOigU3dtEIrmxzHC8',772,9,8,'2024-02-25 14:22:00.985995','2024-02-25 14:22:00.985995',NULL),(773,'w0JffySQJW1mnhuUdHzFUu1pm2Zi3M',773,9,8,'2024-02-25 14:22:01.489637','2024-02-25 14:22:01.489637',NULL),(774,'pkZIo3kaFtbjJOXI9Lw6aVTd8PHkLn',774,9,8,'2024-02-25 14:22:01.520816','2024-02-25 14:22:01.520816',NULL),(775,'KFfQhjvrUovK1dXt127N8XPSFpsRcN',775,9,8,'2024-02-25 14:22:29.888769','2024-02-25 14:22:29.888769',NULL),(776,'jMkzcHHiPZQ1zkoGHZfUaz2ygjGqsT',776,9,8,'2024-02-26 04:08:37.764222','2024-02-26 04:08:37.764222',NULL),(777,'WPxrrWIUzihHEmtqbesdpy5QQuQsyK',777,9,8,'2024-02-26 13:50:55.421232','2024-02-26 13:50:55.421232',NULL),(778,'B0b2nNy4Eh00jjIXZ7eER4NX1KBQvn',778,9,8,'2024-02-26 15:23:46.909464','2024-02-26 15:23:46.909464',NULL),(779,'VLuIF5QbJ6bKBXP2zGiyCLVppL5dMC',779,9,8,'2024-02-26 15:47:57.929821','2024-02-26 15:47:57.929821',NULL),(780,'9Cv9frdPV23Y6Y4qE3D9ZTUqAl69uI',780,9,8,'2024-02-26 15:49:58.225573','2024-02-26 15:49:58.225573',NULL),(781,'DclIllj8nwaodVypj7fnT5aHZJJ4NO',781,9,8,'2024-02-26 15:50:21.251155','2024-02-26 15:50:21.251155',NULL),(782,'aaHdN9YNE1iEB1Rgdj88zdmezkR9in',782,9,8,'2024-02-26 16:47:15.773654','2024-02-26 16:47:15.773654',NULL),(783,'YR3qfLHYYV2lpApYrStHbk3hHRn0gJ',783,9,8,'2024-02-26 18:50:44.913075','2024-02-26 18:50:44.913075',NULL),(784,'VuoEgiB6pBgIBl2mYyqfwWMVeM0yLe',784,9,8,'2024-02-26 18:57:00.573393','2024-02-26 18:57:00.573393',NULL),(785,'o7uhnIJo9pSNpGdT1XQ58ZcxzdXwWF',785,9,8,'2024-02-26 19:24:52.061156','2024-02-26 19:24:52.061156',NULL),(786,'mXsNxlL7ZU02j9hu4ady0vVgbZ2GEp',786,9,8,'2024-02-26 19:48:07.489815','2024-02-26 19:48:07.489815',NULL),(787,'nb7xYDXlzWdzBATnB3pblSFuxtTDjb',787,9,8,'2024-02-26 19:48:58.558241','2024-02-26 19:48:58.558241',NULL),(788,'4NXYPe2Aq3BQRFYYctNrz1nNR4CLS4',788,9,8,'2024-02-26 19:49:26.117962','2024-02-26 19:49:26.117962',NULL),(789,'yB0OP9rY0EiyZa7i4ycScLyIbLbUL9',789,9,8,'2024-02-26 19:52:45.693686','2024-02-26 19:52:45.693686',NULL),(790,'otyYKBGrCgBlDZZhfhd5s8Nj2nPSgy',790,9,8,'2024-02-26 19:59:00.107209','2024-02-26 19:59:00.107209',NULL),(791,'qPBTyyDydFgeqRFSApD4ZALnVqYTOI',791,9,8,'2024-02-26 19:59:30.733628','2024-02-26 19:59:30.733628',NULL),(792,'mxGpPOvJlCz18R58uuMJwFUeLHNNFt',792,9,8,'2024-02-26 20:01:06.779728','2024-02-26 20:01:06.779728',NULL),(793,'4d5NlUuEEFOyXRs6MuTucg9VPxoHOC',793,9,8,'2024-02-26 20:01:57.280046','2024-02-26 20:01:57.280046',NULL),(794,'AFHG0TGP2thpE68bSSCRuGZcGtFM5f',794,9,8,'2024-02-26 20:03:42.216238','2024-02-26 20:03:42.216238',NULL),(795,'JASB1107UxEHhd9toWIxQbuLWtCYOU',795,9,8,'2024-02-26 20:04:32.064256','2024-02-26 20:04:32.064256',NULL),(796,'Yzsmr4nfX8AuVfFD8630L4ylzTw8JY',796,9,8,'2024-02-26 20:05:26.452628','2024-02-26 20:05:26.452628',NULL),(797,'pytf4HiGC1lgic2lsHTQWPA0krMRef',797,9,8,'2024-02-26 20:07:38.801795','2024-02-26 20:07:38.801795',NULL),(798,'2DrVNmzIq2qG9drzrRCoVWmOiLxvTz',798,9,8,'2024-02-26 20:08:36.846890','2024-02-26 20:08:36.846890',NULL),(799,'Quarvzybp3FE7uW6vBFhqu70hFhvMS',799,9,8,'2024-02-26 20:09:07.407027','2024-02-26 20:09:07.407027',NULL),(800,'zyqy91lv0sOKnsmYTCRFEQMeRiZEay',800,9,8,'2024-02-26 20:11:38.176443','2024-02-26 20:11:38.176443',NULL),(801,'BrPZRQQMKb0LEDvl0vNqAFnow20UnD',801,9,8,'2024-02-26 20:13:57.011709','2024-02-26 20:13:57.011709',NULL),(802,'ZJDpCVWtM25tFG5zZ1ngTBWpFVFe7h',802,9,8,'2024-02-26 20:14:37.880080','2024-02-26 20:14:37.880080',NULL),(803,'saL6woX2SB6LglTRTmaQ7w01LJOMl9',803,9,8,'2024-02-26 20:16:04.033810','2024-02-26 20:16:04.033810',NULL),(804,'YUbjwkctaIWCs8naqQ09ult692rJ9z',804,9,8,'2024-02-26 20:23:49.722830','2024-02-26 20:23:49.722830',NULL),(805,'gJVy2KaSFkPRo53Vppsa0XaA0aUhdN',805,9,8,'2024-02-26 20:28:10.902083','2024-02-26 20:28:10.902083',NULL),(806,'7DgJoCktojT8jFbsiXaK4VEb0ajcwk',806,9,8,'2024-02-26 20:28:53.915991','2024-02-26 20:28:53.915991',NULL),(807,'7sa3KCDh8e3NqoisyMHsL1eNf4N7o3',807,9,6,'2024-02-26 20:36:38.005018','2024-02-26 20:36:38.005018',NULL),(808,'7HE4WFYEbyI7i2mybHCmpZaFGrUx8e',808,9,6,'2024-02-26 20:37:32.907721','2024-02-26 20:37:32.907721',NULL),(809,'WbHqN8VSNMGWghZhDu5kgrMaY7tjP8',809,9,8,'2024-02-27 16:43:01.253021','2024-02-27 16:43:01.253021',NULL),(810,'NVrpc7KuaHex4mlrxrjw22QaWydFNu',810,9,8,'2024-02-27 16:43:56.494070','2024-02-27 16:43:56.494070',NULL),(811,'Egf44b2SmgH5PrV7gRIRq0udHWZbl4',811,9,6,'2024-02-27 17:11:24.343953','2024-02-27 17:11:24.343953',NULL),(812,'BQdNffA6uWT8pIBmX2ilva3ruLTkQy',812,9,6,'2024-02-27 17:12:20.486130','2024-02-27 17:12:20.486130',NULL),(813,'4NnsbsJzLOErVp8B2qJrtrLCFWOxPP',813,9,6,'2024-02-27 17:13:23.586439','2024-02-27 17:13:23.586439',NULL),(814,'6chy4NBD652k2WJtaSuLXraGNNdnAo',814,9,6,'2024-02-27 17:57:51.171959','2024-02-27 17:57:51.171959',NULL),(815,'XjzNovcEbQXdbcYK7cXNS1baJaHjg8',815,9,8,'2024-02-27 17:58:04.058059','2024-02-27 17:58:04.058059',NULL),(816,'A8ZR1R7e0IiGMtbzwbtpKhha8ERpTb',816,9,8,'2024-02-27 18:06:23.152857','2024-02-27 18:06:23.152857',NULL),(817,'iA33XhxwQHxgyXmM3GZb5LS9Wrmpf6',817,9,8,'2024-02-27 18:08:19.326710','2024-02-27 18:08:19.326710',NULL),(818,'tMkVTNI8liV8XKl5zHORnDV5sZZSkM',818,9,8,'2024-02-27 18:11:29.038886','2024-02-27 18:11:29.038886',NULL),(819,'YeNthc0ua3M5XTU9WhEFTnIOjzw00D',819,9,8,'2024-02-27 20:14:13.615367','2024-02-27 20:14:13.616362',NULL),(820,'A5VLIVl0HLfbkRiKujHSWRBPO1x3ma',820,9,8,'2024-02-27 20:16:24.824904','2024-02-27 20:16:24.824904',NULL),(821,'SW8tNNOgpWG2PRzHbPBd5znKZn4na5',821,9,8,'2024-02-27 20:16:53.781111','2024-02-27 20:16:53.781111',NULL),(822,'X1gn5wHQvOXOFYQTNmHHQpbGtBFSPR',822,9,8,'2024-02-27 20:17:56.168945','2024-02-27 20:17:56.168945',NULL),(823,'nKDbM7pzbCe0IUModQasRWDeKryWnX',823,9,8,'2024-02-27 20:19:23.705323','2024-02-27 20:19:23.705323',NULL),(824,'Da3IEC2BsYGUA93KWHV2e6hMF0Sl6H',824,9,8,'2024-02-27 20:20:21.205375','2024-02-27 20:20:21.206357',NULL),(825,'BJmwJXWaqY14uLDgThTZnCrI6zCz93',825,9,8,'2024-02-27 20:27:54.438882','2024-02-27 20:27:54.438882',NULL),(826,'CMC05AjjqrVTepNzaDJrWmKFy3FpRS',826,9,8,'2024-02-27 20:35:18.179980','2024-02-27 20:35:18.179980',NULL),(827,'nIpsol31w5hAsgwCVi7MfaNXOq31cE',827,9,8,'2024-02-27 20:37:14.306485','2024-02-27 20:37:14.306485',NULL),(828,'97fU9k9cqJjFJPKKLifQYLaNqOog4B',828,9,8,'2024-02-28 12:20:24.819023','2024-02-28 12:20:24.819023',NULL),(829,'uSFwgWGiaZFfQwgpaKhKsCpGtFUYGw',829,9,6,'2024-02-28 12:20:48.606804','2024-02-28 12:20:48.606804',NULL),(830,'Cv4vpa6yih5n1t9HGU6KEMCwfxIFI6',830,9,6,'2024-02-28 12:33:49.674229','2024-02-28 12:33:49.674229',NULL),(831,'HuLNcb4EtDU4rB7lHLtyN7zC4cfhMs',831,9,6,'2024-02-28 12:36:33.468157','2024-02-28 12:36:33.468157',NULL),(832,'y3mz59N4C0tOrBw3ubV7AGLrfiRrQc',832,9,6,'2024-02-28 12:37:52.445103','2024-02-28 12:37:52.445103',NULL),(833,'AyuE4kekxy5lkTM03R7euXFbsiz7EM',833,9,6,'2024-02-28 12:38:52.773120','2024-02-28 12:38:52.773120',NULL),(834,'QgtvaXtqtx1YWxIym0fwr4T049eeY2',834,9,6,'2024-02-28 12:40:46.903319','2024-02-28 12:40:46.903319',NULL),(835,'ry7B6SNe6A7i6EUAt0mUy7AHJcDvBA',835,9,6,'2024-02-28 12:44:54.350830','2024-02-28 12:44:54.350830',NULL),(836,'7rcEiDBiu11ApPKVFnUUGEfFK8wr0Z',836,9,6,'2024-02-28 12:46:09.769480','2024-02-28 12:46:09.769480',NULL),(837,'A2wkPCrXeoObtAcAKUmdInBiGIELSL',837,9,6,'2024-02-28 12:47:20.432517','2024-02-28 12:47:20.432517',NULL),(838,'LxG4yHnIpgCAx1KxPpnxAyjd2ImhOY',838,9,6,'2024-02-28 12:48:46.512330','2024-02-28 12:48:46.512330',NULL),(839,'IfE3QNz4F8Qa0sWDljV0zyMotdh0GA',839,9,6,'2024-02-28 12:50:13.718000','2024-02-28 12:50:13.718000',NULL),(840,'hVeCK6OJx5BNgzeg5cyqe3mc10v9Re',840,9,6,'2024-02-28 12:52:08.434531','2024-02-28 12:52:08.434531',NULL),(841,'rX3FHaVy2a0X9A8AjjFh7AP9dUIWTx',841,9,6,'2024-02-28 13:09:34.693084','2024-02-28 13:09:34.693084',NULL),(842,'dq0recbHmwReTV8ZW0EW6FS2PUG77E',842,9,6,'2024-02-28 13:10:14.394105','2024-02-28 13:10:14.394105',NULL),(843,'IXdNntassjHTvCPlCEnoRBAM1wT1s6',843,9,6,'2024-02-28 13:12:42.585207','2024-02-28 13:12:42.585207',NULL),(844,'km1m3YYKa0B5R28xbTW2nWHlTCGWRQ',844,9,6,'2024-02-28 13:14:35.123539','2024-02-28 13:14:35.123539',NULL),(845,'uAfJV6017LFPH2iWyfy30InXmjTlUp',845,9,6,'2024-02-28 13:14:43.443535','2024-02-28 13:14:43.443535',NULL),(846,'Kn2hUIOCI2knHx45BhSf7NKUeBPLYJ',846,9,6,'2024-02-28 13:15:58.040195','2024-02-28 13:15:58.040195',NULL),(847,'8DSzEWjH9VckUMVgyEHV35eTs8FFSt',847,9,6,'2024-02-28 13:17:21.778357','2024-02-28 13:17:21.778357',NULL),(848,'eHa4DtqhIj7tzfFmHB6hfTjxKeh5j6',848,9,6,'2024-02-28 13:18:04.367384','2024-02-28 13:18:04.367384',NULL),(849,'35qS9IEO2xHmXuYUWdZNdVyK87bjEN',849,9,6,'2024-02-28 13:18:40.780046','2024-02-28 13:18:40.780046',NULL),(850,'5yFb0T6A4bJlXfpCrnPI9Gaxo6yFOx',850,9,6,'2024-02-28 13:23:42.389503','2024-02-28 13:23:42.389503',NULL),(851,'dI55uJvzl6Y6e1x2SWhXJDU0cBdDPj',851,9,6,'2024-02-28 13:25:11.101247','2024-02-28 13:25:11.101247',NULL),(852,'2K2hwcvunCyQiHkrnQfP1gzv7an1jS',852,9,6,'2024-02-28 13:26:08.383185','2024-02-28 13:26:08.383185',NULL),(853,'KcsMJirui5Qz3GA8IJKHd3aHUpEj8E',853,9,6,'2024-02-28 13:27:23.410449','2024-02-28 13:27:23.410449',NULL),(854,'DhD5iUyQ2y59fgUkl6YlTAhngBCM5W',854,9,6,'2024-02-28 13:28:01.661145','2024-02-28 13:28:01.661145',NULL),(855,'DPFnCiYo72eDQQ0LPFkM94S0222qD3',855,9,6,'2024-02-28 13:33:52.498139','2024-02-28 13:33:52.498139',NULL),(856,'aLz06DDiHL77HMJuifrPgSQXd4KgFm',856,9,6,'2024-02-28 13:34:24.109112','2024-02-28 13:34:24.109112',NULL),(857,'bxicCtr3CthEh3qOHF5mInra42q2gp',857,9,6,'2024-02-28 13:38:56.397108','2024-02-28 13:38:56.397108',NULL),(858,'7hiFxtWzsj64s89XY7Wc2eEicRTluP',858,9,6,'2024-02-28 13:40:32.003530','2024-02-28 13:40:32.003530',NULL),(859,'QphLwKvSuQ6Ar6EkcArkfyYakTA816',859,9,6,'2024-02-28 13:41:19.804263','2024-02-28 13:41:19.804263',NULL),(860,'NpyaCZcHOtnIsE6Ej2Xe240pwezUmF',860,9,6,'2024-02-28 13:46:54.213335','2024-02-28 13:46:54.213335',NULL),(861,'K3ZLmyd5fZyoJfVfdAGbK0P5EdOeLh',861,9,6,'2024-02-28 13:48:14.271002','2024-02-28 13:48:14.272508',NULL),(862,'oGgyi7lMJsQRhU9GUSXOOrsTtGKdvr',862,9,6,'2024-02-28 13:48:57.182108','2024-02-28 13:48:57.182108',NULL),(863,'9Fj0nLPDWh3AE6QsW0z9mOSUFUmNTZ',863,9,6,'2024-02-28 13:49:07.454230','2024-02-28 13:49:07.454230',NULL),(864,'Kb97nvrPWilkU8T7XqxrfDQ0UU1Kb5',864,9,6,'2024-02-28 13:49:19.057183','2024-02-28 13:49:19.057183',NULL),(865,'cEPZHoqNgrNu5jVMsCJ4BvHJppU1bY',865,9,6,'2024-02-28 13:50:07.631435','2024-02-28 13:50:07.631435',NULL),(866,'GKhghWj14a41YwJZFeYYsxmtM6xoap',866,9,6,'2024-02-28 13:50:17.581212','2024-02-28 13:50:17.581212',NULL),(867,'NoNalR34CyH6CvM57bGeh22KStxCEB',867,9,6,'2024-02-28 13:50:32.484339','2024-02-28 13:50:32.484339',NULL),(868,'9F4Z3Ua6ZiFflUUgo759L2fKeNLeKu',868,9,6,'2024-02-28 13:50:50.523522','2024-02-28 13:50:50.523522',NULL),(869,'DQXWfQIvsowsdAtPqMtWG1NgNt3f6a',869,9,6,'2024-02-28 13:51:05.970534','2024-02-28 13:51:05.970534',NULL),(870,'ZHMe37wdusJfd5Ujm0ZFavqX2hZApN',870,9,6,'2024-02-28 13:52:48.483269','2024-02-28 13:52:48.483269',NULL),(871,'5oqlWOfRU06ifrw8kMAFfTIuyFLHUv',871,9,6,'2024-02-28 13:54:15.006254','2024-02-28 13:54:15.006254',NULL),(872,'FP7HLSy4a0Ouavd1fSvaPy8hVb0aAk',872,9,6,'2024-02-28 13:54:36.586469','2024-02-28 13:54:36.586469',NULL),(873,'jHikSboPIVWfarQpIbsJvPxQt9Nnmz',873,9,6,'2024-02-28 13:55:47.007685','2024-02-28 13:55:47.007685',NULL),(874,'iSr1FVy4K7o25NY00x8G7q2Nppdwps',874,9,6,'2024-02-28 14:01:36.801334','2024-02-28 14:01:36.801334',NULL),(875,'CCTdICnjVpftNwEmjpxQRsiTUe77aR',875,9,6,'2024-02-28 14:03:19.802244','2024-02-28 14:03:19.802244',NULL),(876,'aqpbBcv51uq7L4QHFrAe8KjPM8SJb3',876,9,6,'2024-02-28 14:04:14.425939','2024-02-28 14:04:14.425939',NULL),(877,'RgtbXGuHQ92hgabLJhOSbJyTUfQC2Z',877,9,6,'2024-02-28 14:04:25.070816','2024-02-28 14:04:25.070816',NULL),(878,'PgP9puu3O00S4wJCXflZWwfQF8TPkT',878,9,6,'2024-02-28 14:05:43.155749','2024-02-28 14:05:43.155749',NULL),(879,'sAEocPaCIzDzZmFYCbgp6YsaUeWkPr',879,9,6,'2024-02-28 14:05:52.338205','2024-02-28 14:05:52.338205',NULL),(880,'RSgQcRpU6AxN7axZ96a8WzFPKd8JAK',880,9,6,'2024-02-28 14:06:03.457432','2024-02-28 14:06:03.457432',NULL),(881,'q2yKh4A7mALc7OOsxk30N9JkMFZKNx',881,9,6,'2024-02-28 14:06:16.259412','2024-02-28 14:06:16.259412',NULL),(882,'Lq0FGwnfyOOjs7vfSQouxzPEVUlqb7',882,9,6,'2024-02-28 14:06:52.159938','2024-02-28 14:06:52.159938',NULL),(883,'ruJk67uYlSTbxpeoVk1lqWAAXSADHw',883,9,6,'2024-02-28 14:07:09.170201','2024-02-28 14:07:09.170201',NULL),(884,'4ixlJ1hH2egsydSXnpZ7BgXjTTnXMS',884,9,6,'2024-02-28 14:07:42.473690','2024-02-28 14:07:42.473690',NULL),(885,'upIEI1xk9JLWbzn9bKFOfu6haxp69Y',885,9,6,'2024-02-28 14:07:54.350253','2024-02-28 14:07:54.350253',NULL),(886,'zRYV0ACcIftmt8CJLXXIFQhhI7AqLi',886,9,6,'2024-02-28 14:08:07.035410','2024-02-28 14:08:07.035410',NULL),(887,'hIDeb3tCsLf2kbEBOXWusHSW6l7279',887,9,6,'2024-02-28 14:08:27.771633','2024-02-28 14:08:27.771633',NULL),(888,'4AvEuQ0MVmBXTgul1MMotIVNBjggsj',888,9,6,'2024-02-28 14:08:48.309403','2024-02-28 14:08:48.309403',NULL),(889,'ooI6bB89rJxAmLOQ2vYUTTZcZEj7qv',889,9,6,'2024-02-28 14:10:05.047757','2024-02-28 14:10:05.047757',NULL),(890,'3AIYS2rTe31X6Hi7V0iqsFnY3idiu9',890,9,6,'2024-02-28 14:11:23.840224','2024-02-28 14:11:23.840224',NULL),(891,'Z0kAfPdEsa5DlNMLgTj4iRVDvgbADg',891,9,6,'2024-02-28 14:12:28.698795','2024-02-28 14:12:28.698795',NULL),(892,'xTLmW3WcnqD0ut0P0HxCKhp3HhoFmc',892,9,6,'2024-02-28 14:15:19.112376','2024-02-28 14:15:19.112376',NULL),(893,'I9B4pDJbxw4sCa6nZDIpSf4Q3lA3Rv',893,9,6,'2024-02-28 14:17:26.053940','2024-02-28 14:17:26.053940',NULL),(894,'iks9bwm959dFk0wEoWxjBnfvaj6sD7',894,9,8,'2024-02-28 15:38:13.757102','2024-02-28 15:38:13.757102',NULL),(895,'43jT7YCgS5zcsTePS7ASaNpP2n1CdC',895,9,8,'2024-02-28 15:53:04.668716','2024-02-28 15:53:04.669721',NULL),(896,'g58DvFvDFLiMHVePRpj6eS4aA6mli4',896,9,8,'2024-02-28 15:54:50.045708','2024-02-28 15:54:50.045708',NULL),(897,'ucrqm6vx2sj15uUGk5npZiQAlkLRpK',897,9,6,'2024-02-28 16:14:44.166792','2024-02-28 16:14:44.166792',NULL),(898,'pl7neYq13ZJro7hCZJypEN08TJEUZ0',898,9,8,'2024-02-28 16:15:08.427569','2024-02-28 16:15:08.427569',NULL),(899,'3TzWvNlXdvZvDcOwQJiwz5uEfquGXy',899,9,8,'2024-02-28 16:50:03.566337','2024-02-28 16:50:03.566337',NULL),(900,'PBdDNcrvlKH87CEUG30VT5d3qal07V',900,9,8,'2024-02-28 16:58:39.524732','2024-02-28 16:58:39.524732',NULL),(901,'BOEgTHaoMsZVwK1aRntoPnsYjEPyrm',901,9,8,'2024-02-28 18:10:15.291258','2024-02-28 18:10:15.291258',NULL),(902,'hrvsAPt2SELh1SZH5X42uRC0ke39Jz',902,9,8,'2024-02-28 18:12:56.430753','2024-02-28 18:12:56.431751',NULL),(903,'j051zqSgWttuDxKH9nTifdMOZAOx7Q',903,9,8,'2024-02-28 18:26:33.242502','2024-02-28 18:26:33.242502',NULL),(904,'ojngQuU5uWxPEYeYGqSQesS2oLeHVF',904,9,6,'2024-02-28 18:29:29.788014','2024-02-28 18:29:29.788014',NULL),(905,'fozIYLiXggcpMmrGdpgg7BN73y8bmd',905,9,6,'2024-02-28 18:54:20.337038','2024-02-28 18:54:20.338036',NULL),(906,'PPdhzLpfWWsLSEP0i7x9nKo11EJNHh',906,9,8,'2024-02-28 18:55:12.869001','2024-02-28 18:55:12.869001',NULL),(907,'hvkY4npcTI6z85qednYi7BSr3AJM8r',907,9,8,'2024-02-28 18:56:26.872360','2024-02-28 18:56:26.872360',NULL),(908,'CgY72rJlt9W84GyJ5wxbQTwWz7KkIT',908,9,8,'2024-02-28 19:17:02.583923','2024-02-28 19:17:02.583923',NULL),(909,'wP2EvVa9dkAx6mVNGLnHDaHSYKUKlH',909,9,8,'2024-02-28 19:17:48.047325','2024-02-28 19:17:48.047325',NULL),(910,'pKAwc7PfcBeiJi903qMfgvhGKIO7PJ',910,9,8,'2024-02-28 19:18:08.356215','2024-02-28 19:18:08.356215',NULL),(911,'QMoI6XpPBLAhxiYMN0oyCxKtVZtIxE',911,9,6,'2024-02-28 19:54:06.926932','2024-02-28 19:54:06.927963',NULL),(912,'YMyHztv2N52CJf4Zvy3JxX2sqpT8zi',912,9,6,'2024-02-28 19:54:51.235612','2024-02-28 19:54:51.235612',NULL),(913,'A1O4bXRDwbXYKzIuTKVW2Onkmz47au',913,9,6,'2024-02-28 19:55:32.890936','2024-02-28 19:55:32.890936',NULL),(914,'Ps95EeBQTK0RZ4qFAdBKmIgtqAJbbA',914,9,6,'2024-02-28 19:58:21.166616','2024-02-28 19:58:21.166616',NULL),(915,'uoDNc8J7gDFefSPMW2Wii7XjgAmSNN',915,9,6,'2024-02-28 20:03:36.376828','2024-02-28 20:03:36.377828',NULL),(916,'ghUJfiUT7MAg9Lo4qeHvNFcuDbWw4T',916,9,6,'2024-02-28 20:05:19.907760','2024-02-28 20:05:19.907760',NULL),(917,'x0KUFdThaYjZQ5jxgRkbrqymoEB2FR',917,9,8,'2024-02-28 20:06:23.158933','2024-02-28 20:06:23.158933',NULL),(918,'dHrJojexcL5KdvBVf60sTijSQUqTCd',918,9,8,'2024-02-28 20:06:58.337159','2024-02-28 20:06:58.337159',NULL),(919,'y7q0BtjkWPHquc7DmW8Sl4ANabyKy2',919,9,8,'2024-02-28 20:24:14.486154','2024-02-28 20:24:14.486154',NULL),(920,'wY9cLXCM0qocT6iqoI8SwP1EHBJU7u',920,9,8,'2024-02-28 20:34:25.225041','2024-02-28 20:34:25.225041',NULL),(921,'0RPiwCE9g3T56gbSGBm3yhcdqwQvLw',921,9,8,'2024-02-28 20:39:17.053749','2024-02-28 20:39:17.053749',NULL),(922,'cIPJmebgmdnKy55r1Ezg35XNFNq8ph',922,9,8,'2024-02-28 21:11:02.347365','2024-02-28 21:11:02.347365',NULL),(923,'Mc5kcJ404redkWNiQc5Acv9x0Rzaqn',923,9,9,'2024-02-28 21:31:16.064483','2024-02-28 21:31:16.064483',NULL),(924,'jnOaidDrKa2EXzXuO2VyAIBM7hi1LD',924,9,9,'2024-02-28 21:32:06.943785','2024-02-28 21:32:06.943785',NULL),(925,'qdwtD5eLZghWayZYoNh0aQ7M8ETjJf',925,9,9,'2024-02-28 21:32:31.087232','2024-02-28 21:32:31.087232',NULL),(926,'cjdvTfGfz9nqNJuCVPhDRwIiRJNAF4',926,9,9,'2024-02-28 21:34:36.185291','2024-02-28 21:34:36.185291',NULL),(927,'oN7ird2BkeHbLUTYethK1Cni0eztha',927,9,9,'2024-02-28 21:36:33.601479','2024-02-28 21:36:33.601479',NULL),(928,'mwv4XkF8AsUiWFCUFQrUdYs0Q4xwrX',928,9,9,'2024-02-28 21:41:09.586538','2024-02-28 21:41:09.586538',NULL),(929,'gV1GX8qSbw0YcO8w8yJkDWpzQa9n9F',929,9,9,'2024-02-28 21:45:48.922647','2024-02-28 21:45:48.922647',NULL),(930,'dfBTXI1f56If7vyTTxmCW4kKRdO97w',930,9,8,'2024-02-28 21:46:14.058921','2024-02-28 21:46:14.058921',NULL),(931,'5cm6SSF8dUKVkI8xP9ki9s2gaIQ7EQ',931,9,8,'2024-02-28 21:54:34.198893','2024-02-28 21:54:34.198893',NULL);
/*!40000 ALTER TABLE `oauth2_provider_refreshtoken` ENABLE KEYS */;
UNLOCK TABLES;
/*!40103 SET TIME_ZONE=@OLD_TIME_ZONE */;

/*!40101 SET SQL_MODE=@OLD_SQL_MODE */;
/*!40014 SET FOREIGN_KEY_CHECKS=@OLD_FOREIGN_KEY_CHECKS */;
/*!40014 SET UNIQUE_CHECKS=@OLD_UNIQUE_CHECKS */;
/*!40101 SET CHARACTER_SET_CLIENT=@OLD_CHARACTER_SET_CLIENT */;
/*!40101 SET CHARACTER_SET_RESULTS=@OLD_CHARACTER_SET_RESULTS */;
/*!40101 SET COLLATION_CONNECTION=@OLD_COLLATION_CONNECTION */;
/*!40111 SET SQL_NOTES=@OLD_SQL_NOTES */;

-- Dump completed on 2024-02-29  5:01:00
